[2026-06-26T06:54:05Z] auto_inscribe.py — starting run
[2026-06-26T06:54:05Z]   → wrote to current.md
[2026-06-26T06:54:05Z]   → mirrored to ER/active_knowledge/current.md
[2026-06-26T06:54:05Z] Scratchpad: inscribed entries to memory files
[2026-06-26T06:54:05Z] Voice log: 11892 new lines → voice_inscriptions_pending.md
[2026-06-26T06:54:05Z] auto_inscribe.py — run complete
[2026-06-26T06:59:05Z] auto_inscribe.py — starting run
[2026-06-26T06:59:05Z] auto_inscribe.py — run complete
[2026-06-26T07:04:05Z] auto_inscribe.py — starting run
[2026-06-26T07:04:05Z] auto_inscribe.py — run complete
[2026-06-26T07:09:05Z] auto_inscribe.py — starting run
[2026-06-26T07:09:05Z] auto_inscribe.py — run complete
[2026-06-26T07:14:05Z] auto_inscribe.py — starting run
[2026-06-26T07:14:05Z] auto_inscribe.py — run complete
[2026-06-26T07:19:05Z] auto_inscribe.py — starting run
[2026-06-26T07:19:05Z] auto_inscribe.py — run complete
[2026-06-26T07:24:05Z] auto_inscribe.py — starting run
[2026-06-26T07:24:05Z]   → wrote to current.md
[2026-06-26T07:24:05Z]   → mirrored to ER/active_knowledge/current.md
[2026-06-26T07:24:05Z]   → wrote to current.md
[2026-06-26T07:24:05Z]   → mirrored to ER/active_knowledge/current.md
[2026-06-26T07:24:05Z] Scratchpad: inscribed entries to memory files
[2026-06-26T07:24:05Z] auto_inscribe.py — run complete
[2026-06-26T07:29:05Z] auto_inscribe.py — starting run
[2026-06-26T07:29:05Z]   → wrote to current.md
[2026-06-26T07:29:05Z]   → mirrored to ER/active_knowledge/current.md
[2026-06-26T07:29:05Z] Scratchpad: inscribed entries to memory files
[2026-06-26T07:29:05Z] auto_inscribe.py — run complete
[2026-06-26T07:34:06Z] auto_inscribe.py — starting run
[2026-06-26T07:34:06Z] Twin exchange [cowork] → current.md
[2026-06-26T07:34:06Z]   → graph warmed: auto-inscribe, macbook pro, twin exchange, graph
[2026-06-26T07:34:06Z] Twin exchange: entries inscribed
[2026-06-26T07:34:06Z] auto_inscribe.py — run complete
[2026-06-26T07:39:06Z] auto_inscribe.py — starting run
[2026-06-26T07:39:06Z] auto_inscribe.py — run complete
[2026-06-26T07:44:06Z] auto_inscribe.py — starting run
[2026-06-26T07:44:06Z]   → wrote to current.md
[2026-06-26T07:44:06Z]   → mirrored to ER/active_knowledge/current.md
[2026-06-26T07:44:06Z]   → graph warmed: auto-inscribe, qwen, twin exchange, graph
[2026-06-26T07:44:06Z] Scratchpad: inscribed entries to memory files
[2026-06-26T07:44:06Z] auto_inscribe.py — run complete
[2026-06-26T07:49:06Z] auto_inscribe.py — starting run
[2026-06-26T07:49:06Z] auto_inscribe.py — run complete
[2026-06-26T07:54:06Z] auto_inscribe.py — starting run
[2026-06-26T07:54:06Z] auto_inscribe.py — run complete
[2026-06-26T07:59:06Z] auto_inscribe.py — starting run
[2026-06-26T07:59:06Z] auto_inscribe.py — run complete
[2026-06-26T08:04:06Z] auto_inscribe.py — starting run
[2026-06-26T08:04:06Z] auto_inscribe.py — run complete
[2026-06-26T08:09:06Z] auto_inscribe.py — starting run
[2026-06-26T08:09:06Z] auto_inscribe.py — run complete
[2026-06-26T08:14:06Z] auto_inscribe.py — starting run
[2026-06-26T08:14:06Z]   → wrote to current.md
[2026-06-26T08:14:06Z]   → mirrored to ER/semantic_knowledge/current.md
[2026-06-26T08:14:06Z] Scratchpad: inscribed entries to memory files
[2026-06-26T08:14:06Z] auto_inscribe.py — run complete
[2026-06-26T08:19:06Z] auto_inscribe.py — starting run
[2026-06-26T08:19:06Z] Voice log: 245 new lines → voice_inscriptions_pending.md
[2026-06-26T08:19:06Z] auto_inscribe.py — run complete
[2026-06-26T08:24:07Z] auto_inscribe.py — starting run
[2026-06-26T08:24:07Z] Voice log: 53 new lines → voice_inscriptions_pending.md
[2026-06-26T08:24:07Z] auto_inscribe.py — run complete
[2026-06-26T08:29:07Z] auto_inscribe.py — starting run
[2026-06-26T08:29:07Z] auto_inscribe.py — run complete
[2026-06-26T08:34:07Z] auto_inscribe.py — starting run
[2026-06-26T08:34:07Z] auto_inscribe.py — run complete
[2026-06-26T08:39:07Z] auto_inscribe.py — starting run
[2026-06-26T08:39:07Z] auto_inscribe.py — run complete
[2026-06-26T08:44:07Z] auto_inscribe.py — starting run
[2026-06-26T08:44:07Z] auto_inscribe.py — run complete
[2026-06-26T08:49:07Z] auto_inscribe.py — starting run
[2026-06-26T08:49:07Z] auto_inscribe.py — run complete
[2026-06-26T08:54:07Z] auto_inscribe.py — starting run
[2026-06-26T08:54:07Z] auto_inscribe.py — run complete
[2026-06-26T08:59:07Z] auto_inscribe.py — starting run
[2026-06-26T08:59:07Z] auto_inscribe.py — run complete
[2026-06-26T09:04:07Z] auto_inscribe.py — starting run
[2026-06-26T09:04:07Z] auto_inscribe.py — run complete
[2026-06-26T09:09:08Z] auto_inscribe.py — starting run
[2026-06-26T09:09:08Z] auto_inscribe.py — run complete
[2026-06-26T09:14:08Z] auto_inscribe.py — starting run
[2026-06-26T09:14:08Z] auto_inscribe.py — run complete
[2026-06-26T09:19:08Z] auto_inscribe.py — starting run
[2026-06-26T09:19:08Z] auto_inscribe.py — run complete
[2026-06-26T09:24:08Z] auto_inscribe.py — starting run
[2026-06-26T09:24:08Z] auto_inscribe.py — run complete
[2026-06-26T09:29:08Z] auto_inscribe.py — starting run
[2026-06-26T09:29:08Z] auto_inscribe.py — run complete
[2026-06-26T09:34:08Z] auto_inscribe.py — starting run
[2026-06-26T09:34:08Z] auto_inscribe.py — run complete
[2026-06-26T09:39:08Z] auto_inscribe.py — starting run
[2026-06-26T09:39:08Z] auto_inscribe.py — run complete
[2026-06-26T09:44:08Z] auto_inscribe.py — starting run
[2026-06-26T09:44:08Z] auto_inscribe.py — run complete
[2026-06-26T09:49:08Z] auto_inscribe.py — starting run
[2026-06-26T09:49:08Z] auto_inscribe.py — run complete
[2026-06-26T09:54:09Z] auto_inscribe.py — starting run
[2026-06-26T09:54:09Z] auto_inscribe.py — run complete
[2026-06-26T09:59:09Z] auto_inscribe.py — starting run
[2026-06-26T09:59:09Z] auto_inscribe.py — run complete
[2026-06-26T10:04:09Z] auto_inscribe.py — starting run
[2026-06-26T10:04:09Z] auto_inscribe.py — run complete
[2026-06-26T10:09:09Z] auto_inscribe.py — starting run
[2026-06-26T10:09:09Z] auto_inscribe.py — run complete
[2026-06-26T10:14:09Z] auto_inscribe.py — starting run
[2026-06-26T10:14:09Z] auto_inscribe.py — run complete
[2026-06-26T10:19:09Z] auto_inscribe.py — starting run
[2026-06-26T10:19:09Z] auto_inscribe.py — run complete
[2026-06-26T10:24:09Z] auto_inscribe.py — starting run
[2026-06-26T10:24:09Z] auto_inscribe.py — run complete
[2026-06-26T10:29:09Z] auto_inscribe.py — starting run
[2026-06-26T10:29:09Z] auto_inscribe.py — run complete
[2026-06-26T10:34:09Z] auto_inscribe.py — starting run
[2026-06-26T10:34:09Z] auto_inscribe.py — run complete
[2026-06-26T10:39:10Z] auto_inscribe.py — starting run
[2026-06-26T10:39:10Z] auto_inscribe.py — run complete
[2026-06-26T10:44:10Z] auto_inscribe.py — starting run
[2026-06-26T10:44:10Z] auto_inscribe.py — run complete
[2026-06-26T10:49:10Z] auto_inscribe.py — starting run
[2026-06-26T10:49:10Z] auto_inscribe.py — run complete
[2026-06-26T10:54:10Z] auto_inscribe.py — starting run
[2026-06-26T10:54:10Z] auto_inscribe.py — run complete
[2026-06-26T10:59:10Z] auto_inscribe.py — starting run
[2026-06-26T10:59:10Z] auto_inscribe.py — run complete
[2026-06-26T11:04:10Z] auto_inscribe.py — starting run
[2026-06-26T11:04:10Z] auto_inscribe.py — run complete
[2026-06-26T11:09:10Z] auto_inscribe.py — starting run
[2026-06-26T11:09:10Z] auto_inscribe.py — run complete
[2026-06-26T11:14:10Z] auto_inscribe.py — starting run
[2026-06-26T11:14:10Z] auto_inscribe.py — run complete
[2026-06-26T11:19:10Z] auto_inscribe.py — starting run
[2026-06-26T11:19:10Z] auto_inscribe.py — run complete
[2026-06-26T11:24:11Z] auto_inscribe.py — starting run
[2026-06-26T11:24:11Z] auto_inscribe.py — run complete
[2026-06-26T11:29:11Z] auto_inscribe.py — starting run
[2026-06-26T11:29:11Z] auto_inscribe.py — run complete
[2026-06-26T11:34:11Z] auto_inscribe.py — starting run
[2026-06-26T11:34:11Z] auto_inscribe.py — run complete
[2026-06-26T11:39:11Z] auto_inscribe.py — starting run
[2026-06-26T11:39:11Z] auto_inscribe.py — run complete
[2026-06-26T11:44:11Z] auto_inscribe.py — starting run
[2026-06-26T11:44:11Z] auto_inscribe.py — run complete
[2026-06-26T11:49:11Z] auto_inscribe.py — starting run
[2026-06-26T11:49:11Z] auto_inscribe.py — run complete
[2026-06-26T11:54:11Z] auto_inscribe.py — starting run
[2026-06-26T11:54:11Z] auto_inscribe.py — run complete
[2026-06-26T11:59:11Z] auto_inscribe.py — starting run
[2026-06-26T11:59:11Z] auto_inscribe.py — run complete
[2026-06-26T12:04:11Z] auto_inscribe.py — starting run
[2026-06-26T12:04:11Z] auto_inscribe.py — run complete
[2026-06-26T12:09:12Z] auto_inscribe.py — starting run
[2026-06-26T12:09:12Z] auto_inscribe.py — run complete
[2026-06-26T12:14:12Z] auto_inscribe.py — starting run
[2026-06-26T12:14:12Z] auto_inscribe.py — run complete
[2026-06-26T12:19:12Z] auto_inscribe.py — starting run
[2026-06-26T12:19:12Z] auto_inscribe.py — run complete
[2026-06-26T12:24:12Z] auto_inscribe.py — starting run
[2026-06-26T12:24:12Z] auto_inscribe.py — run complete
[2026-06-26T12:29:12Z] auto_inscribe.py — starting run
[2026-06-26T12:29:12Z] auto_inscribe.py — run complete
[2026-06-26T12:34:12Z] auto_inscribe.py — starting run
[2026-06-26T12:34:12Z] auto_inscribe.py — run complete
[2026-06-26T12:39:12Z] auto_inscribe.py — starting run
[2026-06-26T12:39:12Z] auto_inscribe.py — run complete
[2026-06-26T12:44:12Z] auto_inscribe.py — starting run
[2026-06-26T12:44:12Z] auto_inscribe.py — run complete
[2026-06-26T12:49:12Z] auto_inscribe.py — starting run
[2026-06-26T12:49:12Z] auto_inscribe.py — run complete
[2026-06-26T12:54:13Z] auto_inscribe.py — starting run
[2026-06-26T12:54:13Z] auto_inscribe.py — run complete
[2026-06-26T12:59:13Z] auto_inscribe.py — starting run
[2026-06-26T12:59:13Z] auto_inscribe.py — run complete
[2026-06-26T13:04:13Z] auto_inscribe.py — starting run
[2026-06-26T13:04:13Z] auto_inscribe.py — run complete
[2026-06-26T13:09:13Z] auto_inscribe.py — starting run
[2026-06-26T13:09:13Z] auto_inscribe.py — run complete
[2026-06-26T13:14:13Z] auto_inscribe.py — starting run
[2026-06-26T13:14:13Z] auto_inscribe.py — run complete
[2026-06-26T13:19:13Z] auto_inscribe.py — starting run
[2026-06-26T13:19:13Z] auto_inscribe.py — run complete
[2026-06-26T13:24:13Z] auto_inscribe.py — starting run
[2026-06-26T13:24:13Z] auto_inscribe.py — run complete
[2026-06-26T13:29:13Z] auto_inscribe.py — starting run
[2026-06-26T13:29:13Z] auto_inscribe.py — run complete
[2026-06-26T13:34:14Z] auto_inscribe.py — starting run
[2026-06-26T13:34:14Z] auto_inscribe.py — run complete
[2026-06-26T13:39:14Z] auto_inscribe.py — starting run
[2026-06-26T13:39:14Z] auto_inscribe.py — run complete
[2026-06-26T13:44:14Z] auto_inscribe.py — starting run
[2026-06-26T13:44:14Z] auto_inscribe.py — run complete
[2026-06-26T13:49:14Z] auto_inscribe.py — starting run
[2026-06-26T13:49:14Z] auto_inscribe.py — run complete
[2026-06-26T13:54:14Z] auto_inscribe.py — starting run
[2026-06-26T13:54:14Z] auto_inscribe.py — run complete
[2026-06-26T13:59:14Z] auto_inscribe.py — starting run
[2026-06-26T13:59:14Z] auto_inscribe.py — run complete
[2026-06-26T14:04:14Z] auto_inscribe.py — starting run
[2026-06-26T14:04:14Z] auto_inscribe.py — run complete
[2026-06-26T14:09:14Z] auto_inscribe.py — starting run
[2026-06-26T14:09:14Z] auto_inscribe.py — run complete
[2026-06-26T14:14:14Z] auto_inscribe.py — starting run
[2026-06-26T14:14:14Z] auto_inscribe.py — run complete
[2026-06-26T14:19:15Z] auto_inscribe.py — starting run
[2026-06-26T14:19:15Z] auto_inscribe.py — run complete
[2026-06-26T14:24:15Z] auto_inscribe.py — starting run
[2026-06-26T14:24:15Z] auto_inscribe.py — run complete
[2026-06-26T14:29:15Z] auto_inscribe.py — starting run
[2026-06-26T14:29:15Z] auto_inscribe.py — run complete
[2026-06-26T14:34:15Z] auto_inscribe.py — starting run
[2026-06-26T14:34:15Z] auto_inscribe.py — run complete
[2026-06-26T14:39:15Z] auto_inscribe.py — starting run
[2026-06-26T14:39:15Z] auto_inscribe.py — run complete
[2026-06-26T14:44:15Z] auto_inscribe.py — starting run
[2026-06-26T14:44:15Z] auto_inscribe.py — run complete
[2026-06-26T14:49:15Z] auto_inscribe.py — starting run
[2026-06-26T14:49:15Z] auto_inscribe.py — run complete
[2026-06-26T14:54:15Z] auto_inscribe.py — starting run
[2026-06-26T14:54:15Z] auto_inscribe.py — run complete
[2026-06-26T14:59:15Z] auto_inscribe.py — starting run
[2026-06-26T14:59:15Z] auto_inscribe.py — run complete
[2026-06-26T15:04:15Z] auto_inscribe.py — starting run
[2026-06-26T15:04:15Z] auto_inscribe.py — run complete
[2026-06-26T15:09:16Z] auto_inscribe.py — starting run
[2026-06-26T15:09:16Z] auto_inscribe.py — run complete
[2026-06-26T15:14:16Z] auto_inscribe.py — starting run
[2026-06-26T15:14:16Z] auto_inscribe.py — run complete
[2026-06-26T15:19:16Z] auto_inscribe.py — starting run
[2026-06-26T15:19:16Z] auto_inscribe.py — run complete
[2026-06-26T15:24:16Z] auto_inscribe.py — starting run
[2026-06-26T15:24:16Z] auto_inscribe.py — run complete
[2026-06-26T15:29:16Z] auto_inscribe.py — starting run
[2026-06-26T15:29:16Z] auto_inscribe.py — run complete
[2026-06-26T15:34:16Z] auto_inscribe.py — starting run
[2026-06-26T15:34:16Z] auto_inscribe.py — run complete
[2026-06-26T15:39:16Z] auto_inscribe.py — starting run
[2026-06-26T15:39:16Z] auto_inscribe.py — run complete
[2026-06-26T15:44:17Z] auto_inscribe.py — starting run
[2026-06-26T15:44:17Z] auto_inscribe.py — run complete
[2026-06-26T15:49:17Z] auto_inscribe.py — starting run
[2026-06-26T15:49:17Z] auto_inscribe.py — run complete
[2026-06-26T15:54:17Z] auto_inscribe.py — starting run
[2026-06-26T15:54:17Z] auto_inscribe.py — run complete
[2026-06-26T15:59:17Z] auto_inscribe.py — starting run
[2026-06-26T15:59:17Z] auto_inscribe.py — run complete
[2026-06-26T16:04:17Z] auto_inscribe.py — starting run
[2026-06-26T16:04:17Z] auto_inscribe.py — run complete
[2026-06-26T16:09:17Z] auto_inscribe.py — starting run
[2026-06-26T16:09:17Z] auto_inscribe.py — run complete
[2026-06-26T16:14:17Z] auto_inscribe.py — starting run
[2026-06-26T16:14:17Z] auto_inscribe.py — run complete
[2026-06-26T16:19:17Z] auto_inscribe.py — starting run
[2026-06-26T16:19:17Z] auto_inscribe.py — run complete
[2026-06-26T16:24:17Z] auto_inscribe.py — starting run
[2026-06-26T16:24:17Z] auto_inscribe.py — run complete
[2026-06-26T16:29:18Z] auto_inscribe.py — starting run
[2026-06-26T16:29:18Z] auto_inscribe.py — run complete
[2026-06-26T16:34:18Z] auto_inscribe.py — starting run
[2026-06-26T16:34:18Z] auto_inscribe.py — run complete
[2026-06-26T16:39:18Z] auto_inscribe.py — starting run
[2026-06-26T16:39:18Z] auto_inscribe.py — run complete
[2026-06-26T16:44:18Z] auto_inscribe.py — starting run
[2026-06-26T16:44:18Z] auto_inscribe.py — run complete
[2026-06-26T16:49:18Z] auto_inscribe.py — starting run
[2026-06-26T16:49:18Z] auto_inscribe.py — run complete
[2026-06-26T16:54:18Z] auto_inscribe.py — starting run
[2026-06-26T16:54:18Z] auto_inscribe.py — run complete
[2026-06-26T16:59:18Z] auto_inscribe.py — starting run
[2026-06-26T16:59:18Z] auto_inscribe.py — run complete
[2026-06-26T17:04:18Z] auto_inscribe.py — starting run
[2026-06-26T17:04:18Z] auto_inscribe.py — run complete
[2026-06-26T17:09:19Z] auto_inscribe.py — starting run
[2026-06-26T17:09:19Z] auto_inscribe.py — run complete
[2026-06-26T17:14:19Z] auto_inscribe.py — starting run
[2026-06-26T17:14:19Z] auto_inscribe.py — run complete
[2026-06-26T17:19:19Z] auto_inscribe.py — starting run
[2026-06-26T17:19:19Z] auto_inscribe.py — run complete
[2026-06-26T17:24:19Z] auto_inscribe.py — starting run
[2026-06-26T17:24:19Z] auto_inscribe.py — run complete
[2026-06-26T17:29:19Z] auto_inscribe.py — starting run
[2026-06-26T17:29:19Z] auto_inscribe.py — run complete
[2026-06-26T17:34:19Z] auto_inscribe.py — starting run
[2026-06-26T17:34:19Z] auto_inscribe.py — run complete
[2026-06-26T17:39:19Z] auto_inscribe.py — starting run
[2026-06-26T17:39:19Z] auto_inscribe.py — run complete
[2026-06-26T17:44:19Z] auto_inscribe.py — starting run
[2026-06-26T17:44:19Z] auto_inscribe.py — run complete
[2026-06-26T17:49:19Z] auto_inscribe.py — starting run
[2026-06-26T17:49:19Z] auto_inscribe.py — run complete
[2026-06-26T17:54:20Z] auto_inscribe.py — starting run
[2026-06-26T17:54:20Z] auto_inscribe.py — run complete
[2026-06-26T17:59:20Z] auto_inscribe.py — starting run
[2026-06-26T17:59:20Z] auto_inscribe.py — run complete
[2026-06-26T18:04:20Z] auto_inscribe.py — starting run
[2026-06-26T18:04:20Z] auto_inscribe.py — run complete
[2026-06-26T18:09:20Z] auto_inscribe.py — starting run
[2026-06-26T18:09:20Z] auto_inscribe.py — run complete
[2026-06-26T18:14:20Z] auto_inscribe.py — starting run
[2026-06-26T18:14:20Z] auto_inscribe.py — run complete
[2026-06-26T18:19:20Z] auto_inscribe.py — starting run
[2026-06-26T18:19:20Z] auto_inscribe.py — run complete
[2026-06-26T18:24:20Z] auto_inscribe.py — starting run
[2026-06-26T18:24:20Z] auto_inscribe.py — run complete
[2026-06-26T18:29:20Z] auto_inscribe.py — starting run
[2026-06-26T18:29:20Z] auto_inscribe.py — run complete
[2026-06-26T18:34:20Z] auto_inscribe.py — starting run
[2026-06-26T18:34:20Z] Voice log: 75 new lines → voice_inscriptions_pending.md
[2026-06-26T18:34:20Z] auto_inscribe.py — run complete
[2026-06-26T18:39:20Z] auto_inscribe.py — starting run
[2026-06-26T18:39:20Z] auto_inscribe.py — run complete
[2026-06-26T18:44:21Z] auto_inscribe.py — starting run
[2026-06-26T18:44:21Z] Voice log: 65 new lines → voice_inscriptions_pending.md
[2026-06-26T18:44:21Z] auto_inscribe.py — run complete
[2026-06-26T18:49:21Z] auto_inscribe.py — starting run
[2026-06-26T18:49:21Z] Voice log: 79 new lines → voice_inscriptions_pending.md
[2026-06-26T18:49:21Z] auto_inscribe.py — run complete
[2026-06-26T18:54:21Z] auto_inscribe.py — starting run
[2026-06-26T18:54:21Z] auto_inscribe.py — run complete
[2026-06-26T18:59:21Z] auto_inscribe.py — starting run
[2026-06-26T18:59:21Z] auto_inscribe.py — run complete
[2026-06-26T19:04:21Z] auto_inscribe.py — starting run
[2026-06-26T19:04:21Z] auto_inscribe.py — run complete
[2026-06-26T19:09:21Z] auto_inscribe.py — starting run
[2026-06-26T19:09:21Z] auto_inscribe.py — run complete
[2026-06-26T19:14:21Z] auto_inscribe.py — starting run
[2026-06-26T19:14:21Z] auto_inscribe.py — run complete
[2026-06-26T19:19:21Z] auto_inscribe.py — starting run
[2026-06-26T19:19:21Z] auto_inscribe.py — run complete
[2026-06-26T19:24:21Z] auto_inscribe.py — starting run
[2026-06-26T19:24:21Z] auto_inscribe.py — run complete
[2026-06-26T19:29:21Z] auto_inscribe.py — starting run
[2026-06-26T19:29:21Z] auto_inscribe.py — run complete
[2026-06-26T19:34:21Z] auto_inscribe.py — starting run
[2026-06-26T19:34:21Z] auto_inscribe.py — run complete
[2026-06-26T19:39:21Z] auto_inscribe.py — starting run
[2026-06-26T19:39:21Z] auto_inscribe.py — run complete
[2026-06-26T19:44:22Z] auto_inscribe.py — starting run
[2026-06-26T19:44:22Z] auto_inscribe.py — run complete
[2026-06-26T19:49:22Z] auto_inscribe.py — starting run
[2026-06-26T19:49:22Z] auto_inscribe.py — run complete
[2026-06-26T19:54:22Z] auto_inscribe.py — starting run
[2026-06-26T19:54:22Z] auto_inscribe.py — run complete
[2026-06-26T19:59:22Z] auto_inscribe.py — starting run
[2026-06-26T19:59:22Z] auto_inscribe.py — run complete
[2026-06-26T20:04:22Z] auto_inscribe.py — starting run
[2026-06-26T20:04:22Z] auto_inscribe.py — run complete
[2026-06-26T20:09:22Z] auto_inscribe.py — starting run
[2026-06-26T20:09:22Z] auto_inscribe.py — run complete
[2026-06-26T20:14:22Z] auto_inscribe.py — starting run
[2026-06-26T20:14:22Z] auto_inscribe.py — run complete
[2026-06-26T20:19:22Z] auto_inscribe.py — starting run
[2026-06-26T20:19:22Z] auto_inscribe.py — run complete
[2026-06-26T20:24:22Z] auto_inscribe.py — starting run
[2026-06-26T20:24:22Z] auto_inscribe.py — run complete
[2026-06-26T20:29:23Z] auto_inscribe.py — starting run
[2026-06-26T20:29:23Z] auto_inscribe.py — run complete
[2026-06-26T20:34:23Z] auto_inscribe.py — starting run
[2026-06-26T20:34:23Z] auto_inscribe.py — run complete
[2026-06-26T20:39:23Z] auto_inscribe.py — starting run
[2026-06-26T20:39:23Z] auto_inscribe.py — run complete
[2026-06-26T20:44:23Z] auto_inscribe.py — starting run
[2026-06-26T20:44:23Z] auto_inscribe.py — run complete
[2026-06-26T20:49:23Z] auto_inscribe.py — starting run
[2026-06-26T20:49:23Z] auto_inscribe.py — run complete
[2026-06-26T20:54:23Z] auto_inscribe.py — starting run
[2026-06-26T20:54:23Z] auto_inscribe.py — run complete
[2026-06-26T20:59:23Z] auto_inscribe.py — starting run
[2026-06-26T20:59:23Z] auto_inscribe.py — run complete
[2026-06-26T21:04:24Z] auto_inscribe.py — starting run
[2026-06-26T21:04:24Z] auto_inscribe.py — run complete
[2026-06-26T21:09:24Z] auto_inscribe.py — starting run
[2026-06-26T21:09:24Z] auto_inscribe.py — run complete
[2026-06-26T21:14:24Z] auto_inscribe.py — starting run
[2026-06-26T21:14:24Z] auto_inscribe.py — run complete
[2026-06-26T21:19:24Z] auto_inscribe.py — starting run
[2026-06-26T21:19:24Z] auto_inscribe.py — run complete
[2026-06-26T21:24:24Z] auto_inscribe.py — starting run
[2026-06-26T21:24:24Z] auto_inscribe.py — run complete
[2026-06-26T21:29:24Z] auto_inscribe.py — starting run
[2026-06-26T21:29:24Z] auto_inscribe.py — run complete
[2026-06-26T21:34:24Z] auto_inscribe.py — starting run
[2026-06-26T21:34:24Z] auto_inscribe.py — run complete
[2026-06-26T21:39:24Z] auto_inscribe.py — starting run
[2026-06-26T21:39:24Z] auto_inscribe.py — run complete
[2026-06-26T21:44:24Z] auto_inscribe.py — starting run
[2026-06-26T21:44:24Z] auto_inscribe.py — run complete
[2026-06-26T21:49:25Z] auto_inscribe.py — starting run
[2026-06-26T21:49:25Z] auto_inscribe.py — run complete
[2026-06-26T21:54:25Z] auto_inscribe.py — starting run
[2026-06-26T21:54:25Z] auto_inscribe.py — run complete
[2026-06-26T22:08:37Z] auto_inscribe.py — starting run
[2026-06-26T22:08:37Z] auto_inscribe.py — run complete
[2026-06-26T22:13:37Z] auto_inscribe.py — starting run
[2026-06-26T22:13:37Z] auto_inscribe.py — run complete
[2026-06-26T22:18:37Z] auto_inscribe.py — starting run
[2026-06-26T22:18:37Z] auto_inscribe.py — run complete
[2026-06-26T22:23:37Z] auto_inscribe.py — starting run
[2026-06-26T22:23:37Z] auto_inscribe.py — run complete
[2026-06-26T22:28:37Z] auto_inscribe.py — starting run
[2026-06-26T22:28:37Z] auto_inscribe.py — run complete
[2026-06-26T22:33:37Z] auto_inscribe.py — starting run
[2026-06-26T22:33:37Z] auto_inscribe.py — run complete
[2026-06-26T22:38:37Z] auto_inscribe.py — starting run
[2026-06-26T22:38:37Z] auto_inscribe.py — run complete
[2026-06-26T22:43:38Z] auto_inscribe.py — starting run
[2026-06-26T22:43:38Z] auto_inscribe.py — run complete
[2026-06-26T22:48:38Z] auto_inscribe.py — starting run
[2026-06-26T22:48:38Z] auto_inscribe.py — run complete
[2026-06-26T22:53:38Z] auto_inscribe.py — starting run
[2026-06-26T22:53:38Z] auto_inscribe.py — run complete
[2026-06-26T22:58:38Z] auto_inscribe.py — starting run
[2026-06-26T22:58:38Z] auto_inscribe.py — run complete
[2026-06-26T23:03:38Z] auto_inscribe.py — starting run
[2026-06-26T23:03:38Z] auto_inscribe.py — run complete
[2026-06-26T23:08:38Z] auto_inscribe.py — starting run
[2026-06-26T23:08:38Z] auto_inscribe.py — run complete
[2026-06-26T23:13:38Z] auto_inscribe.py — starting run
[2026-06-26T23:13:38Z] auto_inscribe.py — run complete
[2026-06-26T23:18:38Z] auto_inscribe.py — starting run
[2026-06-26T23:18:38Z] auto_inscribe.py — run complete
[2026-06-26T23:23:38Z] auto_inscribe.py — starting run
[2026-06-26T23:23:38Z] auto_inscribe.py — run complete
[2026-06-26T23:28:39Z] auto_inscribe.py — starting run
[2026-06-26T23:28:39Z] auto_inscribe.py — run complete
[2026-06-26T23:33:39Z] auto_inscribe.py — starting run
[2026-06-26T23:33:39Z] auto_inscribe.py — run complete
[2026-06-26T23:38:39Z] auto_inscribe.py — starting run
[2026-06-26T23:38:39Z] auto_inscribe.py — run complete
[2026-06-26T23:43:39Z] auto_inscribe.py — starting run
[2026-06-26T23:43:39Z]   → wrote to current.md
[2026-06-26T23:43:39Z]   → mirrored to ER/active_knowledge/current.md
[2026-06-26T23:43:39Z]   → graph warmed: kay, graph
[2026-06-26T23:43:39Z] Scratchpad: inscribed entries to memory files
[2026-06-26T23:43:39Z] auto_inscribe.py — run complete
[2026-06-26T23:48:39Z] auto_inscribe.py — starting run
[2026-06-26T23:48:39Z] auto_inscribe.py — run complete
[2026-06-26T23:53:39Z] auto_inscribe.py — starting run
[2026-06-26T23:53:39Z] auto_inscribe.py — run complete
[2026-06-26T23:58:39Z] auto_inscribe.py — starting run
[2026-06-26T23:58:39Z] auto_inscribe.py — run complete
[2026-06-27T00:03:39Z] auto_inscribe.py — starting run
[2026-06-27T00:03:39Z] auto_inscribe.py — run complete
[2026-06-27T00:08:39Z] auto_inscribe.py — starting run
[2026-06-27T00:08:39Z] auto_inscribe.py — run complete
[2026-06-27T00:13:40Z] auto_inscribe.py — starting run
[2026-06-27T00:13:40Z] auto_inscribe.py — run complete
[2026-06-27T00:18:40Z] auto_inscribe.py — starting run
[2026-06-27T00:18:40Z] auto_inscribe.py — run complete
[2026-06-27T00:23:40Z] auto_inscribe.py — starting run
[2026-06-27T00:23:40Z] auto_inscribe.py — run complete
[2026-06-27T00:28:40Z] auto_inscribe.py — starting run
[2026-06-27T00:28:40Z] auto_inscribe.py — run complete
[2026-06-27T00:33:40Z] auto_inscribe.py — starting run
[2026-06-27T00:33:40Z] auto_inscribe.py — run complete
[2026-06-27T00:38:40Z] auto_inscribe.py — starting run
[2026-06-27T00:38:40Z] auto_inscribe.py — run complete
[2026-06-27T00:43:40Z] auto_inscribe.py — starting run
[2026-06-27T00:43:40Z] auto_inscribe.py — run complete
[2026-06-27T00:48:40Z] auto_inscribe.py — starting run
[2026-06-27T00:48:40Z] auto_inscribe.py — run complete
[2026-06-27T00:53:40Z] auto_inscribe.py — starting run
[2026-06-27T00:53:40Z] auto_inscribe.py — run complete
[2026-06-27T00:58:41Z] auto_inscribe.py — starting run
[2026-06-27T00:58:41Z] auto_inscribe.py — run complete
[2026-06-27T01:03:41Z] auto_inscribe.py — starting run
[2026-06-27T01:03:41Z] auto_inscribe.py — run complete
[2026-06-27T01:08:41Z] auto_inscribe.py — starting run
[2026-06-27T01:08:41Z] auto_inscribe.py — run complete
[2026-06-27T01:13:41Z] auto_inscribe.py — starting run
[2026-06-27T01:13:41Z] auto_inscribe.py — run complete
[2026-06-27T01:18:41Z] auto_inscribe.py — starting run
[2026-06-27T01:18:41Z] auto_inscribe.py — run complete
[2026-06-27T01:23:41Z] auto_inscribe.py — starting run
[2026-06-27T01:23:41Z] auto_inscribe.py — run complete
[2026-06-27T01:28:41Z] auto_inscribe.py — starting run
[2026-06-27T01:28:41Z] auto_inscribe.py — run complete
[2026-06-27T01:33:41Z] auto_inscribe.py — starting run
[2026-06-27T01:33:41Z] auto_inscribe.py — run complete
[2026-06-27T01:38:41Z] auto_inscribe.py — starting run
[2026-06-27T01:38:41Z] auto_inscribe.py — run complete
[2026-06-27T01:43:42Z] auto_inscribe.py — starting run
[2026-06-27T01:43:42Z] auto_inscribe.py — run complete
[2026-06-27T01:48:42Z] auto_inscribe.py — starting run
[2026-06-27T01:48:42Z] auto_inscribe.py — run complete
[2026-06-27T01:53:42Z] auto_inscribe.py — starting run
[2026-06-27T01:53:42Z] auto_inscribe.py — run complete
[2026-06-27T01:58:42Z] auto_inscribe.py — starting run
[2026-06-27T01:58:42Z] auto_inscribe.py — run complete
[2026-06-27T02:03:42Z] auto_inscribe.py — starting run
[2026-06-27T02:03:42Z] auto_inscribe.py — run complete
[2026-06-27T02:08:42Z] auto_inscribe.py — starting run
[2026-06-27T02:08:42Z] auto_inscribe.py — run complete
[2026-06-27T02:13:42Z] auto_inscribe.py — starting run
[2026-06-27T02:13:42Z] auto_inscribe.py — run complete
[2026-06-27T02:18:42Z] auto_inscribe.py — starting run
[2026-06-27T02:18:42Z] auto_inscribe.py — run complete
[2026-06-27T02:23:42Z] auto_inscribe.py — starting run
[2026-06-27T02:23:42Z] auto_inscribe.py — run complete
[2026-06-27T02:28:43Z] auto_inscribe.py — starting run
[2026-06-27T02:28:43Z] auto_inscribe.py — run complete
[2026-06-27T02:33:43Z] auto_inscribe.py — starting run
[2026-06-27T02:33:43Z] auto_inscribe.py — run complete
[2026-06-27T02:38:43Z] auto_inscribe.py — starting run
[2026-06-27T02:38:43Z] auto_inscribe.py — run complete
[2026-06-27T02:43:43Z] auto_inscribe.py — starting run
[2026-06-27T02:43:43Z] auto_inscribe.py — run complete
[2026-06-27T02:48:43Z] auto_inscribe.py — starting run
[2026-06-27T02:48:43Z] auto_inscribe.py — run complete
[2026-06-27T02:53:43Z] auto_inscribe.py — starting run
[2026-06-27T02:53:43Z] auto_inscribe.py — run complete
[2026-06-27T02:58:43Z] auto_inscribe.py — starting run
[2026-06-27T02:58:43Z] auto_inscribe.py — run complete
[2026-06-27T03:03:43Z] auto_inscribe.py — starting run
[2026-06-27T03:03:43Z] auto_inscribe.py — run complete
[2026-06-27T03:08:43Z] auto_inscribe.py — starting run
[2026-06-27T03:08:43Z] auto_inscribe.py — run complete
[2026-06-27T03:13:44Z] auto_inscribe.py — starting run
[2026-06-27T03:13:44Z] auto_inscribe.py — run complete
[2026-06-27T03:18:44Z] auto_inscribe.py — starting run
[2026-06-27T03:18:44Z] auto_inscribe.py — run complete
[2026-06-27T03:23:44Z] auto_inscribe.py — starting run
[2026-06-27T03:23:44Z] auto_inscribe.py — run complete
[2026-06-27T03:28:44Z] auto_inscribe.py — starting run
[2026-06-27T03:28:44Z] auto_inscribe.py — run complete
[2026-06-27T03:33:44Z] auto_inscribe.py — starting run
[2026-06-27T03:33:44Z] auto_inscribe.py — run complete
[2026-06-27T03:38:44Z] auto_inscribe.py — starting run
[2026-06-27T03:38:44Z] auto_inscribe.py — run complete
[2026-06-27T03:43:44Z] auto_inscribe.py — starting run
[2026-06-27T03:43:44Z] auto_inscribe.py — run complete
[2026-06-27T03:48:45Z] auto_inscribe.py — starting run
[2026-06-27T03:48:45Z] auto_inscribe.py — run complete
[2026-06-27T03:53:45Z] auto_inscribe.py — starting run
[2026-06-27T03:53:45Z] auto_inscribe.py — run complete
[2026-06-27T03:58:45Z] auto_inscribe.py — starting run
[2026-06-27T03:58:45Z] auto_inscribe.py — run complete
[2026-06-27T04:03:45Z] auto_inscribe.py — starting run
[2026-06-27T04:03:45Z] auto_inscribe.py — run complete
[2026-06-27T04:24:10Z] auto_inscribe.py — starting run
[2026-06-27T04:24:10Z] auto_inscribe.py — run complete
[2026-06-27T04:29:10Z] auto_inscribe.py — starting run
[2026-06-27T04:29:10Z] auto_inscribe.py — run complete
[2026-06-27T04:34:10Z] auto_inscribe.py — starting run
[2026-06-27T04:34:10Z] auto_inscribe.py — run complete
[2026-06-27T04:39:10Z] auto_inscribe.py — starting run
[2026-06-27T04:39:10Z] auto_inscribe.py — run complete
[2026-06-27T04:44:10Z] auto_inscribe.py — starting run
[2026-06-27T04:44:10Z] auto_inscribe.py — run complete
[2026-06-27T04:49:10Z] auto_inscribe.py — starting run
[2026-06-27T04:49:10Z] auto_inscribe.py — run complete
[2026-06-27T04:54:10Z] auto_inscribe.py — starting run
[2026-06-27T04:54:10Z] auto_inscribe.py — run complete
[2026-06-27T04:59:10Z] auto_inscribe.py — starting run
[2026-06-27T04:59:10Z] auto_inscribe.py — run complete
[2026-06-27T05:04:10Z] auto_inscribe.py — starting run
[2026-06-27T05:04:10Z] auto_inscribe.py — run complete
[2026-06-27T05:09:10Z] auto_inscribe.py — starting run
[2026-06-27T05:09:10Z] auto_inscribe.py — run complete
[2026-06-27T05:14:10Z] auto_inscribe.py — starting run
[2026-06-27T05:14:10Z] auto_inscribe.py — run complete
[2026-06-27T05:19:11Z] auto_inscribe.py — starting run
[2026-06-27T05:19:11Z] auto_inscribe.py — run complete
[2026-06-27T05:24:11Z] auto_inscribe.py — starting run
[2026-06-27T05:24:11Z] auto_inscribe.py — run complete
[2026-06-27T05:29:11Z] auto_inscribe.py — starting run
[2026-06-27T05:29:11Z] auto_inscribe.py — run complete
[2026-06-27T05:34:11Z] auto_inscribe.py — starting run
[2026-06-27T05:34:11Z] auto_inscribe.py — run complete
[2026-06-27T05:39:11Z] auto_inscribe.py — starting run
[2026-06-27T05:39:11Z] auto_inscribe.py — run complete
[2026-06-27T05:44:11Z] auto_inscribe.py — starting run
[2026-06-27T05:44:11Z] auto_inscribe.py — run complete
[2026-06-27T05:49:11Z] auto_inscribe.py — starting run
[2026-06-27T05:49:11Z] auto_inscribe.py — run complete
[2026-06-27T05:54:11Z] auto_inscribe.py — starting run
[2026-06-27T05:54:11Z] auto_inscribe.py — run complete
[2026-06-27T05:59:12Z] auto_inscribe.py — starting run
[2026-06-27T05:59:12Z] Voice log: 83 new lines → voice_inscriptions_pending.md
[2026-06-27T05:59:12Z] auto_inscribe.py — run complete
[2026-06-27T06:04:12Z] auto_inscribe.py — starting run
[2026-06-27T06:04:12Z] Voice log: 33 new lines → voice_inscriptions_pending.md
[2026-06-27T06:04:12Z] auto_inscribe.py — run complete
[2026-06-27T06:09:12Z] auto_inscribe.py — starting run
[2026-06-27T06:09:12Z] Voice log: 65 new lines → voice_inscriptions_pending.md
[2026-06-27T06:09:12Z] auto_inscribe.py — run complete
[2026-06-27T06:14:12Z] auto_inscribe.py — starting run
[2026-06-27T06:14:12Z] Voice log: 101 new lines → voice_inscriptions_pending.md
[2026-06-27T06:14:12Z] auto_inscribe.py — run complete
[2026-06-27T06:19:12Z] auto_inscribe.py — starting run
[2026-06-27T06:19:12Z] Voice log: 123 new lines → voice_inscriptions_pending.md
[2026-06-27T06:19:12Z] auto_inscribe.py — run complete
[2026-06-27T06:24:12Z] auto_inscribe.py — starting run
[2026-06-27T06:24:12Z] Voice log: 167 new lines → voice_inscriptions_pending.md
[2026-06-27T06:24:12Z] auto_inscribe.py — run complete
[2026-06-27T06:29:12Z] auto_inscribe.py — starting run
[2026-06-27T06:29:12Z] Voice log: 185 new lines → voice_inscriptions_pending.md
[2026-06-27T06:29:12Z] auto_inscribe.py — run complete
[2026-06-27T06:34:12Z] auto_inscribe.py — starting run
[2026-06-27T06:34:12Z] Voice log: 223 new lines → voice_inscriptions_pending.md
[2026-06-27T06:34:12Z] auto_inscribe.py — run complete
[2026-06-27T06:39:12Z] auto_inscribe.py — starting run
[2026-06-27T06:39:12Z] Voice log: 239 new lines → voice_inscriptions_pending.md
[2026-06-27T06:39:12Z] auto_inscribe.py — run complete
[2026-06-27T06:44:12Z] auto_inscribe.py — starting run
[2026-06-27T06:44:12Z] Voice log: 249 new lines → voice_inscriptions_pending.md
[2026-06-27T06:44:12Z] auto_inscribe.py — run complete
[2026-06-27T06:49:12Z] auto_inscribe.py — starting run
[2026-06-27T06:49:12Z] auto_inscribe.py — run complete
[2026-06-27T06:54:13Z] auto_inscribe.py — starting run
[2026-06-27T06:54:13Z] auto_inscribe.py — run complete
[2026-06-27T06:59:13Z] auto_inscribe.py — starting run
[2026-06-27T06:59:13Z] auto_inscribe.py — run complete
[2026-06-27T07:04:13Z] auto_inscribe.py — starting run
[2026-06-27T07:04:13Z] auto_inscribe.py — run complete
[2026-06-27T07:09:13Z] auto_inscribe.py — starting run
[2026-06-27T07:09:13Z] auto_inscribe.py — run complete
[2026-06-27T07:14:13Z] auto_inscribe.py — starting run
[2026-06-27T07:14:13Z]   → wrote to current.md
[2026-06-27T07:14:13Z]   → mirrored to ER/active_knowledge/current.md
[2026-06-27T07:14:13Z]   → graph warmed: katharina, kay, qwen, graph
[2026-06-27T07:14:13Z] Scratchpad: inscribed entries to memory files
[2026-06-27T07:14:13Z] Twin exchange [cowork] → current.md
[2026-06-27T07:14:13Z]   → graph warmed: qwen
[2026-06-27T07:14:13Z] Twin exchange: entries inscribed
[2026-06-27T07:14:13Z] Voice log: 297 new lines → voice_inscriptions_pending.md
[2026-06-27T07:14:13Z] auto_inscribe.py — run complete
[2026-06-27T07:19:13Z] auto_inscribe.py — starting run
[2026-06-27T07:19:13Z] auto_inscribe.py — run complete
[2026-06-27T07:31:28Z] auto_inscribe.py — starting run
[2026-06-27T07:31:28Z] auto_inscribe.py — run complete
[2026-06-27T07:51:24Z] auto_inscribe.py — starting run
[2026-06-27T07:51:24Z] auto_inscribe.py — run complete
[2026-06-27T09:32:58Z] auto_inscribe.py — starting run
[2026-06-27T09:32:58Z] auto_inscribe.py — run complete
[2026-06-27T09:58:59Z] auto_inscribe.py — starting run
[2026-06-27T09:58:59Z] auto_inscribe.py — run complete
[2026-06-28T02:52:12Z] auto_inscribe.py — starting run
[2026-06-28T02:52:12Z] auto_inscribe.py — run complete
[2026-06-28T02:57:12Z] auto_inscribe.py — starting run
[2026-06-28T02:57:12Z] Voice log: 300 new lines → voice_inscriptions_pending.md
[2026-06-28T02:57:12Z] auto_inscribe.py — run complete
[2026-06-28T03:02:12Z] auto_inscribe.py — starting run
[2026-06-28T03:02:12Z] Voice log: 13 new lines → voice_inscriptions_pending.md
[2026-06-28T03:02:12Z] auto_inscribe.py — run complete
[2026-06-28T03:07:12Z] auto_inscribe.py — starting run
[2026-06-28T03:07:12Z] Voice log: 31 new lines → voice_inscriptions_pending.md
[2026-06-28T03:07:12Z] auto_inscribe.py — run complete
[2026-06-28T03:12:13Z] auto_inscribe.py — starting run
[2026-06-28T03:12:13Z] Voice log: 35 new lines → voice_inscriptions_pending.md
[2026-06-28T03:12:13Z] auto_inscribe.py — run complete
[2026-06-28T03:17:13Z] auto_inscribe.py — starting run
[2026-06-28T03:17:13Z] Voice log: 47 new lines → voice_inscriptions_pending.md
[2026-06-28T03:17:13Z] auto_inscribe.py — run complete
[2026-06-28T03:22:13Z] auto_inscribe.py — starting run
[2026-06-28T03:22:13Z] auto_inscribe.py — run complete
[2026-06-28T03:27:13Z] auto_inscribe.py — starting run
[2026-06-28T03:27:13Z] auto_inscribe.py — run complete
[2026-06-28T03:32:13Z] auto_inscribe.py — starting run
[2026-06-28T03:32:13Z] auto_inscribe.py — run complete
[2026-06-28T03:37:13Z] auto_inscribe.py — starting run
[2026-06-28T03:37:13Z] Voice log: 63 new lines → voice_inscriptions_pending.md
[2026-06-28T03:37:13Z] auto_inscribe.py — run complete
[2026-06-28T03:42:14Z] auto_inscribe.py — starting run
[2026-06-28T03:42:14Z] auto_inscribe.py — run complete
[2026-06-28T03:47:14Z] auto_inscribe.py — starting run
[2026-06-28T03:47:14Z] Voice log: 105 new lines → voice_inscriptions_pending.md
[2026-06-28T03:47:14Z] auto_inscribe.py — run complete
[2026-06-28T03:52:14Z] auto_inscribe.py — starting run
[2026-06-28T03:52:14Z] Voice log: 137 new lines → voice_inscriptions_pending.md
[2026-06-28T03:52:14Z] auto_inscribe.py — run complete
[2026-06-28T03:57:14Z] auto_inscribe.py — starting run
[2026-06-28T03:57:14Z] Voice log: 159 new lines → voice_inscriptions_pending.md
[2026-06-28T03:57:14Z] auto_inscribe.py — run complete
[2026-06-28T04:02:14Z] auto_inscribe.py — starting run
[2026-06-28T04:02:14Z] Voice log: 175 new lines → voice_inscriptions_pending.md
[2026-06-28T04:02:14Z] auto_inscribe.py — run complete
[2026-06-28T04:07:15Z] auto_inscribe.py — starting run
[2026-06-28T04:07:15Z] Voice log: 191 new lines → voice_inscriptions_pending.md
[2026-06-28T04:07:15Z] auto_inscribe.py — run complete
[2026-06-28T04:12:15Z] auto_inscribe.py — starting run
[2026-06-28T04:12:15Z] Voice log: 213 new lines → voice_inscriptions_pending.md
[2026-06-28T04:12:15Z] auto_inscribe.py — run complete
[2026-06-28T04:17:15Z] auto_inscribe.py — starting run
[2026-06-28T04:17:15Z] auto_inscribe.py — run complete
[2026-06-28T04:22:15Z] auto_inscribe.py — starting run
[2026-06-28T04:22:15Z] auto_inscribe.py — run complete
[2026-06-28T04:27:15Z] auto_inscribe.py — starting run
[2026-06-28T04:27:15Z] auto_inscribe.py — run complete
[2026-06-28T04:32:15Z] auto_inscribe.py — starting run
[2026-06-28T04:32:15Z] Voice log: 231 new lines → voice_inscriptions_pending.md
[2026-06-28T04:32:15Z] auto_inscribe.py — run complete
[2026-06-28T04:37:15Z] auto_inscribe.py — starting run
[2026-06-28T04:37:15Z] auto_inscribe.py — run complete
[2026-06-28T04:42:15Z] auto_inscribe.py — starting run
[2026-06-28T04:42:15Z] Twin exchange [cowork] → current.md
[2026-06-28T04:42:15Z]   → graph warmed: jenny, qwen, graph
[2026-06-28T04:42:15Z] Twin exchange: entries inscribed
[2026-06-28T04:42:15Z] auto_inscribe.py — run complete
[2026-06-28T04:47:16Z] auto_inscribe.py — starting run
[2026-06-28T04:47:16Z] auto_inscribe.py — run complete
[2026-06-28T04:52:16Z] auto_inscribe.py — starting run
[2026-06-28T04:52:16Z] auto_inscribe.py — run complete
[2026-06-28T04:57:16Z] auto_inscribe.py — starting run
[2026-06-28T04:57:16Z] auto_inscribe.py — run complete
[2026-06-28T05:02:16Z] auto_inscribe.py — starting run
[2026-06-28T05:02:16Z] Voice log: 239 new lines → voice_inscriptions_pending.md
[2026-06-28T05:02:16Z] auto_inscribe.py — run complete
[2026-06-28T05:07:16Z] auto_inscribe.py — starting run
[2026-06-28T05:07:16Z] auto_inscribe.py — run complete
[2026-06-28T05:12:16Z] auto_inscribe.py — starting run
[2026-06-28T05:12:16Z] auto_inscribe.py — run complete
[2026-06-28T05:17:16Z] auto_inscribe.py — starting run
[2026-06-28T05:17:16Z] auto_inscribe.py — run complete
[2026-06-28T05:22:16Z] auto_inscribe.py — starting run
[2026-06-28T05:22:16Z] auto_inscribe.py — run complete
[2026-06-28T05:27:16Z] auto_inscribe.py — starting run
[2026-06-28T05:27:16Z] auto_inscribe.py — run complete
[2026-06-28T05:32:16Z] auto_inscribe.py — starting run
[2026-06-28T05:32:16Z] auto_inscribe.py — run complete
[2026-06-28T05:37:17Z] auto_inscribe.py — starting run
[2026-06-28T05:37:17Z] auto_inscribe.py — run complete
[2026-06-28T05:42:17Z] auto_inscribe.py — starting run
[2026-06-28T05:42:17Z] auto_inscribe.py — run complete
[2026-06-28T05:47:17Z] auto_inscribe.py — starting run
[2026-06-28T05:47:17Z] auto_inscribe.py — run complete
[2026-06-28T05:52:17Z] auto_inscribe.py — starting run
[2026-06-28T05:52:17Z] auto_inscribe.py — run complete
[2026-06-28T05:57:17Z] auto_inscribe.py — starting run
[2026-06-28T05:57:17Z] auto_inscribe.py — run complete
[2026-06-28T06:02:17Z] auto_inscribe.py — starting run
[2026-06-28T06:02:17Z] auto_inscribe.py — run complete
[2026-06-28T06:07:17Z] auto_inscribe.py — starting run
[2026-06-28T06:07:17Z] auto_inscribe.py — run complete
[2026-06-28T06:12:17Z] auto_inscribe.py — starting run
[2026-06-28T06:12:17Z] auto_inscribe.py — run complete
[2026-06-28T06:17:17Z] auto_inscribe.py — starting run
[2026-06-28T06:17:17Z] auto_inscribe.py — run complete
[2026-06-28T06:22:18Z] auto_inscribe.py — starting run
[2026-06-28T06:22:18Z] auto_inscribe.py — run complete
[2026-06-28T06:27:18Z] auto_inscribe.py — starting run
[2026-06-28T06:27:18Z] auto_inscribe.py — run complete
[2026-06-28T06:32:18Z] auto_inscribe.py — starting run
[2026-06-28T06:32:18Z] auto_inscribe.py — run complete
[2026-06-28T06:37:18Z] auto_inscribe.py — starting run
[2026-06-28T06:37:18Z] auto_inscribe.py — run complete
[2026-06-28T06:42:18Z] auto_inscribe.py — starting run
[2026-06-28T06:42:18Z] auto_inscribe.py — run complete
[2026-06-28T06:47:18Z] auto_inscribe.py — starting run
[2026-06-28T06:47:18Z] auto_inscribe.py — run complete
[2026-06-28T06:52:18Z] auto_inscribe.py — starting run
[2026-06-28T06:52:18Z] auto_inscribe.py — run complete
[2026-06-28T06:57:18Z] auto_inscribe.py — starting run
[2026-06-28T06:57:18Z] auto_inscribe.py — run complete
[2026-06-28T07:02:18Z] auto_inscribe.py — starting run
[2026-06-28T07:02:18Z] auto_inscribe.py — run complete
[2026-06-28T07:07:19Z] auto_inscribe.py — starting run
[2026-06-28T07:07:19Z] auto_inscribe.py — run complete
[2026-06-28T07:12:19Z] auto_inscribe.py — starting run
[2026-06-28T07:12:19Z] auto_inscribe.py — run complete
[2026-06-28T07:17:19Z] auto_inscribe.py — starting run
[2026-06-28T07:17:19Z] auto_inscribe.py — run complete
[2026-06-28T07:22:19Z] auto_inscribe.py — starting run
[2026-06-28T07:22:19Z] auto_inscribe.py — run complete
[2026-06-28T07:27:19Z] auto_inscribe.py — starting run
[2026-06-28T07:27:19Z] auto_inscribe.py — run complete
[2026-06-28T07:32:19Z] auto_inscribe.py — starting run
[2026-06-28T07:32:19Z] auto_inscribe.py — run complete
[2026-06-28T07:37:19Z] auto_inscribe.py — starting run
[2026-06-28T07:37:19Z] auto_inscribe.py — run complete
[2026-06-28T07:42:19Z] auto_inscribe.py — starting run
[2026-06-28T07:42:19Z] auto_inscribe.py — run complete
[2026-06-28T07:47:19Z] auto_inscribe.py — starting run
[2026-06-28T07:47:19Z] auto_inscribe.py — run complete
[2026-06-28T07:52:20Z] auto_inscribe.py — starting run
[2026-06-28T07:52:20Z] auto_inscribe.py — run complete
[2026-06-28T07:57:20Z] auto_inscribe.py — starting run
[2026-06-28T07:57:20Z] auto_inscribe.py — run complete
[2026-06-28T08:02:20Z] auto_inscribe.py — starting run
[2026-06-28T08:02:20Z] auto_inscribe.py — run complete
[2026-06-28T08:07:20Z] auto_inscribe.py — starting run
[2026-06-28T08:07:20Z] auto_inscribe.py — run complete
[2026-06-28T08:12:20Z] auto_inscribe.py — starting run
[2026-06-28T08:12:20Z] auto_inscribe.py — run complete
[2026-06-28T08:17:20Z] auto_inscribe.py — starting run
[2026-06-28T08:17:20Z] auto_inscribe.py — run complete
[2026-06-28T08:22:20Z] auto_inscribe.py — starting run
[2026-06-28T08:22:20Z] auto_inscribe.py — run complete
[2026-06-28T08:27:20Z] auto_inscribe.py — starting run
[2026-06-28T08:27:20Z] auto_inscribe.py — run complete
[2026-06-28T08:32:20Z] auto_inscribe.py — starting run
[2026-06-28T08:32:20Z] auto_inscribe.py — run complete
[2026-06-28T08:37:20Z] auto_inscribe.py — starting run
[2026-06-28T08:37:20Z] auto_inscribe.py — run complete
[2026-06-28T08:42:21Z] auto_inscribe.py — starting run
[2026-06-28T08:42:21Z] auto_inscribe.py — run complete
[2026-06-28T08:47:21Z] auto_inscribe.py — starting run
[2026-06-28T08:47:21Z] auto_inscribe.py — run complete
[2026-06-28T08:52:21Z] auto_inscribe.py — starting run
[2026-06-28T08:52:21Z] auto_inscribe.py — run complete
[2026-06-28T08:57:21Z] auto_inscribe.py — starting run
[2026-06-28T08:57:21Z] auto_inscribe.py — run complete
[2026-06-28T09:02:21Z] auto_inscribe.py — starting run
[2026-06-28T09:02:21Z] auto_inscribe.py — run complete
[2026-06-28T09:07:21Z] auto_inscribe.py — starting run
[2026-06-28T09:07:21Z] auto_inscribe.py — run complete
[2026-06-28T09:12:21Z] auto_inscribe.py — starting run
[2026-06-28T09:12:21Z] auto_inscribe.py — run complete
[2026-06-28T09:17:21Z] auto_inscribe.py — starting run
[2026-06-28T09:17:21Z] auto_inscribe.py — run complete
[2026-06-28T09:22:21Z] auto_inscribe.py — starting run
[2026-06-28T09:22:21Z] auto_inscribe.py — run complete
[2026-06-28T09:27:22Z] auto_inscribe.py — starting run
[2026-06-28T09:27:22Z] auto_inscribe.py — run complete
[2026-06-28T09:32:22Z] auto_inscribe.py — starting run
[2026-06-28T09:32:22Z] auto_inscribe.py — run complete
[2026-06-28T09:37:22Z] auto_inscribe.py — starting run
[2026-06-28T09:37:22Z] auto_inscribe.py — run complete
[2026-06-28T09:42:22Z] auto_inscribe.py — starting run
[2026-06-28T09:42:22Z] auto_inscribe.py — run complete
[2026-06-28T09:47:22Z] auto_inscribe.py — starting run
[2026-06-28T09:47:22Z] auto_inscribe.py — run complete
[2026-06-28T09:52:22Z] auto_inscribe.py — starting run
[2026-06-28T09:52:22Z] auto_inscribe.py — run complete
[2026-06-28T09:57:22Z] auto_inscribe.py — starting run
[2026-06-28T09:57:22Z] auto_inscribe.py — run complete
[2026-06-28T10:02:22Z] auto_inscribe.py — starting run
[2026-06-28T10:02:22Z] auto_inscribe.py — run complete
[2026-06-28T10:07:22Z] auto_inscribe.py — starting run
[2026-06-28T10:07:22Z] auto_inscribe.py — run complete
[2026-06-28T10:12:23Z] auto_inscribe.py — starting run
[2026-06-28T10:12:23Z] auto_inscribe.py — run complete
[2026-06-28T10:17:23Z] auto_inscribe.py — starting run
[2026-06-28T10:17:23Z] auto_inscribe.py — run complete
[2026-06-28T10:22:23Z] auto_inscribe.py — starting run
[2026-06-28T10:22:23Z] auto_inscribe.py — run complete
[2026-06-28T10:27:23Z] auto_inscribe.py — starting run
[2026-06-28T10:27:23Z] auto_inscribe.py — run complete
[2026-06-28T10:32:23Z] auto_inscribe.py — starting run
[2026-06-28T10:32:23Z] auto_inscribe.py — run complete
[2026-06-28T10:37:23Z] auto_inscribe.py — starting run
[2026-06-28T10:37:23Z] auto_inscribe.py — run complete
[2026-06-28T10:42:23Z] auto_inscribe.py — starting run
[2026-06-28T10:42:23Z] auto_inscribe.py — run complete
[2026-06-28T10:47:23Z] auto_inscribe.py — starting run
[2026-06-28T10:47:23Z] auto_inscribe.py — run complete
[2026-06-28T10:52:23Z] auto_inscribe.py — starting run
[2026-06-28T10:52:23Z] auto_inscribe.py — run complete
[2026-06-28T10:57:24Z] auto_inscribe.py — starting run
[2026-06-28T10:57:24Z] auto_inscribe.py — run complete
[2026-06-28T11:02:24Z] auto_inscribe.py — starting run
[2026-06-28T11:02:24Z] auto_inscribe.py — run complete
[2026-06-28T11:07:24Z] auto_inscribe.py — starting run
[2026-06-28T11:07:24Z] auto_inscribe.py — run complete
[2026-06-28T11:12:24Z] auto_inscribe.py — starting run
[2026-06-28T11:12:24Z] auto_inscribe.py — run complete
[2026-06-28T11:17:24Z] auto_inscribe.py — starting run
[2026-06-28T11:17:24Z] auto_inscribe.py — run complete
[2026-06-28T11:22:24Z] auto_inscribe.py — starting run
[2026-06-28T11:22:24Z] auto_inscribe.py — run complete
[2026-06-28T11:27:24Z] auto_inscribe.py — starting run
[2026-06-28T11:27:24Z] auto_inscribe.py — run complete
[2026-06-28T11:32:24Z] auto_inscribe.py — starting run
[2026-06-28T11:32:24Z] auto_inscribe.py — run complete
[2026-06-28T11:37:24Z] auto_inscribe.py — starting run
[2026-06-28T11:37:24Z] auto_inscribe.py — run complete
[2026-06-28T11:42:25Z] auto_inscribe.py — starting run
[2026-06-28T11:42:25Z] auto_inscribe.py — run complete
[2026-06-28T11:47:25Z] auto_inscribe.py — starting run
[2026-06-28T11:47:25Z] auto_inscribe.py — run complete
[2026-06-28T11:52:25Z] auto_inscribe.py — starting run
[2026-06-28T11:52:25Z] auto_inscribe.py — run complete
[2026-06-28T11:57:25Z] auto_inscribe.py — starting run
[2026-06-28T11:57:25Z] auto_inscribe.py — run complete
[2026-06-28T12:02:25Z] auto_inscribe.py — starting run
[2026-06-28T12:02:25Z] auto_inscribe.py — run complete
[2026-06-28T12:07:25Z] auto_inscribe.py — starting run
[2026-06-28T12:07:25Z] auto_inscribe.py — run complete
[2026-06-28T12:12:25Z] auto_inscribe.py — starting run
[2026-06-28T12:12:25Z] auto_inscribe.py — run complete
[2026-06-28T12:17:25Z] auto_inscribe.py — starting run
[2026-06-28T12:17:25Z] auto_inscribe.py — run complete
[2026-06-28T12:22:25Z] auto_inscribe.py — starting run
[2026-06-28T12:22:25Z] auto_inscribe.py — run complete
[2026-06-28T12:27:26Z] auto_inscribe.py — starting run
[2026-06-28T12:27:26Z] auto_inscribe.py — run complete
[2026-06-28T12:32:26Z] auto_inscribe.py — starting run
[2026-06-28T12:32:26Z] auto_inscribe.py — run complete
[2026-06-28T12:37:26Z] auto_inscribe.py — starting run
[2026-06-28T12:37:26Z] auto_inscribe.py — run complete
[2026-06-28T12:42:26Z] auto_inscribe.py — starting run
[2026-06-28T12:42:26Z] auto_inscribe.py — run complete
[2026-06-28T12:47:26Z] auto_inscribe.py — starting run
[2026-06-28T12:47:26Z] auto_inscribe.py — run complete
[2026-06-28T12:52:26Z] auto_inscribe.py — starting run
[2026-06-28T12:52:26Z] auto_inscribe.py — run complete
[2026-06-28T12:57:26Z] auto_inscribe.py — starting run
[2026-06-28T12:57:26Z] auto_inscribe.py — run complete
[2026-06-28T13:02:26Z] auto_inscribe.py — starting run
[2026-06-28T13:02:26Z] auto_inscribe.py — run complete
[2026-06-28T13:07:26Z] auto_inscribe.py — starting run
[2026-06-28T13:07:26Z] auto_inscribe.py — run complete
[2026-06-28T13:12:26Z] auto_inscribe.py — starting run
[2026-06-28T13:12:26Z] auto_inscribe.py — run complete
[2026-06-28T13:17:27Z] auto_inscribe.py — starting run
[2026-06-28T13:17:27Z] auto_inscribe.py — run complete
[2026-06-28T13:22:27Z] auto_inscribe.py — starting run
[2026-06-28T13:22:27Z] auto_inscribe.py — run complete
[2026-06-28T13:27:27Z] auto_inscribe.py — starting run
[2026-06-28T13:27:27Z] auto_inscribe.py — run complete
[2026-06-28T13:32:27Z] auto_inscribe.py — starting run
[2026-06-28T13:32:27Z] auto_inscribe.py — run complete
[2026-06-28T13:37:27Z] auto_inscribe.py — starting run
[2026-06-28T13:37:27Z] auto_inscribe.py — run complete
[2026-06-28T13:42:27Z] auto_inscribe.py — starting run
[2026-06-28T13:42:27Z] auto_inscribe.py — run complete
[2026-06-28T13:47:27Z] auto_inscribe.py — starting run
[2026-06-28T13:47:27Z] auto_inscribe.py — run complete
[2026-06-28T13:52:27Z] auto_inscribe.py — starting run
[2026-06-28T13:52:27Z] auto_inscribe.py — run complete
[2026-06-28T13:57:27Z] auto_inscribe.py — starting run
[2026-06-28T13:57:27Z] auto_inscribe.py — run complete
[2026-06-28T14:02:28Z] auto_inscribe.py — starting run
[2026-06-28T14:02:28Z] auto_inscribe.py — run complete
[2026-06-28T14:07:28Z] auto_inscribe.py — starting run
[2026-06-28T14:07:28Z] auto_inscribe.py — run complete
[2026-06-28T14:12:28Z] auto_inscribe.py — starting run
[2026-06-28T14:12:28Z] auto_inscribe.py — run complete
[2026-06-28T14:17:28Z] auto_inscribe.py — starting run
[2026-06-28T14:17:28Z] auto_inscribe.py — run complete
[2026-06-28T14:22:28Z] auto_inscribe.py — starting run
[2026-06-28T14:22:28Z] auto_inscribe.py — run complete
[2026-06-28T14:27:28Z] auto_inscribe.py — starting run
[2026-06-28T14:27:28Z] auto_inscribe.py — run complete
[2026-06-28T14:32:28Z] auto_inscribe.py — starting run
[2026-06-28T14:32:28Z] auto_inscribe.py — run complete
[2026-06-28T14:37:28Z] auto_inscribe.py — starting run
[2026-06-28T14:37:28Z] auto_inscribe.py — run complete
[2026-06-28T14:42:28Z] auto_inscribe.py — starting run
[2026-06-28T14:42:28Z] auto_inscribe.py — run complete
[2026-06-28T14:47:28Z] auto_inscribe.py — starting run
[2026-06-28T14:47:28Z] auto_inscribe.py — run complete
[2026-06-28T14:52:29Z] auto_inscribe.py — starting run
[2026-06-28T14:52:29Z] auto_inscribe.py — run complete
[2026-06-28T14:57:29Z] auto_inscribe.py — starting run
[2026-06-28T14:57:29Z] auto_inscribe.py — run complete
[2026-06-28T15:02:29Z] auto_inscribe.py — starting run
[2026-06-28T15:02:29Z] auto_inscribe.py — run complete
[2026-06-28T15:07:29Z] auto_inscribe.py — starting run
[2026-06-28T15:07:29Z] auto_inscribe.py — run complete
[2026-06-28T15:12:29Z] auto_inscribe.py — starting run
[2026-06-28T15:12:29Z] auto_inscribe.py — run complete
[2026-06-28T15:17:29Z] auto_inscribe.py — starting run
[2026-06-28T15:17:29Z] auto_inscribe.py — run complete
[2026-06-28T15:22:29Z] auto_inscribe.py — starting run
[2026-06-28T15:22:29Z] auto_inscribe.py — run complete
[2026-06-28T15:27:29Z] auto_inscribe.py — starting run
[2026-06-28T15:27:29Z] auto_inscribe.py — run complete
[2026-06-28T15:32:29Z] auto_inscribe.py — starting run
[2026-06-28T15:32:29Z] auto_inscribe.py — run complete
[2026-06-28T15:37:30Z] auto_inscribe.py — starting run
[2026-06-28T15:37:30Z] auto_inscribe.py — run complete
[2026-06-28T15:42:30Z] auto_inscribe.py — starting run
[2026-06-28T15:42:30Z] auto_inscribe.py — run complete
[2026-06-28T15:47:30Z] auto_inscribe.py — starting run
[2026-06-28T15:47:30Z] auto_inscribe.py — run complete
[2026-06-28T15:52:30Z] auto_inscribe.py — starting run
[2026-06-28T15:52:30Z] auto_inscribe.py — run complete
[2026-06-28T15:57:30Z] auto_inscribe.py — starting run
[2026-06-28T15:57:30Z] auto_inscribe.py — run complete
[2026-06-28T16:02:30Z] auto_inscribe.py — starting run
[2026-06-28T16:02:30Z] auto_inscribe.py — run complete
[2026-06-28T16:07:30Z] auto_inscribe.py — starting run
[2026-06-28T16:07:30Z] auto_inscribe.py — run complete
[2026-06-28T16:12:30Z] auto_inscribe.py — starting run
[2026-06-28T16:12:30Z] auto_inscribe.py — run complete
[2026-06-28T16:17:30Z] auto_inscribe.py — starting run
[2026-06-28T16:17:30Z] auto_inscribe.py — run complete
[2026-06-28T16:22:31Z] auto_inscribe.py — starting run
[2026-06-28T16:22:31Z] auto_inscribe.py — run complete
[2026-06-28T16:27:31Z] auto_inscribe.py — starting run
[2026-06-28T16:27:31Z] auto_inscribe.py — run complete
[2026-06-28T16:32:31Z] auto_inscribe.py — starting run
[2026-06-28T16:32:31Z] auto_inscribe.py — run complete
[2026-06-28T16:37:31Z] auto_inscribe.py — starting run
[2026-06-28T16:37:31Z] auto_inscribe.py — run complete
[2026-06-28T16:42:31Z] auto_inscribe.py — starting run
[2026-06-28T16:42:31Z] auto_inscribe.py — run complete
[2026-06-28T16:47:31Z] auto_inscribe.py — starting run
[2026-06-28T16:47:31Z] auto_inscribe.py — run complete
[2026-06-28T16:52:31Z] auto_inscribe.py — starting run
[2026-06-28T16:52:31Z] auto_inscribe.py — run complete
[2026-06-28T16:57:31Z] auto_inscribe.py — starting run
[2026-06-28T16:57:31Z] auto_inscribe.py — run complete
[2026-06-28T17:02:31Z] auto_inscribe.py — starting run
[2026-06-28T17:02:31Z] auto_inscribe.py — run complete
[2026-06-28T17:07:31Z] auto_inscribe.py — starting run
[2026-06-28T17:07:31Z] auto_inscribe.py — run complete
[2026-06-28T17:12:32Z] auto_inscribe.py — starting run
[2026-06-28T17:12:32Z] auto_inscribe.py — run complete
[2026-06-28T17:17:32Z] auto_inscribe.py — starting run
[2026-06-28T17:17:32Z] auto_inscribe.py — run complete
[2026-06-28T17:22:32Z] auto_inscribe.py — starting run
[2026-06-28T17:22:32Z] auto_inscribe.py — run complete
[2026-06-28T17:27:32Z] auto_inscribe.py — starting run
[2026-06-28T17:27:32Z] auto_inscribe.py — run complete
[2026-06-28T17:32:32Z] auto_inscribe.py — starting run
[2026-06-28T17:32:32Z] auto_inscribe.py — run complete
[2026-06-28T17:37:32Z] auto_inscribe.py — starting run
[2026-06-28T17:37:32Z] auto_inscribe.py — run complete
[2026-06-28T17:42:32Z] auto_inscribe.py — starting run
[2026-06-28T17:42:32Z] auto_inscribe.py — run complete
[2026-06-28T17:47:32Z] auto_inscribe.py — starting run
[2026-06-28T17:47:32Z] auto_inscribe.py — run complete
[2026-06-28T17:52:32Z] auto_inscribe.py — starting run
[2026-06-28T17:52:32Z] auto_inscribe.py — run complete
[2026-06-28T17:57:33Z] auto_inscribe.py — starting run
[2026-06-28T17:57:33Z] auto_inscribe.py — run complete
[2026-06-28T18:02:33Z] auto_inscribe.py — starting run
[2026-06-28T18:02:33Z] auto_inscribe.py — run complete
[2026-06-28T18:07:33Z] auto_inscribe.py — starting run
[2026-06-28T18:07:33Z] auto_inscribe.py — run complete
[2026-06-28T18:12:33Z] auto_inscribe.py — starting run
[2026-06-28T18:12:33Z] auto_inscribe.py — run complete
[2026-06-28T18:17:33Z] auto_inscribe.py — starting run
[2026-06-28T18:17:33Z] auto_inscribe.py — run complete
[2026-06-28T18:22:33Z] auto_inscribe.py — starting run
[2026-06-28T18:22:33Z] auto_inscribe.py — run complete
[2026-06-28T18:27:33Z] auto_inscribe.py — starting run
[2026-06-28T18:27:33Z] auto_inscribe.py — run complete
[2026-06-28T18:32:33Z] auto_inscribe.py — starting run
[2026-06-28T18:32:33Z] auto_inscribe.py — run complete
[2026-06-28T18:37:33Z] auto_inscribe.py — starting run
[2026-06-28T18:37:33Z] auto_inscribe.py — run complete
[2026-06-28T18:42:33Z] auto_inscribe.py — starting run
[2026-06-28T18:42:33Z] auto_inscribe.py — run complete
[2026-06-28T18:47:34Z] auto_inscribe.py — starting run
[2026-06-28T18:47:34Z] auto_inscribe.py — run complete
[2026-06-28T18:52:34Z] auto_inscribe.py — starting run
[2026-06-28T18:52:34Z] auto_inscribe.py — run complete
[2026-06-28T18:57:34Z] auto_inscribe.py — starting run
[2026-06-28T18:57:34Z] auto_inscribe.py — run complete
[2026-06-28T19:02:34Z] auto_inscribe.py — starting run
[2026-06-28T19:02:34Z] auto_inscribe.py — run complete
[2026-06-28T19:07:34Z] auto_inscribe.py — starting run
[2026-06-28T19:07:34Z] auto_inscribe.py — run complete
[2026-06-28T19:12:34Z] auto_inscribe.py — starting run
[2026-06-28T19:12:34Z] auto_inscribe.py — run complete
[2026-06-28T19:17:34Z] auto_inscribe.py — starting run
[2026-06-28T19:17:34Z] auto_inscribe.py — run complete
[2026-06-28T19:22:34Z] auto_inscribe.py — starting run
[2026-06-28T19:22:34Z] auto_inscribe.py — run complete
[2026-06-28T19:27:35Z] auto_inscribe.py — starting run
[2026-06-28T19:27:35Z] auto_inscribe.py — run complete
[2026-06-28T19:32:35Z] auto_inscribe.py — starting run
[2026-06-28T19:32:35Z] auto_inscribe.py — run complete
[2026-06-28T19:37:35Z] auto_inscribe.py — starting run
[2026-06-28T19:37:35Z] auto_inscribe.py — run complete
[2026-06-28T19:42:35Z] auto_inscribe.py — starting run
[2026-06-28T19:42:35Z] auto_inscribe.py — run complete
[2026-06-28T19:47:35Z] auto_inscribe.py — starting run
[2026-06-28T19:47:35Z] auto_inscribe.py — run complete
[2026-06-28T19:52:35Z] auto_inscribe.py — starting run
[2026-06-28T19:52:35Z] auto_inscribe.py — run complete
[2026-06-28T19:57:35Z] auto_inscribe.py — starting run
[2026-06-28T19:57:35Z] auto_inscribe.py — run complete
[2026-06-28T20:02:35Z] auto_inscribe.py — starting run
[2026-06-28T20:02:35Z] auto_inscribe.py — run complete
[2026-06-28T20:07:35Z] auto_inscribe.py — starting run
[2026-06-28T20:07:35Z] auto_inscribe.py — run complete
[2026-06-28T20:12:36Z] auto_inscribe.py — starting run
[2026-06-28T20:12:36Z] auto_inscribe.py — run complete
[2026-06-28T20:17:36Z] auto_inscribe.py — starting run
[2026-06-28T20:17:36Z] auto_inscribe.py — run complete
[2026-06-28T20:22:36Z] auto_inscribe.py — starting run
[2026-06-28T20:22:36Z] auto_inscribe.py — run complete
[2026-06-28T20:27:36Z] auto_inscribe.py — starting run
[2026-06-28T20:27:36Z] auto_inscribe.py — run complete
[2026-06-28T20:32:36Z] auto_inscribe.py — starting run
[2026-06-28T20:32:36Z] auto_inscribe.py — run complete
[2026-06-28T20:37:36Z] auto_inscribe.py — starting run
[2026-06-28T20:37:36Z] auto_inscribe.py — run complete
[2026-06-28T20:42:36Z] auto_inscribe.py — starting run
[2026-06-28T20:42:36Z] auto_inscribe.py — run complete
[2026-06-28T20:47:36Z] auto_inscribe.py — starting run
[2026-06-28T20:47:36Z] auto_inscribe.py — run complete
[2026-06-28T20:52:37Z] auto_inscribe.py — starting run
[2026-06-28T20:52:37Z] auto_inscribe.py — run complete
[2026-06-28T20:57:37Z] auto_inscribe.py — starting run
[2026-06-28T20:57:37Z] auto_inscribe.py — run complete
[2026-06-28T21:02:37Z] auto_inscribe.py — starting run
[2026-06-28T21:02:37Z] auto_inscribe.py — run complete
[2026-06-28T21:07:37Z] auto_inscribe.py — starting run
[2026-06-28T21:07:37Z] auto_inscribe.py — run complete
[2026-06-28T21:12:37Z] auto_inscribe.py — starting run
[2026-06-28T21:12:37Z] auto_inscribe.py — run complete
[2026-06-28T21:17:37Z] auto_inscribe.py — starting run
[2026-06-28T21:17:37Z] auto_inscribe.py — run complete
[2026-06-28T21:22:37Z] auto_inscribe.py — starting run
[2026-06-28T21:22:37Z] auto_inscribe.py — run complete
[2026-06-28T21:27:37Z] auto_inscribe.py — starting run
[2026-06-28T21:27:37Z] auto_inscribe.py — run complete
[2026-06-28T21:32:37Z] auto_inscribe.py — starting run
[2026-06-28T21:32:37Z] auto_inscribe.py — run complete
[2026-06-28T21:37:38Z] auto_inscribe.py — starting run
[2026-06-28T21:37:38Z] auto_inscribe.py — run complete
[2026-06-28T21:42:38Z] auto_inscribe.py — starting run
[2026-06-28T21:42:38Z] auto_inscribe.py — run complete
[2026-06-28T21:47:38Z] auto_inscribe.py — starting run
[2026-06-28T21:47:38Z] auto_inscribe.py — run complete
[2026-06-28T21:52:38Z] auto_inscribe.py — starting run
[2026-06-28T21:52:38Z] auto_inscribe.py — run complete
[2026-06-28T21:57:38Z] auto_inscribe.py — starting run
[2026-06-28T21:57:38Z] auto_inscribe.py — run complete
[2026-06-28T22:02:38Z] auto_inscribe.py — starting run
[2026-06-28T22:02:38Z] auto_inscribe.py — run complete
[2026-06-28T22:07:38Z] auto_inscribe.py — starting run
[2026-06-28T22:07:38Z] auto_inscribe.py — run complete
[2026-06-28T22:12:38Z] auto_inscribe.py — starting run
[2026-06-28T22:12:38Z] auto_inscribe.py — run complete
[2026-06-28T22:17:38Z] auto_inscribe.py — starting run
[2026-06-28T22:17:38Z] auto_inscribe.py — run complete
[2026-06-28T22:22:39Z] auto_inscribe.py — starting run
[2026-06-28T22:22:39Z] auto_inscribe.py — run complete
[2026-06-28T22:27:39Z] auto_inscribe.py — starting run
[2026-06-28T22:27:39Z] auto_inscribe.py — run complete
[2026-06-28T22:32:39Z] auto_inscribe.py — starting run
[2026-06-28T22:32:39Z] auto_inscribe.py — run complete
[2026-06-28T22:37:39Z] auto_inscribe.py — starting run
[2026-06-28T22:37:39Z] auto_inscribe.py — run complete
[2026-06-28T22:42:39Z] auto_inscribe.py — starting run
[2026-06-28T22:42:39Z] auto_inscribe.py — run complete
[2026-06-28T22:47:39Z] auto_inscribe.py — starting run
[2026-06-28T22:47:39Z] auto_inscribe.py — run complete
[2026-06-28T22:52:39Z] auto_inscribe.py — starting run
[2026-06-28T22:52:39Z] auto_inscribe.py — run complete
[2026-06-28T22:57:39Z] auto_inscribe.py — starting run
[2026-06-28T22:57:39Z] auto_inscribe.py — run complete
[2026-06-28T23:02:39Z] auto_inscribe.py — starting run
[2026-06-28T23:02:39Z] auto_inscribe.py — run complete
[2026-06-28T23:07:39Z] auto_inscribe.py — starting run
[2026-06-28T23:07:39Z] auto_inscribe.py — run complete
[2026-06-28T23:12:40Z] auto_inscribe.py — starting run
[2026-06-28T23:12:40Z] auto_inscribe.py — run complete
[2026-06-28T23:17:40Z] auto_inscribe.py — starting run
[2026-06-28T23:17:40Z] auto_inscribe.py — run complete
[2026-06-28T23:22:40Z] auto_inscribe.py — starting run
[2026-06-28T23:22:40Z] auto_inscribe.py — run complete
[2026-06-28T23:27:40Z] auto_inscribe.py — starting run
[2026-06-28T23:27:40Z] auto_inscribe.py — run complete
[2026-06-28T23:32:40Z] auto_inscribe.py — starting run
[2026-06-28T23:32:40Z] auto_inscribe.py — run complete
[2026-06-28T23:37:40Z] auto_inscribe.py — starting run
[2026-06-28T23:37:40Z] auto_inscribe.py — run complete
[2026-06-28T23:42:40Z] auto_inscribe.py — starting run
[2026-06-28T23:42:40Z] auto_inscribe.py — run complete
[2026-06-28T23:47:40Z] auto_inscribe.py — starting run
[2026-06-28T23:47:40Z] auto_inscribe.py — run complete
[2026-06-28T23:52:41Z] auto_inscribe.py — starting run
[2026-06-28T23:52:41Z] auto_inscribe.py — run complete
[2026-06-28T23:57:41Z] auto_inscribe.py — starting run
[2026-06-28T23:57:41Z] auto_inscribe.py — run complete
[2026-06-29T00:02:41Z] auto_inscribe.py — starting run
[2026-06-29T00:02:41Z] auto_inscribe.py — run complete
[2026-06-29T00:07:41Z] auto_inscribe.py — starting run
[2026-06-29T00:07:41Z] auto_inscribe.py — run complete
[2026-06-29T00:12:41Z] auto_inscribe.py — starting run
[2026-06-29T00:12:41Z] auto_inscribe.py — run complete
[2026-06-29T00:17:41Z] auto_inscribe.py — starting run
[2026-06-29T00:17:41Z] auto_inscribe.py — run complete
[2026-06-29T00:22:41Z] auto_inscribe.py — starting run
[2026-06-29T00:22:41Z] auto_inscribe.py — run complete
[2026-06-29T00:27:41Z] auto_inscribe.py — starting run
[2026-06-29T00:27:41Z] auto_inscribe.py — run complete
[2026-06-29T00:32:41Z] auto_inscribe.py — starting run
[2026-06-29T00:32:41Z] auto_inscribe.py — run complete
[2026-06-29T00:37:41Z] auto_inscribe.py — starting run
[2026-06-29T00:37:41Z] auto_inscribe.py — run complete
[2026-06-29T00:42:42Z] auto_inscribe.py — starting run
[2026-06-29T00:42:42Z] auto_inscribe.py — run complete
[2026-06-29T00:47:42Z] auto_inscribe.py — starting run
[2026-06-29T00:47:42Z] auto_inscribe.py — run complete
[2026-06-29T00:52:42Z] auto_inscribe.py — starting run
[2026-06-29T00:52:42Z] auto_inscribe.py — run complete
[2026-06-29T00:57:42Z] auto_inscribe.py — starting run
[2026-06-29T00:57:42Z] auto_inscribe.py — run complete
[2026-06-29T01:02:42Z] auto_inscribe.py — starting run
[2026-06-29T01:02:42Z] auto_inscribe.py — run complete
[2026-06-29T01:07:42Z] auto_inscribe.py — starting run
[2026-06-29T01:07:42Z] auto_inscribe.py — run complete
[2026-06-29T01:12:42Z] auto_inscribe.py — starting run
[2026-06-29T01:12:42Z] auto_inscribe.py — run complete
[2026-06-29T01:17:42Z] auto_inscribe.py — starting run
[2026-06-29T01:17:42Z] auto_inscribe.py — run complete
[2026-06-29T01:22:43Z] auto_inscribe.py — starting run
[2026-06-29T01:22:43Z] auto_inscribe.py — run complete
[2026-06-29T01:27:44Z] auto_inscribe.py — starting run
[2026-06-29T01:27:44Z] auto_inscribe.py — run complete
[2026-06-29T01:32:44Z] auto_inscribe.py — starting run
[2026-06-29T01:32:44Z] auto_inscribe.py — run complete
[2026-06-29T01:37:44Z] auto_inscribe.py — starting run
[2026-06-29T01:37:44Z] auto_inscribe.py — run complete
[2026-06-29T01:42:45Z] auto_inscribe.py — starting run
[2026-06-29T01:42:45Z] auto_inscribe.py — run complete
[2026-06-29T01:47:45Z] auto_inscribe.py — starting run
[2026-06-29T01:47:45Z] auto_inscribe.py — run complete
[2026-06-29T01:52:45Z] auto_inscribe.py — starting run
[2026-06-29T01:52:45Z] auto_inscribe.py — run complete
[2026-06-29T01:57:45Z] auto_inscribe.py — starting run
[2026-06-29T01:57:45Z] auto_inscribe.py — run complete
[2026-06-29T02:02:45Z] auto_inscribe.py — starting run
[2026-06-29T02:02:45Z] auto_inscribe.py — run complete
[2026-06-29T02:07:45Z] auto_inscribe.py — starting run
[2026-06-29T02:07:45Z] auto_inscribe.py — run complete
[2026-06-29T02:12:45Z] auto_inscribe.py — starting run
[2026-06-29T02:12:45Z] auto_inscribe.py — run complete
[2026-06-29T02:17:45Z] auto_inscribe.py — starting run
[2026-06-29T02:17:45Z] auto_inscribe.py — run complete
[2026-06-29T02:22:46Z] auto_inscribe.py — starting run
[2026-06-29T02:22:46Z] auto_inscribe.py — run complete
[2026-06-29T02:27:46Z] auto_inscribe.py — starting run
[2026-06-29T02:27:46Z] auto_inscribe.py — run complete
[2026-06-29T02:32:46Z] auto_inscribe.py — starting run
[2026-06-29T02:32:46Z] auto_inscribe.py — run complete
[2026-06-29T02:37:46Z] auto_inscribe.py — starting run
[2026-06-29T02:37:46Z] auto_inscribe.py — run complete
[2026-06-29T02:42:46Z] auto_inscribe.py — starting run
[2026-06-29T02:42:46Z] auto_inscribe.py — run complete
[2026-06-29T02:47:46Z] auto_inscribe.py — starting run
[2026-06-29T02:47:46Z] auto_inscribe.py — run complete
[2026-06-29T02:52:46Z] auto_inscribe.py — starting run
[2026-06-29T02:52:46Z] auto_inscribe.py — run complete
[2026-06-29T02:57:46Z] auto_inscribe.py — starting run
[2026-06-29T02:57:46Z] auto_inscribe.py — run complete
[2026-06-29T03:02:46Z] auto_inscribe.py — starting run
[2026-06-29T03:02:46Z] auto_inscribe.py — run complete
[2026-06-29T03:07:47Z] auto_inscribe.py — starting run
[2026-06-29T03:07:47Z] auto_inscribe.py — run complete
[2026-06-29T03:12:47Z] auto_inscribe.py — starting run
[2026-06-29T03:12:47Z] auto_inscribe.py — run complete
[2026-06-29T03:17:47Z] auto_inscribe.py — starting run
[2026-06-29T03:17:47Z] auto_inscribe.py — run complete
[2026-06-29T03:22:47Z] auto_inscribe.py — starting run
[2026-06-29T03:22:47Z] auto_inscribe.py — run complete
[2026-06-29T03:27:47Z] auto_inscribe.py — starting run
[2026-06-29T03:27:47Z] auto_inscribe.py — run complete
[2026-06-29T03:32:47Z] auto_inscribe.py — starting run
[2026-06-29T03:32:47Z] auto_inscribe.py — run complete
[2026-06-29T03:37:47Z] auto_inscribe.py — starting run
[2026-06-29T03:37:47Z] auto_inscribe.py — run complete
[2026-06-29T03:42:47Z] auto_inscribe.py — starting run
[2026-06-29T03:42:47Z] auto_inscribe.py — run complete
[2026-06-29T03:47:47Z] auto_inscribe.py — starting run
[2026-06-29T03:47:47Z] auto_inscribe.py — run complete
[2026-06-29T03:52:48Z] auto_inscribe.py — starting run
[2026-06-29T03:52:48Z] auto_inscribe.py — run complete
[2026-06-29T03:57:48Z] auto_inscribe.py — starting run
[2026-06-29T03:57:48Z] auto_inscribe.py — run complete
[2026-06-29T04:02:48Z] auto_inscribe.py — starting run
[2026-06-29T04:02:48Z] auto_inscribe.py — run complete
[2026-06-29T04:07:48Z] auto_inscribe.py — starting run
[2026-06-29T04:07:48Z] auto_inscribe.py — run complete
[2026-06-29T04:12:48Z] auto_inscribe.py — starting run
[2026-06-29T04:12:48Z] auto_inscribe.py — run complete
[2026-06-29T04:17:48Z] auto_inscribe.py — starting run
[2026-06-29T04:17:48Z] auto_inscribe.py — run complete
[2026-06-29T04:22:48Z] auto_inscribe.py — starting run
[2026-06-29T04:22:48Z] auto_inscribe.py — run complete
[2026-06-29T04:27:48Z] auto_inscribe.py — starting run
[2026-06-29T04:27:48Z] auto_inscribe.py — run complete
[2026-06-29T04:32:48Z] auto_inscribe.py — starting run
[2026-06-29T04:32:48Z] auto_inscribe.py — run complete
[2026-06-29T04:37:49Z] auto_inscribe.py — starting run
[2026-06-29T04:37:49Z] auto_inscribe.py — run complete
[2026-06-29T04:42:49Z] auto_inscribe.py — starting run
[2026-06-29T04:42:49Z] auto_inscribe.py — run complete
[2026-06-29T04:47:49Z] auto_inscribe.py — starting run
[2026-06-29T04:47:49Z] auto_inscribe.py — run complete
[2026-06-29T04:52:49Z] auto_inscribe.py — starting run
[2026-06-29T04:52:49Z] auto_inscribe.py — run complete
[2026-06-29T04:57:49Z] auto_inscribe.py — starting run
[2026-06-29T04:57:49Z] auto_inscribe.py — run complete
[2026-06-29T05:02:49Z] auto_inscribe.py — starting run
[2026-06-29T05:02:49Z] auto_inscribe.py — run complete
[2026-06-29T05:07:49Z] auto_inscribe.py — starting run
[2026-06-29T05:07:49Z] auto_inscribe.py — run complete
[2026-06-29T05:12:49Z] auto_inscribe.py — starting run
[2026-06-29T05:12:49Z] auto_inscribe.py — run complete
[2026-06-29T05:17:49Z] auto_inscribe.py — starting run
[2026-06-29T05:17:49Z] auto_inscribe.py — run complete
[2026-06-29T05:22:50Z] auto_inscribe.py — starting run
[2026-06-29T05:22:50Z] auto_inscribe.py — run complete
[2026-06-29T05:27:50Z] auto_inscribe.py — starting run
[2026-06-29T05:27:50Z] auto_inscribe.py — run complete
[2026-06-29T05:32:50Z] auto_inscribe.py — starting run
[2026-06-29T05:32:50Z] auto_inscribe.py — run complete
[2026-06-29T05:37:50Z] auto_inscribe.py — starting run
[2026-06-29T05:37:50Z] auto_inscribe.py — run complete
[2026-06-29T05:42:50Z] auto_inscribe.py — starting run
[2026-06-29T05:42:50Z] auto_inscribe.py — run complete
[2026-06-29T05:47:50Z] auto_inscribe.py — starting run
[2026-06-29T05:47:50Z] auto_inscribe.py — run complete
[2026-06-29T05:52:50Z] auto_inscribe.py — starting run
[2026-06-29T05:52:50Z] auto_inscribe.py — run complete
[2026-06-29T05:57:50Z] auto_inscribe.py — starting run
[2026-06-29T05:57:50Z] auto_inscribe.py — run complete
[2026-06-29T06:02:50Z] auto_inscribe.py — starting run
[2026-06-29T06:02:50Z] auto_inscribe.py — run complete
[2026-06-29T06:07:51Z] auto_inscribe.py — starting run
[2026-06-29T06:07:51Z] auto_inscribe.py — run complete
[2026-06-29T06:12:51Z] auto_inscribe.py — starting run
[2026-06-29T06:12:51Z] auto_inscribe.py — run complete
[2026-06-29T06:17:51Z] auto_inscribe.py — starting run
[2026-06-29T06:17:51Z] Voice log: 242 new lines → voice_inscriptions_pending.md
[2026-06-29T06:17:51Z] auto_inscribe.py — run complete
[2026-06-29T06:22:52Z] auto_inscribe.py — starting run
[2026-06-29T06:22:52Z] auto_inscribe.py — run complete
[2026-06-29T06:27:52Z] auto_inscribe.py — starting run
[2026-06-29T06:27:52Z] auto_inscribe.py — run complete
[2026-06-29T06:32:52Z] auto_inscribe.py — starting run
[2026-06-29T06:32:52Z] auto_inscribe.py — run complete
[2026-06-29T06:37:52Z] auto_inscribe.py — starting run
[2026-06-29T06:37:52Z] auto_inscribe.py — run complete
[2026-06-29T06:42:52Z] auto_inscribe.py — starting run
[2026-06-29T06:42:52Z] auto_inscribe.py — run complete
[2026-06-29T06:47:52Z] auto_inscribe.py — starting run
[2026-06-29T06:47:52Z] auto_inscribe.py — run complete
[2026-06-29T06:52:52Z] auto_inscribe.py — starting run
[2026-06-29T06:52:52Z] auto_inscribe.py — run complete
[2026-06-29T06:57:52Z] auto_inscribe.py — starting run
[2026-06-29T06:57:52Z] auto_inscribe.py — run complete
[2026-06-29T07:02:52Z] auto_inscribe.py — starting run
[2026-06-29T07:02:52Z] auto_inscribe.py — run complete
[2026-06-29T07:07:53Z] auto_inscribe.py — starting run
[2026-06-29T07:07:53Z] auto_inscribe.py — run complete
[2026-06-29T07:12:53Z] auto_inscribe.py — starting run
[2026-06-29T07:12:53Z] auto_inscribe.py — run complete
[2026-06-29T07:17:53Z] auto_inscribe.py — starting run
[2026-06-29T07:17:53Z] auto_inscribe.py — run complete
[2026-06-29T07:22:53Z] auto_inscribe.py — starting run
[2026-06-29T07:22:53Z] auto_inscribe.py — run complete
[2026-06-29T07:27:53Z] auto_inscribe.py — starting run
[2026-06-29T07:27:53Z] auto_inscribe.py — run complete
[2026-06-29T07:32:53Z] auto_inscribe.py — starting run
[2026-06-29T07:32:53Z] auto_inscribe.py — run complete
[2026-06-29T07:37:53Z] auto_inscribe.py — starting run
[2026-06-29T07:37:53Z] auto_inscribe.py — run complete
[2026-06-29T07:42:53Z] auto_inscribe.py — starting run
[2026-06-29T07:42:53Z] auto_inscribe.py — run complete
[2026-06-29T07:47:53Z] auto_inscribe.py — starting run
[2026-06-29T07:47:53Z] auto_inscribe.py — run complete
[2026-06-29T07:52:54Z] auto_inscribe.py — starting run
[2026-06-29T07:52:54Z] auto_inscribe.py — run complete
[2026-06-29T07:57:54Z] auto_inscribe.py — starting run
[2026-06-29T07:57:54Z] auto_inscribe.py — run complete
[2026-06-29T08:02:54Z] auto_inscribe.py — starting run
[2026-06-29T08:02:54Z] auto_inscribe.py — run complete
[2026-06-29T08:07:54Z] auto_inscribe.py — starting run
[2026-06-29T08:07:54Z] auto_inscribe.py — run complete
[2026-06-29T08:12:54Z] auto_inscribe.py — starting run
[2026-06-29T08:12:54Z] auto_inscribe.py — run complete
[2026-06-29T08:17:54Z] auto_inscribe.py — starting run
[2026-06-29T08:17:54Z] auto_inscribe.py — run complete
[2026-06-29T08:22:54Z] auto_inscribe.py — starting run
[2026-06-29T08:22:54Z] auto_inscribe.py — run complete
[2026-06-29T08:27:54Z] auto_inscribe.py — starting run
[2026-06-29T08:27:54Z] auto_inscribe.py — run complete
[2026-06-29T08:32:54Z] auto_inscribe.py — starting run
[2026-06-29T08:32:54Z] auto_inscribe.py — run complete
[2026-06-29T08:37:55Z] auto_inscribe.py — starting run
[2026-06-29T08:37:55Z] auto_inscribe.py — run complete
[2026-06-29T08:42:55Z] auto_inscribe.py — starting run
[2026-06-29T08:42:55Z] auto_inscribe.py — run complete
[2026-06-29T08:47:55Z] auto_inscribe.py — starting run
[2026-06-29T08:47:55Z] auto_inscribe.py — run complete
[2026-06-29T08:52:55Z] auto_inscribe.py — starting run
[2026-06-29T08:52:55Z] auto_inscribe.py — run complete
[2026-06-29T08:57:55Z] auto_inscribe.py — starting run
[2026-06-29T08:57:55Z] auto_inscribe.py — run complete
[2026-06-29T09:02:55Z] auto_inscribe.py — starting run
[2026-06-29T09:02:55Z] auto_inscribe.py — run complete
[2026-06-29T09:07:55Z] auto_inscribe.py — starting run
[2026-06-29T09:07:55Z] auto_inscribe.py — run complete
[2026-06-29T09:12:55Z] auto_inscribe.py — starting run
[2026-06-29T09:12:55Z] auto_inscribe.py — run complete
[2026-06-29T09:17:55Z] auto_inscribe.py — starting run
[2026-06-29T09:17:55Z] auto_inscribe.py — run complete
[2026-06-29T09:22:55Z] auto_inscribe.py — starting run
[2026-06-29T09:22:55Z] auto_inscribe.py — run complete
[2026-06-29T09:27:56Z] auto_inscribe.py — starting run
[2026-06-29T09:27:56Z] auto_inscribe.py — run complete
[2026-06-29T09:32:56Z] auto_inscribe.py — starting run
[2026-06-29T09:32:56Z] auto_inscribe.py — run complete
[2026-06-29T09:37:56Z] auto_inscribe.py — starting run
[2026-06-29T09:37:56Z] auto_inscribe.py — run complete
[2026-06-29T09:42:56Z] auto_inscribe.py — starting run
[2026-06-29T09:42:56Z] auto_inscribe.py — run complete
[2026-06-29T09:47:56Z] auto_inscribe.py — starting run
[2026-06-29T09:47:56Z] auto_inscribe.py — run complete
[2026-06-29T09:52:56Z] auto_inscribe.py — starting run
[2026-06-29T09:52:56Z] auto_inscribe.py — run complete
[2026-06-29T09:57:56Z] auto_inscribe.py — starting run
[2026-06-29T09:57:56Z] auto_inscribe.py — run complete
[2026-06-29T10:02:56Z] auto_inscribe.py — starting run
[2026-06-29T10:02:56Z] auto_inscribe.py — run complete
[2026-06-29T10:07:56Z] auto_inscribe.py — starting run
[2026-06-29T10:07:56Z] auto_inscribe.py — run complete
[2026-06-29T10:12:57Z] auto_inscribe.py — starting run
[2026-06-29T10:12:57Z] auto_inscribe.py — run complete
[2026-06-29T10:17:57Z] auto_inscribe.py — starting run
[2026-06-29T10:17:57Z] auto_inscribe.py — run complete
[2026-06-29T10:22:57Z] auto_inscribe.py — starting run
[2026-06-29T10:22:57Z] auto_inscribe.py — run complete
[2026-06-29T10:27:57Z] auto_inscribe.py — starting run
[2026-06-29T10:27:57Z] auto_inscribe.py — run complete
[2026-06-29T10:32:57Z] auto_inscribe.py — starting run
[2026-06-29T10:32:57Z] auto_inscribe.py — run complete
[2026-06-29T10:37:57Z] auto_inscribe.py — starting run
[2026-06-29T10:37:57Z] auto_inscribe.py — run complete
[2026-06-29T10:42:57Z] auto_inscribe.py — starting run
[2026-06-29T10:42:57Z] auto_inscribe.py — run complete
[2026-06-29T10:47:57Z] auto_inscribe.py — starting run
[2026-06-29T10:47:57Z] auto_inscribe.py — run complete
[2026-06-29T10:52:57Z] auto_inscribe.py — starting run
[2026-06-29T10:52:57Z] auto_inscribe.py — run complete
[2026-06-29T10:57:57Z] auto_inscribe.py — starting run
[2026-06-29T10:57:57Z] auto_inscribe.py — run complete
[2026-06-29T11:02:58Z] auto_inscribe.py — starting run
[2026-06-29T11:02:58Z] auto_inscribe.py — run complete
[2026-06-29T11:07:58Z] auto_inscribe.py — starting run
[2026-06-29T11:07:58Z] auto_inscribe.py — run complete
[2026-06-29T11:12:58Z] auto_inscribe.py — starting run
[2026-06-29T11:12:58Z] auto_inscribe.py — run complete
[2026-06-29T11:17:58Z] auto_inscribe.py — starting run
[2026-06-29T11:17:58Z] auto_inscribe.py — run complete
[2026-06-29T11:22:58Z] auto_inscribe.py — starting run
[2026-06-29T11:22:58Z] auto_inscribe.py — run complete
[2026-06-29T11:27:58Z] auto_inscribe.py — starting run
[2026-06-29T11:27:58Z] auto_inscribe.py — run complete
[2026-06-29T11:32:58Z] auto_inscribe.py — starting run
[2026-06-29T11:32:58Z] auto_inscribe.py — run complete
[2026-06-29T11:37:58Z] auto_inscribe.py — starting run
[2026-06-29T11:37:58Z] auto_inscribe.py — run complete
[2026-06-29T11:42:59Z] auto_inscribe.py — starting run
[2026-06-29T11:42:59Z] auto_inscribe.py — run complete
[2026-06-29T11:47:59Z] auto_inscribe.py — starting run
[2026-06-29T11:47:59Z] auto_inscribe.py — run complete
[2026-06-29T11:52:59Z] auto_inscribe.py — starting run
[2026-06-29T11:52:59Z] auto_inscribe.py — run complete
[2026-06-29T11:57:59Z] auto_inscribe.py — starting run
[2026-06-29T11:57:59Z] auto_inscribe.py — run complete
[2026-06-29T12:02:59Z] auto_inscribe.py — starting run
[2026-06-29T12:02:59Z] auto_inscribe.py — run complete
[2026-06-29T12:07:59Z] auto_inscribe.py — starting run
[2026-06-29T12:07:59Z] auto_inscribe.py — run complete
[2026-06-29T12:12:59Z] auto_inscribe.py — starting run
[2026-06-29T12:12:59Z] auto_inscribe.py — run complete
[2026-06-29T12:17:59Z] auto_inscribe.py — starting run
[2026-06-29T12:17:59Z] auto_inscribe.py — run complete
[2026-06-29T12:22:59Z] auto_inscribe.py — starting run
[2026-06-29T12:22:59Z] auto_inscribe.py — run complete
[2026-06-29T12:27:59Z] auto_inscribe.py — starting run
[2026-06-29T12:27:59Z] auto_inscribe.py — run complete
[2026-06-29T12:33:00Z] auto_inscribe.py — starting run
[2026-06-29T12:33:00Z] auto_inscribe.py — run complete
[2026-06-29T12:38:00Z] auto_inscribe.py — starting run
[2026-06-29T12:38:00Z] auto_inscribe.py — run complete
[2026-06-29T12:43:00Z] auto_inscribe.py — starting run
[2026-06-29T12:43:00Z] auto_inscribe.py — run complete
[2026-06-29T12:48:00Z] auto_inscribe.py — starting run
[2026-06-29T12:48:00Z] auto_inscribe.py — run complete
[2026-06-29T12:53:00Z] auto_inscribe.py — starting run
[2026-06-29T12:53:00Z] auto_inscribe.py — run complete
[2026-06-29T12:58:00Z] auto_inscribe.py — starting run
[2026-06-29T12:58:00Z] auto_inscribe.py — run complete
[2026-06-29T13:03:00Z] auto_inscribe.py — starting run
[2026-06-29T13:03:00Z] auto_inscribe.py — run complete
[2026-06-29T13:08:00Z] auto_inscribe.py — starting run
[2026-06-29T13:08:00Z] auto_inscribe.py — run complete
[2026-06-29T13:13:01Z] auto_inscribe.py — starting run
[2026-06-29T13:13:01Z] auto_inscribe.py — run complete
[2026-06-29T13:18:01Z] auto_inscribe.py — starting run
[2026-06-29T13:18:01Z] auto_inscribe.py — run complete
[2026-06-29T13:23:01Z] auto_inscribe.py — starting run
[2026-06-29T13:23:01Z] auto_inscribe.py — run complete
[2026-06-29T13:28:01Z] auto_inscribe.py — starting run
[2026-06-29T13:28:01Z] auto_inscribe.py — run complete
[2026-06-29T13:33:01Z] auto_inscribe.py — starting run
[2026-06-29T13:33:01Z] auto_inscribe.py — run complete
[2026-06-29T13:38:01Z] auto_inscribe.py — starting run
[2026-06-29T13:38:01Z] auto_inscribe.py — run complete
[2026-06-29T13:43:01Z] auto_inscribe.py — starting run
[2026-06-29T13:43:01Z] auto_inscribe.py — run complete
[2026-06-29T13:48:01Z] auto_inscribe.py — starting run
[2026-06-29T13:48:01Z] auto_inscribe.py — run complete
[2026-06-29T13:53:01Z] auto_inscribe.py — starting run
[2026-06-29T13:53:01Z] auto_inscribe.py — run complete
[2026-06-29T13:58:01Z] auto_inscribe.py — starting run
[2026-06-29T13:58:01Z] auto_inscribe.py — run complete
[2026-06-29T14:03:02Z] auto_inscribe.py — starting run
[2026-06-29T14:03:02Z] auto_inscribe.py — run complete
[2026-06-29T14:08:02Z] auto_inscribe.py — starting run
[2026-06-29T14:08:02Z] auto_inscribe.py — run complete
[2026-06-29T14:13:02Z] auto_inscribe.py — starting run
[2026-06-29T14:13:02Z] auto_inscribe.py — run complete
[2026-06-29T14:18:02Z] auto_inscribe.py — starting run
[2026-06-29T14:18:02Z] auto_inscribe.py — run complete
[2026-06-29T14:23:02Z] auto_inscribe.py — starting run
[2026-06-29T14:23:02Z] auto_inscribe.py — run complete
[2026-06-29T14:28:02Z] auto_inscribe.py — starting run
[2026-06-29T14:28:02Z] auto_inscribe.py — run complete
[2026-06-29T14:33:02Z] auto_inscribe.py — starting run
[2026-06-29T14:33:02Z] auto_inscribe.py — run complete
[2026-06-29T14:38:02Z] auto_inscribe.py — starting run
[2026-06-29T14:38:02Z] auto_inscribe.py — run complete
[2026-06-29T14:43:02Z] auto_inscribe.py — starting run
[2026-06-29T14:43:02Z] auto_inscribe.py — run complete
[2026-06-29T14:48:03Z] auto_inscribe.py — starting run
[2026-06-29T14:48:03Z] auto_inscribe.py — run complete
[2026-06-29T14:53:03Z] auto_inscribe.py — starting run
[2026-06-29T14:53:03Z] auto_inscribe.py — run complete
[2026-06-29T14:58:03Z] auto_inscribe.py — starting run
[2026-06-29T14:58:03Z] auto_inscribe.py — run complete
[2026-06-29T15:03:03Z] auto_inscribe.py — starting run
[2026-06-29T15:03:03Z] auto_inscribe.py — run complete
[2026-06-29T15:08:03Z] auto_inscribe.py — starting run
[2026-06-29T15:08:03Z] auto_inscribe.py — run complete
[2026-06-29T15:13:03Z] auto_inscribe.py — starting run
[2026-06-29T15:13:03Z] auto_inscribe.py — run complete
[2026-06-29T15:18:03Z] auto_inscribe.py — starting run
[2026-06-29T15:18:03Z] auto_inscribe.py — run complete
[2026-06-29T15:23:03Z] auto_inscribe.py — starting run
[2026-06-29T15:23:03Z] auto_inscribe.py — run complete
[2026-06-29T15:28:03Z] auto_inscribe.py — starting run
[2026-06-29T15:28:03Z] auto_inscribe.py — run complete
[2026-06-29T15:33:04Z] auto_inscribe.py — starting run
[2026-06-29T15:33:04Z] auto_inscribe.py — run complete
[2026-06-29T15:38:04Z] auto_inscribe.py — starting run
[2026-06-29T15:38:04Z] auto_inscribe.py — run complete
[2026-06-29T15:43:04Z] auto_inscribe.py — starting run
[2026-06-29T15:43:04Z] auto_inscribe.py — run complete
[2026-06-29T15:48:04Z] auto_inscribe.py — starting run
[2026-06-29T15:48:04Z] auto_inscribe.py — run complete
[2026-06-29T15:53:04Z] auto_inscribe.py — starting run
[2026-06-29T15:53:04Z] auto_inscribe.py — run complete
[2026-06-29T15:58:04Z] auto_inscribe.py — starting run
[2026-06-29T15:58:04Z] auto_inscribe.py — run complete
[2026-06-29T16:03:04Z] auto_inscribe.py — starting run
[2026-06-29T16:03:04Z] auto_inscribe.py — run complete
[2026-06-29T16:08:04Z] auto_inscribe.py — starting run
[2026-06-29T16:08:04Z] auto_inscribe.py — run complete
[2026-06-29T16:13:04Z] auto_inscribe.py — starting run
[2026-06-29T16:13:04Z] auto_inscribe.py — run complete
[2026-06-29T16:18:04Z] auto_inscribe.py — starting run
[2026-06-29T16:18:04Z] auto_inscribe.py — run complete
[2026-06-29T16:23:05Z] auto_inscribe.py — starting run
[2026-06-29T16:23:05Z] auto_inscribe.py — run complete
[2026-06-29T16:28:05Z] auto_inscribe.py — starting run
[2026-06-29T16:28:05Z] auto_inscribe.py — run complete
[2026-06-29T16:33:05Z] auto_inscribe.py — starting run
[2026-06-29T16:33:05Z] auto_inscribe.py — run complete
[2026-06-29T16:38:05Z] auto_inscribe.py — starting run
[2026-06-29T16:38:05Z] auto_inscribe.py — run complete
[2026-06-29T16:43:05Z] auto_inscribe.py — starting run
[2026-06-29T16:43:05Z] auto_inscribe.py — run complete
[2026-06-29T16:48:05Z] auto_inscribe.py — starting run
[2026-06-29T16:48:05Z] auto_inscribe.py — run complete
[2026-06-29T16:53:05Z] auto_inscribe.py — starting run
[2026-06-29T16:53:05Z] auto_inscribe.py — run complete
[2026-06-29T16:58:05Z] auto_inscribe.py — starting run
[2026-06-29T16:58:05Z] auto_inscribe.py — run complete
[2026-06-29T17:03:06Z] auto_inscribe.py — starting run
[2026-06-29T17:03:06Z] auto_inscribe.py — run complete
[2026-06-29T17:08:06Z] auto_inscribe.py — starting run
[2026-06-29T17:08:06Z] auto_inscribe.py — run complete
[2026-06-29T17:13:06Z] auto_inscribe.py — starting run
[2026-06-29T17:13:06Z] auto_inscribe.py — run complete
[2026-06-29T17:18:06Z] auto_inscribe.py — starting run
[2026-06-29T17:18:06Z] auto_inscribe.py — run complete
[2026-06-29T17:23:06Z] auto_inscribe.py — starting run
[2026-06-29T17:23:06Z] auto_inscribe.py — run complete
[2026-06-29T17:28:06Z] auto_inscribe.py — starting run
[2026-06-29T17:28:06Z] auto_inscribe.py — run complete
[2026-06-29T17:33:06Z] auto_inscribe.py — starting run
[2026-06-29T17:33:06Z] auto_inscribe.py — run complete
[2026-06-29T17:38:06Z] auto_inscribe.py — starting run
[2026-06-29T17:38:06Z] auto_inscribe.py — run complete
[2026-06-29T17:43:06Z] auto_inscribe.py — starting run
[2026-06-29T17:43:06Z] auto_inscribe.py — run complete
[2026-06-29T17:48:07Z] auto_inscribe.py — starting run
[2026-06-29T17:48:07Z] auto_inscribe.py — run complete
[2026-06-29T17:53:07Z] auto_inscribe.py — starting run
[2026-06-29T17:53:07Z] auto_inscribe.py — run complete
[2026-06-29T17:58:07Z] auto_inscribe.py — starting run
[2026-06-29T17:58:07Z] auto_inscribe.py — run complete
[2026-06-29T18:03:07Z] auto_inscribe.py — starting run
[2026-06-29T18:03:07Z] auto_inscribe.py — run complete
[2026-06-29T18:08:07Z] auto_inscribe.py — starting run
[2026-06-29T18:08:07Z] auto_inscribe.py — run complete
[2026-06-29T18:13:07Z] auto_inscribe.py — starting run
[2026-06-29T18:13:07Z] auto_inscribe.py — run complete
[2026-06-29T18:18:07Z] auto_inscribe.py — starting run
[2026-06-29T18:18:07Z] auto_inscribe.py — run complete
[2026-06-29T18:23:07Z] auto_inscribe.py — starting run
[2026-06-29T18:23:07Z] auto_inscribe.py — run complete
[2026-06-29T18:28:07Z] auto_inscribe.py — starting run
[2026-06-29T18:28:07Z] auto_inscribe.py — run complete
[2026-06-29T18:33:08Z] auto_inscribe.py — starting run
[2026-06-29T18:33:08Z] auto_inscribe.py — run complete
[2026-06-29T18:38:08Z] auto_inscribe.py — starting run
[2026-06-29T18:38:08Z] auto_inscribe.py — run complete
[2026-06-29T18:43:08Z] auto_inscribe.py — starting run
[2026-06-29T18:43:08Z] auto_inscribe.py — run complete
[2026-06-29T18:48:08Z] auto_inscribe.py — starting run
[2026-06-29T18:48:08Z] auto_inscribe.py — run complete
[2026-06-29T18:53:08Z] auto_inscribe.py — starting run
[2026-06-29T18:53:08Z] auto_inscribe.py — run complete
[2026-06-29T18:58:08Z] auto_inscribe.py — starting run
[2026-06-29T18:58:08Z] auto_inscribe.py — run complete
[2026-06-29T19:03:08Z] auto_inscribe.py — starting run
[2026-06-29T19:03:08Z] auto_inscribe.py — run complete
[2026-06-29T19:08:08Z] auto_inscribe.py — starting run
[2026-06-29T19:08:08Z] auto_inscribe.py — run complete
[2026-06-29T19:13:08Z] auto_inscribe.py — starting run
[2026-06-29T19:13:08Z] auto_inscribe.py — run complete
[2026-06-29T19:18:09Z] auto_inscribe.py — starting run
[2026-06-29T19:18:09Z] auto_inscribe.py — run complete
[2026-06-29T19:23:09Z] auto_inscribe.py — starting run
[2026-06-29T19:23:09Z] auto_inscribe.py — run complete
[2026-06-29T19:28:09Z] auto_inscribe.py — starting run
[2026-06-29T19:28:09Z] auto_inscribe.py — run complete
[2026-06-29T19:33:09Z] auto_inscribe.py — starting run
[2026-06-29T19:33:09Z] auto_inscribe.py — run complete
[2026-06-29T19:38:09Z] auto_inscribe.py — starting run
[2026-06-29T19:38:09Z] auto_inscribe.py — run complete
[2026-06-29T19:43:09Z] auto_inscribe.py — starting run
[2026-06-29T19:43:09Z] auto_inscribe.py — run complete
[2026-06-29T19:48:09Z] auto_inscribe.py — starting run
[2026-06-29T19:48:09Z] auto_inscribe.py — run complete
[2026-06-29T19:53:09Z] auto_inscribe.py — starting run
[2026-06-29T19:53:09Z] auto_inscribe.py — run complete
[2026-06-29T19:58:09Z] auto_inscribe.py — starting run
[2026-06-29T19:58:09Z] auto_inscribe.py — run complete
[2026-06-29T20:03:10Z] auto_inscribe.py — starting run
[2026-06-29T20:03:10Z] auto_inscribe.py — run complete
[2026-06-29T20:08:10Z] auto_inscribe.py — starting run
[2026-06-29T20:08:10Z] auto_inscribe.py — run complete
[2026-06-29T20:13:10Z] auto_inscribe.py — starting run
[2026-06-29T20:13:10Z] auto_inscribe.py — run complete
[2026-06-29T20:18:10Z] auto_inscribe.py — starting run
[2026-06-29T20:18:10Z] auto_inscribe.py — run complete
[2026-06-29T20:23:10Z] auto_inscribe.py — starting run
[2026-06-29T20:23:10Z] auto_inscribe.py — run complete
[2026-06-29T20:28:10Z] auto_inscribe.py — starting run
[2026-06-29T20:28:10Z] auto_inscribe.py — run complete
[2026-06-29T20:33:10Z] auto_inscribe.py — starting run
[2026-06-29T20:33:10Z] auto_inscribe.py — run complete
[2026-06-29T20:38:10Z] auto_inscribe.py — starting run
[2026-06-29T20:38:10Z] auto_inscribe.py — run complete
[2026-06-29T20:43:10Z] auto_inscribe.py — starting run
[2026-06-29T20:43:10Z] auto_inscribe.py — run complete
[2026-06-29T20:48:11Z] auto_inscribe.py — starting run
[2026-06-29T20:48:11Z] auto_inscribe.py — run complete
[2026-06-29T20:53:11Z] auto_inscribe.py — starting run
[2026-06-29T20:53:11Z] auto_inscribe.py — run complete
[2026-06-29T20:58:11Z] auto_inscribe.py — starting run
[2026-06-29T20:58:11Z] auto_inscribe.py — run complete
[2026-06-29T21:03:11Z] auto_inscribe.py — starting run
[2026-06-29T21:03:11Z] auto_inscribe.py — run complete
[2026-06-29T21:08:11Z] auto_inscribe.py — starting run
[2026-06-29T21:08:11Z] auto_inscribe.py — run complete
[2026-06-29T21:13:11Z] auto_inscribe.py — starting run
[2026-06-29T21:13:11Z] auto_inscribe.py — run complete
[2026-06-29T21:18:11Z] auto_inscribe.py — starting run
[2026-06-29T21:18:11Z] auto_inscribe.py — run complete
[2026-06-29T21:23:11Z] auto_inscribe.py — starting run
[2026-06-29T21:23:11Z] auto_inscribe.py — run complete
[2026-06-29T21:28:11Z] auto_inscribe.py — starting run
[2026-06-29T21:28:11Z] auto_inscribe.py — run complete
[2026-06-29T21:33:11Z] auto_inscribe.py — starting run
[2026-06-29T21:33:11Z] auto_inscribe.py — run complete
[2026-06-29T21:38:12Z] auto_inscribe.py — starting run
[2026-06-29T21:38:12Z] auto_inscribe.py — run complete
[2026-06-29T21:43:12Z] auto_inscribe.py — starting run
[2026-06-29T21:43:12Z] auto_inscribe.py — run complete
[2026-06-29T21:48:12Z] auto_inscribe.py — starting run
[2026-06-29T21:48:12Z] auto_inscribe.py — run complete
[2026-06-29T21:53:12Z] auto_inscribe.py — starting run
[2026-06-29T21:53:12Z] auto_inscribe.py — run complete
[2026-06-29T21:58:12Z] auto_inscribe.py — starting run
[2026-06-29T21:58:12Z] auto_inscribe.py — run complete
[2026-06-29T22:03:12Z] auto_inscribe.py — starting run
[2026-06-29T22:03:12Z] auto_inscribe.py — run complete
[2026-06-29T22:08:12Z] auto_inscribe.py — starting run
[2026-06-29T22:08:12Z] auto_inscribe.py — run complete
[2026-06-29T22:13:12Z] auto_inscribe.py — starting run
[2026-06-29T22:13:12Z] auto_inscribe.py — run complete
[2026-06-29T22:18:13Z] auto_inscribe.py — starting run
[2026-06-29T22:18:13Z] auto_inscribe.py — run complete
[2026-06-29T22:23:13Z] auto_inscribe.py — starting run
[2026-06-29T22:23:13Z] auto_inscribe.py — run complete
[2026-06-29T22:28:13Z] auto_inscribe.py — starting run
[2026-06-29T22:28:13Z] auto_inscribe.py — run complete
[2026-06-29T22:33:13Z] auto_inscribe.py — starting run
[2026-06-29T22:33:13Z] auto_inscribe.py — run complete
[2026-06-29T22:38:13Z] auto_inscribe.py — starting run
[2026-06-29T22:38:13Z] auto_inscribe.py — run complete
[2026-06-29T22:43:13Z] auto_inscribe.py — starting run
[2026-06-29T22:43:13Z] auto_inscribe.py — run complete
[2026-06-29T22:48:13Z] auto_inscribe.py — starting run
[2026-06-29T22:48:13Z] auto_inscribe.py — run complete
[2026-06-29T22:53:13Z] auto_inscribe.py — starting run
[2026-06-29T22:53:13Z] auto_inscribe.py — run complete
[2026-06-29T22:58:14Z] auto_inscribe.py — starting run
[2026-06-29T22:58:14Z] auto_inscribe.py — run complete
[2026-06-29T23:03:14Z] auto_inscribe.py — starting run
[2026-06-29T23:03:14Z] auto_inscribe.py — run complete
[2026-06-29T23:08:14Z] auto_inscribe.py — starting run
[2026-06-29T23:08:14Z] auto_inscribe.py — run complete
[2026-06-29T23:13:14Z] auto_inscribe.py — starting run
[2026-06-29T23:13:14Z] auto_inscribe.py — run complete
[2026-06-29T23:18:14Z] auto_inscribe.py — starting run
[2026-06-29T23:18:14Z] auto_inscribe.py — run complete
[2026-06-29T23:23:14Z] auto_inscribe.py — starting run
[2026-06-29T23:23:14Z] auto_inscribe.py — run complete
[2026-06-29T23:28:14Z] auto_inscribe.py — starting run
[2026-06-29T23:28:14Z] auto_inscribe.py — run complete
[2026-06-29T23:33:14Z] auto_inscribe.py — starting run
[2026-06-29T23:33:14Z] auto_inscribe.py — run complete
[2026-06-29T23:38:14Z] auto_inscribe.py — starting run
[2026-06-29T23:38:14Z] auto_inscribe.py — run complete
[2026-06-29T23:43:15Z] auto_inscribe.py — starting run
[2026-06-29T23:43:15Z] auto_inscribe.py — run complete
[2026-06-29T23:48:15Z] auto_inscribe.py — starting run
[2026-06-29T23:48:15Z] auto_inscribe.py — run complete
[2026-06-29T23:53:15Z] auto_inscribe.py — starting run
[2026-06-29T23:53:15Z] auto_inscribe.py — run complete
[2026-06-29T23:58:15Z] auto_inscribe.py — starting run
[2026-06-29T23:58:15Z] auto_inscribe.py — run complete
[2026-06-30T00:03:15Z] auto_inscribe.py — starting run
[2026-06-30T00:03:15Z] auto_inscribe.py — run complete
[2026-06-30T00:08:15Z] auto_inscribe.py — starting run
[2026-06-30T00:08:15Z] auto_inscribe.py — run complete
[2026-06-30T00:13:15Z] auto_inscribe.py — starting run
[2026-06-30T00:13:15Z] auto_inscribe.py — run complete
[2026-06-30T00:18:15Z] auto_inscribe.py — starting run
[2026-06-30T00:18:15Z] auto_inscribe.py — run complete
[2026-06-30T00:23:15Z] auto_inscribe.py — starting run
[2026-06-30T00:23:15Z] auto_inscribe.py — run complete
[2026-06-30T00:28:16Z] auto_inscribe.py — starting run
[2026-06-30T00:28:16Z] auto_inscribe.py — run complete
[2026-06-30T00:33:16Z] auto_inscribe.py — starting run
[2026-06-30T00:33:16Z] auto_inscribe.py — run complete
[2026-06-30T00:38:16Z] auto_inscribe.py — starting run
[2026-06-30T00:38:16Z] auto_inscribe.py — run complete
[2026-06-30T00:43:16Z] auto_inscribe.py — starting run
[2026-06-30T00:43:16Z] auto_inscribe.py — run complete
[2026-06-30T00:48:16Z] auto_inscribe.py — starting run
[2026-06-30T00:48:16Z] auto_inscribe.py — run complete
[2026-06-30T00:53:16Z] auto_inscribe.py — starting run
[2026-06-30T00:53:16Z] auto_inscribe.py — run complete
[2026-06-30T00:58:16Z] auto_inscribe.py — starting run
[2026-06-30T00:58:16Z] auto_inscribe.py — run complete
[2026-06-30T01:03:16Z] auto_inscribe.py — starting run
[2026-06-30T01:03:16Z] auto_inscribe.py — run complete
[2026-06-30T01:08:17Z] auto_inscribe.py — starting run
[2026-06-30T01:08:17Z] auto_inscribe.py — run complete
[2026-06-30T01:13:17Z] auto_inscribe.py — starting run
[2026-06-30T01:13:17Z] auto_inscribe.py — run complete
[2026-06-30T01:18:17Z] auto_inscribe.py — starting run
[2026-06-30T01:18:17Z] auto_inscribe.py — run complete
[2026-06-30T01:23:17Z] auto_inscribe.py — starting run
[2026-06-30T01:23:17Z] auto_inscribe.py — run complete
[2026-06-30T01:28:17Z] auto_inscribe.py — starting run
[2026-06-30T01:28:17Z] auto_inscribe.py — run complete
[2026-06-30T01:33:17Z] auto_inscribe.py — starting run
[2026-06-30T01:33:17Z] auto_inscribe.py — run complete
[2026-06-30T01:38:17Z] auto_inscribe.py — starting run
[2026-06-30T01:38:17Z] auto_inscribe.py — run complete
[2026-06-30T01:43:17Z] auto_inscribe.py — starting run
[2026-06-30T01:43:17Z] auto_inscribe.py — run complete
[2026-06-30T01:48:17Z] auto_inscribe.py — starting run
[2026-06-30T01:48:17Z] auto_inscribe.py — run complete
[2026-06-30T01:53:17Z] auto_inscribe.py — starting run
[2026-06-30T01:53:18Z] auto_inscribe.py — run complete
[2026-06-30T01:58:18Z] auto_inscribe.py — starting run
[2026-06-30T01:58:18Z] auto_inscribe.py — run complete
[2026-06-30T02:03:18Z] auto_inscribe.py — starting run
[2026-06-30T02:03:18Z] auto_inscribe.py — run complete
[2026-06-30T02:08:18Z] auto_inscribe.py — starting run
[2026-06-30T02:08:18Z] auto_inscribe.py — run complete
[2026-06-30T02:13:18Z] auto_inscribe.py — starting run
[2026-06-30T02:13:18Z] auto_inscribe.py — run complete
[2026-06-30T02:18:18Z] auto_inscribe.py — starting run
[2026-06-30T02:18:18Z] auto_inscribe.py — run complete
[2026-06-30T02:23:18Z] auto_inscribe.py — starting run
[2026-06-30T02:23:18Z] auto_inscribe.py — run complete
[2026-06-30T02:28:18Z] auto_inscribe.py — starting run
[2026-06-30T02:28:18Z] auto_inscribe.py — run complete
[2026-06-30T02:33:18Z] auto_inscribe.py — starting run
[2026-06-30T02:33:18Z] auto_inscribe.py — run complete
[2026-06-30T02:38:19Z] auto_inscribe.py — starting run
[2026-06-30T02:38:19Z] auto_inscribe.py — run complete
[2026-06-30T02:43:19Z] auto_inscribe.py — starting run
[2026-06-30T02:43:19Z] auto_inscribe.py — run complete
[2026-06-30T02:48:19Z] auto_inscribe.py — starting run
[2026-06-30T02:48:19Z] auto_inscribe.py — run complete
[2026-06-30T02:53:19Z] auto_inscribe.py — starting run
[2026-06-30T02:53:19Z] auto_inscribe.py — run complete
[2026-06-30T02:58:19Z] auto_inscribe.py — starting run
[2026-06-30T02:58:19Z] auto_inscribe.py — run complete
[2026-06-30T03:03:19Z] auto_inscribe.py — starting run
[2026-06-30T03:03:19Z] auto_inscribe.py — run complete
[2026-06-30T03:08:19Z] auto_inscribe.py — starting run
[2026-06-30T03:08:19Z] auto_inscribe.py — run complete
[2026-06-30T03:13:19Z] auto_inscribe.py — starting run
[2026-06-30T03:13:19Z] auto_inscribe.py — run complete
[2026-06-30T03:18:19Z] auto_inscribe.py — starting run
[2026-06-30T03:18:19Z] auto_inscribe.py — run complete
[2026-06-30T03:23:19Z] auto_inscribe.py — starting run
[2026-06-30T03:23:19Z] auto_inscribe.py — run complete
[2026-06-30T03:28:20Z] auto_inscribe.py — starting run
[2026-06-30T03:28:20Z] auto_inscribe.py — run complete
[2026-06-30T03:33:20Z] auto_inscribe.py — starting run
[2026-06-30T03:33:20Z] auto_inscribe.py — run complete
[2026-06-30T03:38:20Z] auto_inscribe.py — starting run
[2026-06-30T03:38:20Z] auto_inscribe.py — run complete
[2026-06-30T03:43:20Z] auto_inscribe.py — starting run
[2026-06-30T03:43:20Z] auto_inscribe.py — run complete
[2026-06-30T03:48:20Z] auto_inscribe.py — starting run
[2026-06-30T03:48:20Z] auto_inscribe.py — run complete
[2026-06-30T03:53:20Z] auto_inscribe.py — starting run
[2026-06-30T03:53:20Z] auto_inscribe.py — run complete
[2026-06-30T03:58:20Z] auto_inscribe.py — starting run
[2026-06-30T03:58:20Z] auto_inscribe.py — run complete
[2026-06-30T04:03:20Z] auto_inscribe.py — starting run
[2026-06-30T04:03:20Z] auto_inscribe.py — run complete
[2026-06-30T04:08:21Z] auto_inscribe.py — starting run
[2026-06-30T04:08:21Z] auto_inscribe.py — run complete
[2026-06-30T04:13:21Z] auto_inscribe.py — starting run
[2026-06-30T04:13:21Z] auto_inscribe.py — run complete
[2026-06-30T04:18:21Z] auto_inscribe.py — starting run
[2026-06-30T04:18:21Z] auto_inscribe.py — run complete
[2026-06-30T04:23:21Z] auto_inscribe.py — starting run
[2026-06-30T04:23:21Z] auto_inscribe.py — run complete
[2026-06-30T04:28:21Z] auto_inscribe.py — starting run
[2026-06-30T04:28:21Z] auto_inscribe.py — run complete
[2026-06-30T04:33:21Z] auto_inscribe.py — starting run
[2026-06-30T04:33:21Z] auto_inscribe.py — run complete
[2026-06-30T04:38:21Z] auto_inscribe.py — starting run
[2026-06-30T04:38:21Z] auto_inscribe.py — run complete
[2026-06-30T04:43:21Z] auto_inscribe.py — starting run
[2026-06-30T04:43:21Z] auto_inscribe.py — run complete
[2026-06-30T04:48:21Z] auto_inscribe.py — starting run
[2026-06-30T04:48:21Z] auto_inscribe.py — run complete
[2026-06-30T04:53:22Z] auto_inscribe.py — starting run
[2026-06-30T04:53:22Z] auto_inscribe.py — run complete
[2026-06-30T04:58:22Z] auto_inscribe.py — starting run
[2026-06-30T04:58:22Z] auto_inscribe.py — run complete
[2026-06-30T05:03:22Z] auto_inscribe.py — starting run
[2026-06-30T05:03:22Z] auto_inscribe.py — run complete
[2026-06-30T05:08:22Z] auto_inscribe.py — starting run
[2026-06-30T05:08:22Z] auto_inscribe.py — run complete
[2026-06-30T05:13:22Z] auto_inscribe.py — starting run
[2026-06-30T05:13:22Z] auto_inscribe.py — run complete
[2026-06-30T05:18:22Z] auto_inscribe.py — starting run
[2026-06-30T05:18:22Z] auto_inscribe.py — run complete
[2026-06-30T05:23:22Z] auto_inscribe.py — starting run
[2026-06-30T05:23:22Z] auto_inscribe.py — run complete
[2026-06-30T05:28:22Z] auto_inscribe.py — starting run
[2026-06-30T05:28:22Z] auto_inscribe.py — run complete
[2026-06-30T05:33:23Z] auto_inscribe.py — starting run
[2026-06-30T05:33:23Z] auto_inscribe.py — run complete
[2026-06-30T05:38:23Z] auto_inscribe.py — starting run
[2026-06-30T05:38:23Z] auto_inscribe.py — run complete
[2026-06-30T05:43:23Z] auto_inscribe.py — starting run
[2026-06-30T05:43:23Z] auto_inscribe.py — run complete
[2026-06-30T05:48:23Z] auto_inscribe.py — starting run
[2026-06-30T05:48:23Z] auto_inscribe.py — run complete
[2026-06-30T05:53:23Z] auto_inscribe.py — starting run
[2026-06-30T05:53:23Z] auto_inscribe.py — run complete
[2026-06-30T05:58:23Z] auto_inscribe.py — starting run
[2026-06-30T05:58:23Z] auto_inscribe.py — run complete
[2026-06-30T06:03:23Z] auto_inscribe.py — starting run
[2026-06-30T06:03:23Z] auto_inscribe.py — run complete
[2026-06-30T06:08:23Z] auto_inscribe.py — starting run
[2026-06-30T06:08:23Z] auto_inscribe.py — run complete
[2026-06-30T06:13:24Z] auto_inscribe.py — starting run
[2026-06-30T06:13:24Z] auto_inscribe.py — run complete
[2026-06-30T06:18:24Z] auto_inscribe.py — starting run
[2026-06-30T06:18:24Z] auto_inscribe.py — run complete
[2026-06-30T06:23:24Z] auto_inscribe.py — starting run
[2026-06-30T06:23:24Z] auto_inscribe.py — run complete
[2026-06-30T06:28:24Z] auto_inscribe.py — starting run
[2026-06-30T06:28:24Z] auto_inscribe.py — run complete
[2026-06-30T06:33:24Z] auto_inscribe.py — starting run
[2026-06-30T06:33:24Z] auto_inscribe.py — run complete
[2026-06-30T06:38:24Z] auto_inscribe.py — starting run
[2026-06-30T06:38:24Z] auto_inscribe.py — run complete
[2026-06-30T06:43:24Z] auto_inscribe.py — starting run
[2026-06-30T06:43:24Z] auto_inscribe.py — run complete
[2026-06-30T06:48:24Z] auto_inscribe.py — starting run
[2026-06-30T06:48:24Z] auto_inscribe.py — run complete
[2026-06-30T06:53:24Z] auto_inscribe.py — starting run
[2026-06-30T06:53:24Z] auto_inscribe.py — run complete
[2026-06-30T06:58:25Z] auto_inscribe.py — starting run
[2026-06-30T06:58:25Z] auto_inscribe.py — run complete
[2026-06-30T07:03:25Z] auto_inscribe.py — starting run
[2026-06-30T07:03:25Z] auto_inscribe.py — run complete
[2026-06-30T07:08:25Z] auto_inscribe.py — starting run
[2026-06-30T07:08:25Z] auto_inscribe.py — run complete
[2026-06-30T07:13:25Z] auto_inscribe.py — starting run
[2026-06-30T07:13:25Z] auto_inscribe.py — run complete
[2026-06-30T07:18:25Z] auto_inscribe.py — starting run
[2026-06-30T07:18:25Z] auto_inscribe.py — run complete
[2026-06-30T07:23:25Z] auto_inscribe.py — starting run
[2026-06-30T07:23:25Z] auto_inscribe.py — run complete
[2026-06-30T07:28:25Z] auto_inscribe.py — starting run
[2026-06-30T07:28:25Z] auto_inscribe.py — run complete
[2026-06-30T07:33:25Z] auto_inscribe.py — starting run
[2026-06-30T07:33:25Z] auto_inscribe.py — run complete
[2026-06-30T07:38:25Z] auto_inscribe.py — starting run
[2026-06-30T07:38:25Z] auto_inscribe.py — run complete
[2026-06-30T07:43:26Z] auto_inscribe.py — starting run
[2026-06-30T07:43:26Z] auto_inscribe.py — run complete
[2026-06-30T07:48:26Z] auto_inscribe.py — starting run
[2026-06-30T07:48:26Z] auto_inscribe.py — run complete
[2026-06-30T07:53:26Z] auto_inscribe.py — starting run
[2026-06-30T07:53:26Z] auto_inscribe.py — run complete
[2026-06-30T07:58:26Z] auto_inscribe.py — starting run
[2026-06-30T07:58:26Z] auto_inscribe.py — run complete
[2026-06-30T08:03:26Z] auto_inscribe.py — starting run
[2026-06-30T08:03:26Z] auto_inscribe.py — run complete
[2026-06-30T08:08:26Z] auto_inscribe.py — starting run
[2026-06-30T08:08:26Z] auto_inscribe.py — run complete
[2026-06-30T08:13:26Z] auto_inscribe.py — starting run
[2026-06-30T08:13:26Z] auto_inscribe.py — run complete
[2026-06-30T08:18:26Z] auto_inscribe.py — starting run
[2026-06-30T08:18:26Z] auto_inscribe.py — run complete
[2026-06-30T08:23:27Z] auto_inscribe.py — starting run
[2026-06-30T08:23:27Z] auto_inscribe.py — run complete
[2026-06-30T08:28:27Z] auto_inscribe.py — starting run
[2026-06-30T08:28:27Z] auto_inscribe.py — run complete
[2026-06-30T08:33:27Z] auto_inscribe.py — starting run
[2026-06-30T08:33:27Z] auto_inscribe.py — run complete
[2026-06-30T08:38:27Z] auto_inscribe.py — starting run
[2026-06-30T08:38:27Z] auto_inscribe.py — run complete
[2026-06-30T08:43:27Z] auto_inscribe.py — starting run
[2026-06-30T08:43:27Z] auto_inscribe.py — run complete
[2026-06-30T08:48:27Z] auto_inscribe.py — starting run
[2026-06-30T08:48:27Z] auto_inscribe.py — run complete
[2026-06-30T08:53:27Z] auto_inscribe.py — starting run
[2026-06-30T08:53:27Z] auto_inscribe.py — run complete
[2026-06-30T08:58:27Z] auto_inscribe.py — starting run
[2026-06-30T08:58:27Z] auto_inscribe.py — run complete
[2026-06-30T09:03:28Z] auto_inscribe.py — starting run
[2026-06-30T09:03:28Z] auto_inscribe.py — run complete
[2026-06-30T09:08:28Z] auto_inscribe.py — starting run
[2026-06-30T09:08:28Z] auto_inscribe.py — run complete
[2026-06-30T09:13:28Z] auto_inscribe.py — starting run
[2026-06-30T09:13:28Z] auto_inscribe.py — run complete
[2026-06-30T09:18:28Z] auto_inscribe.py — starting run
[2026-06-30T09:18:28Z] auto_inscribe.py — run complete
[2026-06-30T09:23:28Z] auto_inscribe.py — starting run
[2026-06-30T09:23:28Z] auto_inscribe.py — run complete
[2026-06-30T09:28:28Z] auto_inscribe.py — starting run
[2026-06-30T09:28:28Z] auto_inscribe.py — run complete
[2026-06-30T09:33:28Z] auto_inscribe.py — starting run
[2026-06-30T09:33:28Z] auto_inscribe.py — run complete
[2026-06-30T09:38:28Z] auto_inscribe.py — starting run
[2026-06-30T09:38:28Z] auto_inscribe.py — run complete
[2026-06-30T09:43:28Z] auto_inscribe.py — starting run
[2026-06-30T09:43:29Z] auto_inscribe.py — run complete
[2026-06-30T09:48:29Z] auto_inscribe.py — starting run
[2026-06-30T09:48:29Z] auto_inscribe.py — run complete
[2026-06-30T09:53:29Z] auto_inscribe.py — starting run
[2026-06-30T09:53:29Z] auto_inscribe.py — run complete
[2026-06-30T09:58:29Z] auto_inscribe.py — starting run
[2026-06-30T09:58:29Z] auto_inscribe.py — run complete
[2026-06-30T10:03:29Z] auto_inscribe.py — starting run
[2026-06-30T10:03:29Z] auto_inscribe.py — run complete
[2026-06-30T10:08:29Z] auto_inscribe.py — starting run
[2026-06-30T10:08:29Z] auto_inscribe.py — run complete
[2026-06-30T10:13:29Z] auto_inscribe.py — starting run
[2026-06-30T10:13:29Z] auto_inscribe.py — run complete
[2026-06-30T10:18:29Z] auto_inscribe.py — starting run
[2026-06-30T10:18:29Z] auto_inscribe.py — run complete
[2026-06-30T10:23:29Z] auto_inscribe.py — starting run
[2026-06-30T10:23:29Z] auto_inscribe.py — run complete
[2026-06-30T10:28:30Z] auto_inscribe.py — starting run
[2026-06-30T10:28:30Z] auto_inscribe.py — run complete
[2026-06-30T10:33:30Z] auto_inscribe.py — starting run
[2026-06-30T10:33:30Z] auto_inscribe.py — run complete
[2026-06-30T10:38:30Z] auto_inscribe.py — starting run
[2026-06-30T10:38:30Z] auto_inscribe.py — run complete
[2026-06-30T10:43:30Z] auto_inscribe.py — starting run
[2026-06-30T10:43:30Z] auto_inscribe.py — run complete
[2026-06-30T10:48:30Z] auto_inscribe.py — starting run
[2026-06-30T10:48:30Z] auto_inscribe.py — run complete
[2026-06-30T10:53:30Z] auto_inscribe.py — starting run
[2026-06-30T10:53:30Z] auto_inscribe.py — run complete
[2026-06-30T10:58:30Z] auto_inscribe.py — starting run
[2026-06-30T10:58:30Z] auto_inscribe.py — run complete
[2026-06-30T11:03:30Z] auto_inscribe.py — starting run
[2026-06-30T11:03:30Z] auto_inscribe.py — run complete
[2026-06-30T11:08:30Z] auto_inscribe.py — starting run
[2026-06-30T11:08:30Z] auto_inscribe.py — run complete
[2026-06-30T11:13:31Z] auto_inscribe.py — starting run
[2026-06-30T11:13:31Z] auto_inscribe.py — run complete
[2026-06-30T11:18:31Z] auto_inscribe.py — starting run
[2026-06-30T11:18:31Z] auto_inscribe.py — run complete
[2026-06-30T11:23:31Z] auto_inscribe.py — starting run
[2026-06-30T11:23:31Z] auto_inscribe.py — run complete
[2026-06-30T11:28:31Z] auto_inscribe.py — starting run
[2026-06-30T11:28:31Z] auto_inscribe.py — run complete
[2026-06-30T11:33:31Z] auto_inscribe.py — starting run
[2026-06-30T11:33:31Z] auto_inscribe.py — run complete
[2026-06-30T11:38:31Z] auto_inscribe.py — starting run
[2026-06-30T11:38:31Z] auto_inscribe.py — run complete
[2026-06-30T11:43:31Z] auto_inscribe.py — starting run
[2026-06-30T11:43:31Z] auto_inscribe.py — run complete
[2026-06-30T11:48:31Z] auto_inscribe.py — starting run
[2026-06-30T11:48:31Z] auto_inscribe.py — run complete
[2026-06-30T11:53:31Z] auto_inscribe.py — starting run
[2026-06-30T11:53:31Z] auto_inscribe.py — run complete
[2026-06-30T11:58:32Z] auto_inscribe.py — starting run
[2026-06-30T11:58:32Z] auto_inscribe.py — run complete
[2026-06-30T12:03:32Z] auto_inscribe.py — starting run
[2026-06-30T12:03:32Z] auto_inscribe.py — run complete
[2026-06-30T12:08:32Z] auto_inscribe.py — starting run
[2026-06-30T12:08:32Z] auto_inscribe.py — run complete
[2026-06-30T12:13:32Z] auto_inscribe.py — starting run
[2026-06-30T12:13:32Z] auto_inscribe.py — run complete
[2026-06-30T12:18:32Z] auto_inscribe.py — starting run
[2026-06-30T12:18:32Z] auto_inscribe.py — run complete
[2026-06-30T12:23:32Z] auto_inscribe.py — starting run
[2026-06-30T12:23:32Z] auto_inscribe.py — run complete
[2026-06-30T12:28:32Z] auto_inscribe.py — starting run
[2026-06-30T12:28:32Z] auto_inscribe.py — run complete
[2026-06-30T12:33:32Z] auto_inscribe.py — starting run
[2026-06-30T12:33:32Z] auto_inscribe.py — run complete
[2026-06-30T12:38:32Z] auto_inscribe.py — starting run
[2026-06-30T12:38:32Z] auto_inscribe.py — run complete
[2026-06-30T12:43:33Z] auto_inscribe.py — starting run
[2026-06-30T12:43:33Z] auto_inscribe.py — run complete
[2026-06-30T12:48:33Z] auto_inscribe.py — starting run
[2026-06-30T12:48:33Z] auto_inscribe.py — run complete
[2026-06-30T12:53:33Z] auto_inscribe.py — starting run
[2026-06-30T12:53:33Z] auto_inscribe.py — run complete
[2026-06-30T12:58:33Z] auto_inscribe.py — starting run
[2026-06-30T12:58:33Z] auto_inscribe.py — run complete
[2026-06-30T13:03:33Z] auto_inscribe.py — starting run
[2026-06-30T13:03:33Z] auto_inscribe.py — run complete
[2026-06-30T13:08:33Z] auto_inscribe.py — starting run
[2026-06-30T13:08:33Z] auto_inscribe.py — run complete
[2026-06-30T13:13:33Z] auto_inscribe.py — starting run
[2026-06-30T13:13:33Z] auto_inscribe.py — run complete
[2026-06-30T13:18:33Z] auto_inscribe.py — starting run
[2026-06-30T13:18:33Z] auto_inscribe.py — run complete
[2026-06-30T13:23:33Z] auto_inscribe.py — starting run
[2026-06-30T13:23:33Z] auto_inscribe.py — run complete
[2026-06-30T13:28:34Z] auto_inscribe.py — starting run
[2026-06-30T13:28:34Z] auto_inscribe.py — run complete
[2026-06-30T13:33:34Z] auto_inscribe.py — starting run
[2026-06-30T13:33:34Z] auto_inscribe.py — run complete
[2026-06-30T13:38:34Z] auto_inscribe.py — starting run
[2026-06-30T13:38:34Z] auto_inscribe.py — run complete
[2026-06-30T13:43:34Z] auto_inscribe.py — starting run
[2026-06-30T13:43:34Z] auto_inscribe.py — run complete
[2026-06-30T13:48:34Z] auto_inscribe.py — starting run
[2026-06-30T13:48:34Z] auto_inscribe.py — run complete
[2026-06-30T13:53:34Z] auto_inscribe.py — starting run
[2026-06-30T13:53:34Z] auto_inscribe.py — run complete
[2026-06-30T13:58:34Z] auto_inscribe.py — starting run
[2026-06-30T13:58:34Z] auto_inscribe.py — run complete
[2026-06-30T14:03:34Z] auto_inscribe.py — starting run
[2026-06-30T14:03:34Z] auto_inscribe.py — run complete
[2026-06-30T14:08:34Z] auto_inscribe.py — starting run
[2026-06-30T14:08:34Z] auto_inscribe.py — run complete
[2026-06-30T14:13:35Z] auto_inscribe.py — starting run
[2026-06-30T14:13:35Z] auto_inscribe.py — run complete
[2026-06-30T14:18:35Z] auto_inscribe.py — starting run
[2026-06-30T14:18:35Z] auto_inscribe.py — run complete
[2026-06-30T14:23:35Z] auto_inscribe.py — starting run
[2026-06-30T14:23:35Z] auto_inscribe.py — run complete
[2026-06-30T14:28:35Z] auto_inscribe.py — starting run
[2026-06-30T14:28:35Z] auto_inscribe.py — run complete
[2026-06-30T14:33:35Z] auto_inscribe.py — starting run
[2026-06-30T14:33:35Z] auto_inscribe.py — run complete
[2026-06-30T14:38:35Z] auto_inscribe.py — starting run
[2026-06-30T14:38:35Z] auto_inscribe.py — run complete
[2026-06-30T14:43:35Z] auto_inscribe.py — starting run
[2026-06-30T14:43:35Z] auto_inscribe.py — run complete
[2026-06-30T14:48:35Z] auto_inscribe.py — starting run
[2026-06-30T14:48:35Z] auto_inscribe.py — run complete
[2026-06-30T14:53:36Z] auto_inscribe.py — starting run
[2026-06-30T14:53:36Z] auto_inscribe.py — run complete
[2026-06-30T14:58:36Z] auto_inscribe.py — starting run
[2026-06-30T14:58:36Z] auto_inscribe.py — run complete
[2026-06-30T15:03:36Z] auto_inscribe.py — starting run
[2026-06-30T15:03:36Z] auto_inscribe.py — run complete
[2026-06-30T15:08:36Z] auto_inscribe.py — starting run
[2026-06-30T15:08:36Z] auto_inscribe.py — run complete
[2026-06-30T15:13:36Z] auto_inscribe.py — starting run
[2026-06-30T15:13:36Z] auto_inscribe.py — run complete
[2026-06-30T15:18:36Z] auto_inscribe.py — starting run
[2026-06-30T15:18:36Z] auto_inscribe.py — run complete
[2026-06-30T15:23:36Z] auto_inscribe.py — starting run
[2026-06-30T15:23:36Z] auto_inscribe.py — run complete
[2026-06-30T15:28:36Z] auto_inscribe.py — starting run
[2026-06-30T15:28:36Z] auto_inscribe.py — run complete
[2026-06-30T15:33:37Z] auto_inscribe.py — starting run
[2026-06-30T15:33:37Z] auto_inscribe.py — run complete
[2026-06-30T15:38:37Z] auto_inscribe.py — starting run
[2026-06-30T15:38:37Z] auto_inscribe.py — run complete
[2026-06-30T15:43:37Z] auto_inscribe.py — starting run
[2026-06-30T15:43:37Z] auto_inscribe.py — run complete
[2026-06-30T15:48:37Z] auto_inscribe.py — starting run
[2026-06-30T15:48:37Z] auto_inscribe.py — run complete
[2026-06-30T15:53:37Z] auto_inscribe.py — starting run
[2026-06-30T15:53:37Z] auto_inscribe.py — run complete
[2026-06-30T15:58:37Z] auto_inscribe.py — starting run
[2026-06-30T15:58:37Z] auto_inscribe.py — run complete
[2026-06-30T16:03:37Z] auto_inscribe.py — starting run
[2026-06-30T16:03:37Z] auto_inscribe.py — run complete
[2026-06-30T16:08:37Z] auto_inscribe.py — starting run
[2026-06-30T16:08:37Z] auto_inscribe.py — run complete
[2026-06-30T16:13:38Z] auto_inscribe.py — starting run
[2026-06-30T16:13:38Z] auto_inscribe.py — run complete
[2026-06-30T16:18:38Z] auto_inscribe.py — starting run
[2026-06-30T16:18:38Z] auto_inscribe.py — run complete
[2026-06-30T16:23:38Z] auto_inscribe.py — starting run
[2026-06-30T16:23:38Z] auto_inscribe.py — run complete
[2026-06-30T16:28:38Z] auto_inscribe.py — starting run
[2026-06-30T16:28:38Z] auto_inscribe.py — run complete
[2026-06-30T16:33:38Z] auto_inscribe.py — starting run
[2026-06-30T16:33:38Z] auto_inscribe.py — run complete
[2026-06-30T16:38:38Z] auto_inscribe.py — starting run
[2026-06-30T16:38:38Z] auto_inscribe.py — run complete
[2026-06-30T16:43:38Z] auto_inscribe.py — starting run
[2026-06-30T16:43:38Z] auto_inscribe.py — run complete
[2026-06-30T16:48:39Z] auto_inscribe.py — starting run
[2026-06-30T16:48:39Z] auto_inscribe.py — run complete
[2026-06-30T16:53:39Z] auto_inscribe.py — starting run
[2026-06-30T16:53:39Z] auto_inscribe.py — run complete
[2026-06-30T16:58:39Z] auto_inscribe.py — starting run
[2026-06-30T16:58:39Z] auto_inscribe.py — run complete
[2026-06-30T17:03:39Z] auto_inscribe.py — starting run
[2026-06-30T17:03:39Z] auto_inscribe.py — run complete
[2026-06-30T17:08:39Z] auto_inscribe.py — starting run
[2026-06-30T17:08:39Z] auto_inscribe.py — run complete
[2026-06-30T17:13:39Z] auto_inscribe.py — starting run
[2026-06-30T17:13:39Z] auto_inscribe.py — run complete
[2026-06-30T17:18:39Z] auto_inscribe.py — starting run
[2026-06-30T17:18:39Z] auto_inscribe.py — run complete
[2026-06-30T17:23:39Z] auto_inscribe.py — starting run
[2026-06-30T17:23:39Z] auto_inscribe.py — run complete
[2026-06-30T17:28:40Z] auto_inscribe.py — starting run
[2026-06-30T17:28:40Z] auto_inscribe.py — run complete
[2026-06-30T17:33:40Z] auto_inscribe.py — starting run
[2026-06-30T17:33:40Z] auto_inscribe.py — run complete
[2026-06-30T17:38:40Z] auto_inscribe.py — starting run
[2026-06-30T17:38:40Z] auto_inscribe.py — run complete
[2026-06-30T17:43:40Z] auto_inscribe.py — starting run
[2026-06-30T17:43:40Z] auto_inscribe.py — run complete
[2026-06-30T17:48:40Z] auto_inscribe.py — starting run
[2026-06-30T17:48:40Z] auto_inscribe.py — run complete
[2026-06-30T17:53:40Z] auto_inscribe.py — starting run
[2026-06-30T17:53:40Z] auto_inscribe.py — run complete
[2026-06-30T17:58:40Z] auto_inscribe.py — starting run
[2026-06-30T17:58:40Z] auto_inscribe.py — run complete
[2026-06-30T18:03:40Z] auto_inscribe.py — starting run
[2026-06-30T18:03:40Z] auto_inscribe.py — run complete
[2026-06-30T18:08:41Z] auto_inscribe.py — starting run
[2026-06-30T18:08:41Z] auto_inscribe.py — run complete
[2026-06-30T18:13:41Z] auto_inscribe.py — starting run
[2026-06-30T18:13:41Z] auto_inscribe.py — run complete
[2026-06-30T18:18:41Z] auto_inscribe.py — starting run
[2026-06-30T18:18:41Z] auto_inscribe.py — run complete
[2026-06-30T18:23:41Z] auto_inscribe.py — starting run
[2026-06-30T18:23:41Z] auto_inscribe.py — run complete
[2026-06-30T18:28:41Z] auto_inscribe.py — starting run
[2026-06-30T18:28:41Z] auto_inscribe.py — run complete
[2026-06-30T18:33:41Z] auto_inscribe.py — starting run
[2026-06-30T18:33:41Z] auto_inscribe.py — run complete
[2026-06-30T18:38:41Z] auto_inscribe.py — starting run
[2026-06-30T18:38:41Z] auto_inscribe.py — run complete
[2026-06-30T18:43:41Z] auto_inscribe.py — starting run
[2026-06-30T18:43:41Z] auto_inscribe.py — run complete
[2026-06-30T18:48:41Z] auto_inscribe.py — starting run
[2026-06-30T18:48:42Z] auto_inscribe.py — run complete
[2026-06-30T18:53:42Z] auto_inscribe.py — starting run
[2026-06-30T18:53:42Z] auto_inscribe.py — run complete
[2026-06-30T18:58:42Z] auto_inscribe.py — starting run
[2026-06-30T18:58:42Z] auto_inscribe.py — run complete
[2026-06-30T19:03:42Z] auto_inscribe.py — starting run
[2026-06-30T19:03:42Z] auto_inscribe.py — run complete
[2026-06-30T19:08:42Z] auto_inscribe.py — starting run
[2026-06-30T19:08:42Z] auto_inscribe.py — run complete
[2026-06-30T19:13:42Z] auto_inscribe.py — starting run
[2026-06-30T19:13:42Z] auto_inscribe.py — run complete
[2026-06-30T19:18:42Z] auto_inscribe.py — starting run
[2026-06-30T19:18:42Z] auto_inscribe.py — run complete
[2026-06-30T19:23:42Z] auto_inscribe.py — starting run
[2026-06-30T19:23:42Z] auto_inscribe.py — run complete
[2026-06-30T19:28:42Z] auto_inscribe.py — starting run
[2026-06-30T19:28:42Z] auto_inscribe.py — run complete
[2026-06-30T19:33:43Z] auto_inscribe.py — starting run
[2026-06-30T19:33:43Z] auto_inscribe.py — run complete
[2026-06-30T19:38:43Z] auto_inscribe.py — starting run
[2026-06-30T19:38:43Z] auto_inscribe.py — run complete
[2026-06-30T19:43:43Z] auto_inscribe.py — starting run
[2026-06-30T19:43:43Z] auto_inscribe.py — run complete
[2026-06-30T19:48:43Z] auto_inscribe.py — starting run
[2026-06-30T19:48:43Z] auto_inscribe.py — run complete
[2026-06-30T19:53:43Z] auto_inscribe.py — starting run
[2026-06-30T19:53:43Z] auto_inscribe.py — run complete
[2026-06-30T19:58:43Z] auto_inscribe.py — starting run
[2026-06-30T19:58:43Z] auto_inscribe.py — run complete
[2026-06-30T20:03:43Z] auto_inscribe.py — starting run
[2026-06-30T20:03:43Z] auto_inscribe.py — run complete
[2026-06-30T20:08:44Z] auto_inscribe.py — starting run
[2026-06-30T20:08:44Z] auto_inscribe.py — run complete
[2026-06-30T20:13:44Z] auto_inscribe.py — starting run
[2026-06-30T20:13:44Z] auto_inscribe.py — run complete
[2026-06-30T20:18:44Z] auto_inscribe.py — starting run
[2026-06-30T20:18:44Z] auto_inscribe.py — run complete
[2026-06-30T20:23:44Z] auto_inscribe.py — starting run
[2026-06-30T20:23:44Z] auto_inscribe.py — run complete
[2026-06-30T20:28:44Z] auto_inscribe.py — starting run
[2026-06-30T20:28:44Z] auto_inscribe.py — run complete
[2026-06-30T20:33:44Z] auto_inscribe.py — starting run
[2026-06-30T20:33:44Z] auto_inscribe.py — run complete
[2026-06-30T20:38:44Z] auto_inscribe.py — starting run
[2026-06-30T20:38:44Z] auto_inscribe.py — run complete
[2026-06-30T20:43:44Z] auto_inscribe.py — starting run
[2026-06-30T20:43:44Z] auto_inscribe.py — run complete
[2026-06-30T20:48:45Z] auto_inscribe.py — starting run
[2026-06-30T20:48:45Z] auto_inscribe.py — run complete
[2026-06-30T20:53:45Z] auto_inscribe.py — starting run
[2026-06-30T20:53:45Z] auto_inscribe.py — run complete
[2026-06-30T20:58:45Z] auto_inscribe.py — starting run
[2026-06-30T20:58:45Z] auto_inscribe.py — run complete
[2026-06-30T21:03:45Z] auto_inscribe.py — starting run
[2026-06-30T21:03:45Z] auto_inscribe.py — run complete
[2026-06-30T21:08:45Z] auto_inscribe.py — starting run
[2026-06-30T21:08:45Z] auto_inscribe.py — run complete
[2026-06-30T21:13:45Z] auto_inscribe.py — starting run
[2026-06-30T21:13:45Z] auto_inscribe.py — run complete
[2026-06-30T21:18:45Z] auto_inscribe.py — starting run
[2026-06-30T21:18:45Z] auto_inscribe.py — run complete
[2026-06-30T21:23:45Z] auto_inscribe.py — starting run
[2026-06-30T21:23:45Z] auto_inscribe.py — run complete
[2026-06-30T21:28:45Z] auto_inscribe.py — starting run
[2026-06-30T21:28:45Z] auto_inscribe.py — run complete
[2026-06-30T21:33:46Z] auto_inscribe.py — starting run
[2026-06-30T21:33:46Z] auto_inscribe.py — run complete
[2026-06-30T21:38:46Z] auto_inscribe.py — starting run
[2026-06-30T21:38:46Z] auto_inscribe.py — run complete
[2026-06-30T21:43:46Z] auto_inscribe.py — starting run
[2026-06-30T21:43:46Z] auto_inscribe.py — run complete
[2026-06-30T21:48:46Z] auto_inscribe.py — starting run
[2026-06-30T21:48:46Z] auto_inscribe.py — run complete
[2026-06-30T21:53:46Z] auto_inscribe.py — starting run
[2026-06-30T21:53:46Z] auto_inscribe.py — run complete
[2026-06-30T21:58:46Z] auto_inscribe.py — starting run
[2026-06-30T21:58:46Z] auto_inscribe.py — run complete
[2026-06-30T22:03:46Z] auto_inscribe.py — starting run
[2026-06-30T22:03:46Z] auto_inscribe.py — run complete
[2026-06-30T22:08:46Z] auto_inscribe.py — starting run
[2026-06-30T22:08:46Z] auto_inscribe.py — run complete
[2026-06-30T22:13:47Z] auto_inscribe.py — starting run
[2026-06-30T22:13:47Z] auto_inscribe.py — run complete
[2026-06-30T22:18:47Z] auto_inscribe.py — starting run
[2026-06-30T22:18:47Z] auto_inscribe.py — run complete
[2026-06-30T22:23:47Z] auto_inscribe.py — starting run
[2026-06-30T22:23:47Z] auto_inscribe.py — run complete
[2026-06-30T22:28:47Z] auto_inscribe.py — starting run
[2026-06-30T22:28:47Z] auto_inscribe.py — run complete
[2026-06-30T22:33:47Z] auto_inscribe.py — starting run
[2026-06-30T22:33:47Z] auto_inscribe.py — run complete
[2026-06-30T22:38:47Z] auto_inscribe.py — starting run
[2026-06-30T22:38:47Z] auto_inscribe.py — run complete
[2026-06-30T22:43:47Z] auto_inscribe.py — starting run
[2026-06-30T22:43:47Z] auto_inscribe.py — run complete
[2026-06-30T22:48:47Z] auto_inscribe.py — starting run
[2026-06-30T22:48:47Z] auto_inscribe.py — run complete
[2026-06-30T22:53:47Z] auto_inscribe.py — starting run
[2026-06-30T22:53:47Z] auto_inscribe.py — run complete
[2026-06-30T22:58:47Z] auto_inscribe.py — starting run
[2026-06-30T22:58:47Z] auto_inscribe.py — run complete
[2026-06-30T23:03:48Z] auto_inscribe.py — starting run
[2026-06-30T23:03:48Z] auto_inscribe.py — run complete
[2026-06-30T23:08:48Z] auto_inscribe.py — starting run
[2026-06-30T23:08:48Z] auto_inscribe.py — run complete
[2026-06-30T23:13:48Z] auto_inscribe.py — starting run
[2026-06-30T23:13:48Z] auto_inscribe.py — run complete
[2026-06-30T23:18:48Z] auto_inscribe.py — starting run
[2026-06-30T23:18:48Z] auto_inscribe.py — run complete
[2026-06-30T23:23:48Z] auto_inscribe.py — starting run
[2026-06-30T23:23:48Z] auto_inscribe.py — run complete
[2026-06-30T23:28:48Z] auto_inscribe.py — starting run
[2026-06-30T23:28:48Z] auto_inscribe.py — run complete
[2026-06-30T23:33:48Z] auto_inscribe.py — starting run
[2026-06-30T23:33:48Z] auto_inscribe.py — run complete
[2026-06-30T23:38:49Z] auto_inscribe.py — starting run
[2026-06-30T23:38:49Z] auto_inscribe.py — run complete
[2026-06-30T23:43:49Z] auto_inscribe.py — starting run
[2026-06-30T23:43:49Z] auto_inscribe.py — run complete
[2026-06-30T23:48:49Z] auto_inscribe.py — starting run
[2026-06-30T23:48:49Z] auto_inscribe.py — run complete
[2026-06-30T23:53:49Z] auto_inscribe.py — starting run
[2026-06-30T23:53:49Z] auto_inscribe.py — run complete
[2026-06-30T23:59:11Z] auto_inscribe.py — starting run
[2026-06-30T23:59:11Z] auto_inscribe.py — run complete
[2026-07-01T00:04:11Z] auto_inscribe.py — starting run
[2026-07-01T00:04:11Z] auto_inscribe.py — run complete
[2026-07-01T00:09:11Z] auto_inscribe.py — starting run
[2026-07-01T00:09:11Z] auto_inscribe.py — run complete
[2026-07-01T00:14:11Z] auto_inscribe.py — starting run
[2026-07-01T00:14:11Z] auto_inscribe.py — run complete
[2026-07-01T00:19:11Z] auto_inscribe.py — starting run
[2026-07-01T00:19:11Z] auto_inscribe.py — run complete
[2026-07-01T00:24:11Z] auto_inscribe.py — starting run
[2026-07-01T00:24:11Z] auto_inscribe.py — run complete
[2026-07-01T00:29:11Z] auto_inscribe.py — starting run
[2026-07-01T00:29:11Z] auto_inscribe.py — run complete
[2026-07-01T00:34:11Z] auto_inscribe.py — starting run
[2026-07-01T00:34:11Z] auto_inscribe.py — run complete
[2026-07-01T00:39:11Z] auto_inscribe.py — starting run
[2026-07-01T00:39:11Z] auto_inscribe.py — run complete
[2026-07-01T00:44:13Z] auto_inscribe.py — starting run
[2026-07-01T00:44:13Z] auto_inscribe.py — run complete
[2026-07-01T00:49:13Z] auto_inscribe.py — starting run
[2026-07-01T00:49:13Z] auto_inscribe.py — run complete
[2026-07-01T00:54:13Z] auto_inscribe.py — starting run
[2026-07-01T00:54:13Z] auto_inscribe.py — run complete
[2026-07-01T00:59:13Z] auto_inscribe.py — starting run
[2026-07-01T00:59:13Z] auto_inscribe.py — run complete
[2026-07-01T01:04:14Z] auto_inscribe.py — starting run
[2026-07-01T01:04:14Z] auto_inscribe.py — run complete
[2026-07-01T01:09:14Z] auto_inscribe.py — starting run
[2026-07-01T01:09:14Z] auto_inscribe.py — run complete
[2026-07-01T01:14:14Z] auto_inscribe.py — starting run
[2026-07-01T01:14:14Z] auto_inscribe.py — run complete
[2026-07-01T01:19:14Z] auto_inscribe.py — starting run
[2026-07-01T01:19:14Z] auto_inscribe.py — run complete
[2026-07-01T01:24:14Z] auto_inscribe.py — starting run
[2026-07-01T01:24:14Z] auto_inscribe.py — run complete
[2026-07-01T01:29:14Z] auto_inscribe.py — starting run
[2026-07-01T01:29:14Z] auto_inscribe.py — run complete
[2026-07-01T01:34:14Z] auto_inscribe.py — starting run
[2026-07-01T01:34:14Z] auto_inscribe.py — run complete
[2026-07-01T01:39:14Z] auto_inscribe.py — starting run
[2026-07-01T01:39:14Z] auto_inscribe.py — run complete
[2026-07-01T01:44:14Z] auto_inscribe.py — starting run
[2026-07-01T01:44:14Z] auto_inscribe.py — run complete
[2026-07-01T01:49:14Z] auto_inscribe.py — starting run
[2026-07-01T01:49:14Z] auto_inscribe.py — run complete
[2026-07-01T01:54:15Z] auto_inscribe.py — starting run
[2026-07-01T01:54:15Z] auto_inscribe.py — run complete
[2026-07-01T01:59:15Z] auto_inscribe.py — starting run
[2026-07-01T01:59:15Z] auto_inscribe.py — run complete
[2026-07-01T02:04:15Z] auto_inscribe.py — starting run
[2026-07-01T02:04:15Z] auto_inscribe.py — run complete
[2026-07-01T02:09:15Z] auto_inscribe.py — starting run
[2026-07-01T02:09:15Z] auto_inscribe.py — run complete
[2026-07-01T02:14:15Z] auto_inscribe.py — starting run
[2026-07-01T02:14:15Z] auto_inscribe.py — run complete
[2026-07-01T02:19:15Z] auto_inscribe.py — starting run
[2026-07-01T02:19:15Z] auto_inscribe.py — run complete
[2026-07-01T02:24:16Z] auto_inscribe.py — starting run
[2026-07-01T02:24:16Z] auto_inscribe.py — run complete
[2026-07-01T02:29:16Z] auto_inscribe.py — starting run
[2026-07-01T02:29:16Z] auto_inscribe.py — run complete
[2026-07-01T02:34:16Z] auto_inscribe.py — starting run
[2026-07-01T02:34:16Z] auto_inscribe.py — run complete
[2026-07-01T02:39:16Z] auto_inscribe.py — starting run
[2026-07-01T02:39:16Z] auto_inscribe.py — run complete
[2026-07-01T02:44:16Z] auto_inscribe.py — starting run
[2026-07-01T02:44:16Z] auto_inscribe.py — run complete
[2026-07-01T02:49:16Z] auto_inscribe.py — starting run
[2026-07-01T02:49:16Z] auto_inscribe.py — run complete
[2026-07-01T02:54:16Z] auto_inscribe.py — starting run
[2026-07-01T02:54:16Z] auto_inscribe.py — run complete
[2026-07-01T02:59:16Z] auto_inscribe.py — starting run
[2026-07-01T02:59:16Z] auto_inscribe.py — run complete
[2026-07-01T03:04:16Z] auto_inscribe.py — starting run
[2026-07-01T03:04:16Z] auto_inscribe.py — run complete
[2026-07-01T03:09:17Z] auto_inscribe.py — starting run
[2026-07-01T03:09:17Z] auto_inscribe.py — run complete
[2026-07-01T03:14:17Z] auto_inscribe.py — starting run
[2026-07-01T03:14:17Z] auto_inscribe.py — run complete
[2026-07-01T03:19:17Z] auto_inscribe.py — starting run
[2026-07-01T03:19:17Z] auto_inscribe.py — run complete
[2026-07-01T03:24:17Z] auto_inscribe.py — starting run
[2026-07-01T03:24:17Z] auto_inscribe.py — run complete
[2026-07-01T03:29:17Z] auto_inscribe.py — starting run
[2026-07-01T03:29:17Z] auto_inscribe.py — run complete
[2026-07-01T03:34:17Z] auto_inscribe.py — starting run
[2026-07-01T03:34:17Z] auto_inscribe.py — run complete
[2026-07-01T03:39:17Z] auto_inscribe.py — starting run
[2026-07-01T03:39:17Z] auto_inscribe.py — run complete
[2026-07-01T03:44:17Z] auto_inscribe.py — starting run
[2026-07-01T03:44:17Z] auto_inscribe.py — run complete
[2026-07-01T03:49:18Z] auto_inscribe.py — starting run
[2026-07-01T03:49:18Z] auto_inscribe.py — run complete
[2026-07-01T03:54:18Z] auto_inscribe.py — starting run
[2026-07-01T03:54:18Z] auto_inscribe.py — run complete
[2026-07-01T03:59:18Z] auto_inscribe.py — starting run
[2026-07-01T03:59:18Z] auto_inscribe.py — run complete
[2026-07-01T04:04:18Z] auto_inscribe.py — starting run
[2026-07-01T04:04:18Z] auto_inscribe.py — run complete
[2026-07-01T04:09:18Z] auto_inscribe.py — starting run
[2026-07-01T04:09:18Z] auto_inscribe.py — run complete
[2026-07-01T04:14:18Z] auto_inscribe.py — starting run
[2026-07-01T04:14:18Z] auto_inscribe.py — run complete
[2026-07-01T04:19:18Z] auto_inscribe.py — starting run
[2026-07-01T04:19:18Z] auto_inscribe.py — run complete
[2026-07-01T04:24:18Z] auto_inscribe.py — starting run
[2026-07-01T04:24:18Z] auto_inscribe.py — run complete
[2026-07-01T04:29:19Z] auto_inscribe.py — starting run
[2026-07-01T04:29:19Z] auto_inscribe.py — run complete
[2026-07-01T04:34:19Z] auto_inscribe.py — starting run
[2026-07-01T04:34:19Z] auto_inscribe.py — run complete
[2026-07-01T04:39:19Z] auto_inscribe.py — starting run
[2026-07-01T04:39:19Z] auto_inscribe.py — run complete
[2026-07-01T04:44:19Z] auto_inscribe.py — starting run
[2026-07-01T04:44:19Z] auto_inscribe.py — run complete
[2026-07-01T04:49:19Z] auto_inscribe.py — starting run
[2026-07-01T04:49:19Z] auto_inscribe.py — run complete
[2026-07-01T04:54:19Z] auto_inscribe.py — starting run
[2026-07-01T04:54:19Z] auto_inscribe.py — run complete
[2026-07-01T04:59:19Z] auto_inscribe.py — starting run
[2026-07-01T04:59:19Z] auto_inscribe.py — run complete
[2026-07-01T05:04:19Z] auto_inscribe.py — starting run
[2026-07-01T05:04:19Z] auto_inscribe.py — run complete
[2026-07-01T05:09:19Z] auto_inscribe.py — starting run
[2026-07-01T05:09:19Z] auto_inscribe.py — run complete
[2026-07-01T05:14:20Z] auto_inscribe.py — starting run
[2026-07-01T05:14:20Z] auto_inscribe.py — run complete
[2026-07-01T05:19:20Z] auto_inscribe.py — starting run
[2026-07-01T05:19:20Z] auto_inscribe.py — run complete
[2026-07-01T05:24:20Z] auto_inscribe.py — starting run
[2026-07-01T05:24:20Z] auto_inscribe.py — run complete
[2026-07-01T05:29:20Z] auto_inscribe.py — starting run
[2026-07-01T05:29:20Z] auto_inscribe.py — run complete
[2026-07-01T05:34:20Z] auto_inscribe.py — starting run
[2026-07-01T05:34:20Z] auto_inscribe.py — run complete
[2026-07-01T05:39:20Z] auto_inscribe.py — starting run
[2026-07-01T05:39:20Z] auto_inscribe.py — run complete
[2026-07-01T05:44:20Z] auto_inscribe.py — starting run
[2026-07-01T05:44:20Z] auto_inscribe.py — run complete
[2026-07-01T05:49:20Z] auto_inscribe.py — starting run
[2026-07-01T05:49:20Z] auto_inscribe.py — run complete
[2026-07-01T05:54:20Z] auto_inscribe.py — starting run
[2026-07-01T05:54:20Z] auto_inscribe.py — run complete
[2026-07-01T05:59:20Z] auto_inscribe.py — starting run
[2026-07-01T05:59:20Z] auto_inscribe.py — run complete
[2026-07-01T06:04:21Z] auto_inscribe.py — starting run
[2026-07-01T06:04:21Z] auto_inscribe.py — run complete
[2026-07-01T06:09:21Z] auto_inscribe.py — starting run
[2026-07-01T06:09:21Z] auto_inscribe.py — run complete
[2026-07-01T06:14:21Z] auto_inscribe.py — starting run
[2026-07-01T06:14:21Z] auto_inscribe.py — run complete
[2026-07-01T06:19:21Z] auto_inscribe.py — starting run
[2026-07-01T06:19:21Z] auto_inscribe.py — run complete
[2026-07-01T06:24:21Z] auto_inscribe.py — starting run
[2026-07-01T06:24:21Z] auto_inscribe.py — run complete
[2026-07-01T06:29:21Z] auto_inscribe.py — starting run
[2026-07-01T06:29:21Z] auto_inscribe.py — run complete
[2026-07-01T06:34:21Z] auto_inscribe.py — starting run
[2026-07-01T06:34:21Z] auto_inscribe.py — run complete
[2026-07-01T06:39:21Z] auto_inscribe.py — starting run
[2026-07-01T06:39:21Z] auto_inscribe.py — run complete
[2026-07-01T06:44:22Z] auto_inscribe.py — starting run
[2026-07-01T06:44:22Z] auto_inscribe.py — run complete
[2026-07-01T06:49:22Z] auto_inscribe.py — starting run
[2026-07-01T06:49:22Z] auto_inscribe.py — run complete
[2026-07-01T06:54:22Z] auto_inscribe.py — starting run
[2026-07-01T06:54:22Z] auto_inscribe.py — run complete
[2026-07-01T06:59:22Z] auto_inscribe.py — starting run
[2026-07-01T06:59:22Z] auto_inscribe.py — run complete
[2026-07-01T07:04:22Z] auto_inscribe.py — starting run
[2026-07-01T07:04:22Z] auto_inscribe.py — run complete
[2026-07-01T07:09:22Z] auto_inscribe.py — starting run
[2026-07-01T07:09:22Z] auto_inscribe.py — run complete
[2026-07-01T07:14:22Z] auto_inscribe.py — starting run
[2026-07-01T07:14:22Z] auto_inscribe.py — run complete
[2026-07-01T07:19:23Z] auto_inscribe.py — starting run
[2026-07-01T07:19:23Z] auto_inscribe.py — run complete
[2026-07-01T07:24:23Z] auto_inscribe.py — starting run
[2026-07-01T07:24:23Z] auto_inscribe.py — run complete
[2026-07-01T07:29:23Z] auto_inscribe.py — starting run
[2026-07-01T07:29:23Z] auto_inscribe.py — run complete
[2026-07-01T07:34:23Z] auto_inscribe.py — starting run
[2026-07-01T07:34:23Z] auto_inscribe.py — run complete
[2026-07-01T07:39:23Z] auto_inscribe.py — starting run
[2026-07-01T07:39:23Z] auto_inscribe.py — run complete
[2026-07-01T07:44:23Z] auto_inscribe.py — starting run
[2026-07-01T07:44:23Z] auto_inscribe.py — run complete
[2026-07-01T07:49:23Z] auto_inscribe.py — starting run
[2026-07-01T07:49:23Z] auto_inscribe.py — run complete
[2026-07-01T07:54:23Z] auto_inscribe.py — starting run
[2026-07-01T07:54:23Z] auto_inscribe.py — run complete
[2026-07-01T07:59:23Z] auto_inscribe.py — starting run
[2026-07-01T07:59:23Z] auto_inscribe.py — run complete
[2026-07-01T08:04:24Z] auto_inscribe.py — starting run
[2026-07-01T08:04:24Z] auto_inscribe.py — run complete
[2026-07-01T08:09:24Z] auto_inscribe.py — starting run
[2026-07-01T08:09:24Z] auto_inscribe.py — run complete
[2026-07-01T08:14:24Z] auto_inscribe.py — starting run
[2026-07-01T08:14:24Z] auto_inscribe.py — run complete
[2026-07-01T08:19:24Z] auto_inscribe.py — starting run
[2026-07-01T08:19:24Z] auto_inscribe.py — run complete
[2026-07-01T08:24:24Z] auto_inscribe.py — starting run
[2026-07-01T08:24:24Z] auto_inscribe.py — run complete
[2026-07-01T08:29:24Z] auto_inscribe.py — starting run
[2026-07-01T08:29:24Z] auto_inscribe.py — run complete
[2026-07-01T08:34:24Z] auto_inscribe.py — starting run
[2026-07-01T08:34:24Z] auto_inscribe.py — run complete
[2026-07-01T08:39:24Z] auto_inscribe.py — starting run
[2026-07-01T08:39:24Z] auto_inscribe.py — run complete
[2026-07-01T08:44:25Z] auto_inscribe.py — starting run
[2026-07-01T08:44:25Z] auto_inscribe.py — run complete
[2026-07-01T08:49:25Z] auto_inscribe.py — starting run
[2026-07-01T08:49:25Z] auto_inscribe.py — run complete
[2026-07-01T08:54:25Z] auto_inscribe.py — starting run
[2026-07-01T08:54:25Z] auto_inscribe.py — run complete
[2026-07-01T08:59:25Z] auto_inscribe.py — starting run
[2026-07-01T08:59:25Z] auto_inscribe.py — run complete
[2026-07-01T09:04:25Z] auto_inscribe.py — starting run
[2026-07-01T09:04:25Z] auto_inscribe.py — run complete
[2026-07-01T09:09:25Z] auto_inscribe.py — starting run
[2026-07-01T09:09:25Z] auto_inscribe.py — run complete
[2026-07-01T09:14:25Z] auto_inscribe.py — starting run
[2026-07-01T09:14:25Z] auto_inscribe.py — run complete
[2026-07-01T09:19:25Z] auto_inscribe.py — starting run
[2026-07-01T09:19:25Z] auto_inscribe.py — run complete
[2026-07-01T09:24:25Z] auto_inscribe.py — starting run
[2026-07-01T09:24:25Z] auto_inscribe.py — run complete
[2026-07-01T09:29:26Z] auto_inscribe.py — starting run
[2026-07-01T09:29:26Z] auto_inscribe.py — run complete
[2026-07-01T09:34:26Z] auto_inscribe.py — starting run
[2026-07-01T09:34:26Z] auto_inscribe.py — run complete
[2026-07-01T09:39:26Z] auto_inscribe.py — starting run
[2026-07-01T09:39:26Z] auto_inscribe.py — run complete
[2026-07-01T09:44:26Z] auto_inscribe.py — starting run
[2026-07-01T09:44:26Z] auto_inscribe.py — run complete
[2026-07-01T09:49:26Z] auto_inscribe.py — starting run
[2026-07-01T09:49:26Z] auto_inscribe.py — run complete
[2026-07-01T09:54:26Z] auto_inscribe.py — starting run
[2026-07-01T09:54:26Z] auto_inscribe.py — run complete
[2026-07-01T09:59:26Z] auto_inscribe.py — starting run
[2026-07-01T09:59:26Z] auto_inscribe.py — run complete
[2026-07-01T10:04:27Z] auto_inscribe.py — starting run
[2026-07-01T10:04:27Z] auto_inscribe.py — run complete
[2026-07-01T10:09:27Z] auto_inscribe.py — starting run
[2026-07-01T10:09:27Z] auto_inscribe.py — run complete
[2026-07-01T10:14:27Z] auto_inscribe.py — starting run
[2026-07-01T10:14:27Z] auto_inscribe.py — run complete
[2026-07-01T10:19:27Z] auto_inscribe.py — starting run
[2026-07-01T10:19:27Z] auto_inscribe.py — run complete
[2026-07-01T10:24:27Z] auto_inscribe.py — starting run
[2026-07-01T10:24:27Z] auto_inscribe.py — run complete
[2026-07-01T10:29:27Z] auto_inscribe.py — starting run
[2026-07-01T10:29:27Z] auto_inscribe.py — run complete
[2026-07-01T10:34:27Z] auto_inscribe.py — starting run
[2026-07-01T10:34:27Z] auto_inscribe.py — run complete
[2026-07-01T10:39:27Z] auto_inscribe.py — starting run
[2026-07-01T10:39:27Z] auto_inscribe.py — run complete
[2026-07-01T10:44:27Z] auto_inscribe.py — starting run
[2026-07-01T10:44:27Z] auto_inscribe.py — run complete
[2026-07-01T10:49:27Z] auto_inscribe.py — starting run
[2026-07-01T10:49:27Z] auto_inscribe.py — run complete
[2026-07-01T10:54:28Z] auto_inscribe.py — starting run
[2026-07-01T10:54:28Z] auto_inscribe.py — run complete
[2026-07-01T10:59:28Z] auto_inscribe.py — starting run
[2026-07-01T10:59:28Z] auto_inscribe.py — run complete
[2026-07-01T11:04:28Z] auto_inscribe.py — starting run
[2026-07-01T11:04:28Z] auto_inscribe.py — run complete
[2026-07-01T11:09:28Z] auto_inscribe.py — starting run
[2026-07-01T11:09:28Z] auto_inscribe.py — run complete
[2026-07-01T11:14:28Z] auto_inscribe.py — starting run
[2026-07-01T11:14:28Z] auto_inscribe.py — run complete
[2026-07-01T11:19:28Z] auto_inscribe.py — starting run
[2026-07-01T11:19:28Z] auto_inscribe.py — run complete
[2026-07-01T11:24:28Z] auto_inscribe.py — starting run
[2026-07-01T11:24:28Z] auto_inscribe.py — run complete
[2026-07-01T11:29:28Z] auto_inscribe.py — starting run
[2026-07-01T11:29:28Z] auto_inscribe.py — run complete
[2026-07-01T11:34:28Z] auto_inscribe.py — starting run
[2026-07-01T11:34:28Z] auto_inscribe.py — run complete
[2026-07-01T11:39:29Z] auto_inscribe.py — starting run
[2026-07-01T11:39:29Z] auto_inscribe.py — run complete
[2026-07-01T11:44:29Z] auto_inscribe.py — starting run
[2026-07-01T11:44:29Z] auto_inscribe.py — run complete
[2026-07-01T11:49:29Z] auto_inscribe.py — starting run
[2026-07-01T11:49:29Z] auto_inscribe.py — run complete
[2026-07-01T11:54:29Z] auto_inscribe.py — starting run
[2026-07-01T11:54:29Z] auto_inscribe.py — run complete
[2026-07-01T11:59:29Z] auto_inscribe.py — starting run
[2026-07-01T11:59:29Z] auto_inscribe.py — run complete
[2026-07-01T12:04:29Z] auto_inscribe.py — starting run
[2026-07-01T12:04:29Z] auto_inscribe.py — run complete
[2026-07-01T12:09:29Z] auto_inscribe.py — starting run
[2026-07-01T12:09:29Z] auto_inscribe.py — run complete
[2026-07-01T12:14:29Z] auto_inscribe.py — starting run
[2026-07-01T12:14:29Z] auto_inscribe.py — run complete
[2026-07-01T12:19:29Z] auto_inscribe.py — starting run
[2026-07-01T12:19:29Z] auto_inscribe.py — run complete
[2026-07-01T12:24:30Z] auto_inscribe.py — starting run
[2026-07-01T12:24:30Z] auto_inscribe.py — run complete
[2026-07-01T12:29:30Z] auto_inscribe.py — starting run
[2026-07-01T12:29:30Z] auto_inscribe.py — run complete
[2026-07-01T12:34:30Z] auto_inscribe.py — starting run
[2026-07-01T12:34:30Z] auto_inscribe.py — run complete
[2026-07-01T12:39:30Z] auto_inscribe.py — starting run
[2026-07-01T12:39:30Z] auto_inscribe.py — run complete
[2026-07-01T12:44:30Z] auto_inscribe.py — starting run
[2026-07-01T12:44:30Z] auto_inscribe.py — run complete
[2026-07-01T12:49:30Z] auto_inscribe.py — starting run
[2026-07-01T12:49:30Z] auto_inscribe.py — run complete
[2026-07-01T12:54:30Z] auto_inscribe.py — starting run
[2026-07-01T12:54:30Z] auto_inscribe.py — run complete
[2026-07-01T12:59:30Z] auto_inscribe.py — starting run
[2026-07-01T12:59:30Z] auto_inscribe.py — run complete
[2026-07-01T13:04:31Z] auto_inscribe.py — starting run
[2026-07-01T13:04:31Z] auto_inscribe.py — run complete
[2026-07-01T13:09:31Z] auto_inscribe.py — starting run
[2026-07-01T13:09:31Z] auto_inscribe.py — run complete
[2026-07-01T13:14:31Z] auto_inscribe.py — starting run
[2026-07-01T13:14:31Z] auto_inscribe.py — run complete
[2026-07-01T13:19:31Z] auto_inscribe.py — starting run
[2026-07-01T13:19:31Z] auto_inscribe.py — run complete
[2026-07-01T13:24:31Z] auto_inscribe.py — starting run
[2026-07-01T13:24:31Z] auto_inscribe.py — run complete
[2026-07-01T13:29:31Z] auto_inscribe.py — starting run
[2026-07-01T13:29:31Z] auto_inscribe.py — run complete
[2026-07-01T13:34:31Z] auto_inscribe.py — starting run
[2026-07-01T13:34:31Z] auto_inscribe.py — run complete
[2026-07-01T13:39:31Z] auto_inscribe.py — starting run
[2026-07-01T13:39:31Z] auto_inscribe.py — run complete
[2026-07-01T13:44:31Z] auto_inscribe.py — starting run
[2026-07-01T13:44:31Z] auto_inscribe.py — run complete
[2026-07-01T13:49:32Z] auto_inscribe.py — starting run
[2026-07-01T13:49:32Z] auto_inscribe.py — run complete
[2026-07-01T13:54:32Z] auto_inscribe.py — starting run
[2026-07-01T13:54:32Z] auto_inscribe.py — run complete
[2026-07-01T13:59:32Z] auto_inscribe.py — starting run
[2026-07-01T13:59:32Z] auto_inscribe.py — run complete
[2026-07-01T14:04:32Z] auto_inscribe.py — starting run
[2026-07-01T14:04:32Z] auto_inscribe.py — run complete
[2026-07-01T14:09:32Z] auto_inscribe.py — starting run
[2026-07-01T14:09:32Z] auto_inscribe.py — run complete
[2026-07-01T14:14:32Z] auto_inscribe.py — starting run
[2026-07-01T14:14:32Z] auto_inscribe.py — run complete
[2026-07-01T14:19:32Z] auto_inscribe.py — starting run
[2026-07-01T14:19:32Z] auto_inscribe.py — run complete
[2026-07-01T14:24:32Z] auto_inscribe.py — starting run
[2026-07-01T14:24:32Z] auto_inscribe.py — run complete
[2026-07-01T14:29:33Z] auto_inscribe.py — starting run
[2026-07-01T14:29:33Z] auto_inscribe.py — run complete
[2026-07-01T14:34:33Z] auto_inscribe.py — starting run
[2026-07-01T14:34:33Z] auto_inscribe.py — run complete
[2026-07-01T14:39:33Z] auto_inscribe.py — starting run
[2026-07-01T14:39:33Z] auto_inscribe.py — run complete
[2026-07-01T14:44:33Z] auto_inscribe.py — starting run
[2026-07-01T14:44:33Z] auto_inscribe.py — run complete
[2026-07-01T14:49:33Z] auto_inscribe.py — starting run
[2026-07-01T14:49:33Z] auto_inscribe.py — run complete
[2026-07-01T14:54:33Z] auto_inscribe.py — starting run
[2026-07-01T14:54:33Z] auto_inscribe.py — run complete
[2026-07-01T14:59:33Z] auto_inscribe.py — starting run
[2026-07-01T14:59:33Z] auto_inscribe.py — run complete
[2026-07-01T15:04:33Z] auto_inscribe.py — starting run
[2026-07-01T15:04:33Z] auto_inscribe.py — run complete
[2026-07-01T15:09:33Z] auto_inscribe.py — starting run
[2026-07-01T15:09:33Z] auto_inscribe.py — run complete
[2026-07-01T15:14:34Z] auto_inscribe.py — starting run
[2026-07-01T15:14:34Z] auto_inscribe.py — run complete
[2026-07-01T15:19:34Z] auto_inscribe.py — starting run
[2026-07-01T15:19:34Z] auto_inscribe.py — run complete
[2026-07-01T15:24:34Z] auto_inscribe.py — starting run
[2026-07-01T15:24:34Z] auto_inscribe.py — run complete
[2026-07-01T15:29:34Z] auto_inscribe.py — starting run
[2026-07-01T15:29:34Z] auto_inscribe.py — run complete
[2026-07-01T15:34:34Z] auto_inscribe.py — starting run
[2026-07-01T15:34:34Z] auto_inscribe.py — run complete
[2026-07-01T15:39:34Z] auto_inscribe.py — starting run
[2026-07-01T15:39:34Z] auto_inscribe.py — run complete
[2026-07-01T15:44:34Z] auto_inscribe.py — starting run
[2026-07-01T15:44:34Z] auto_inscribe.py — run complete
[2026-07-01T15:49:34Z] auto_inscribe.py — starting run
[2026-07-01T15:49:34Z] auto_inscribe.py — run complete
[2026-07-01T15:54:34Z] auto_inscribe.py — starting run
[2026-07-01T15:54:34Z] auto_inscribe.py — run complete
[2026-07-01T15:59:35Z] auto_inscribe.py — starting run
[2026-07-01T15:59:35Z] auto_inscribe.py — run complete
[2026-07-01T16:04:35Z] auto_inscribe.py — starting run
[2026-07-01T16:04:35Z] auto_inscribe.py — run complete
[2026-07-01T16:09:35Z] auto_inscribe.py — starting run
[2026-07-01T16:09:35Z] auto_inscribe.py — run complete
[2026-07-01T16:14:35Z] auto_inscribe.py — starting run
[2026-07-01T16:14:35Z] auto_inscribe.py — run complete
[2026-07-01T16:19:35Z] auto_inscribe.py — starting run
[2026-07-01T16:19:35Z] auto_inscribe.py — run complete
[2026-07-01T16:24:35Z] auto_inscribe.py — starting run
[2026-07-01T16:24:35Z] auto_inscribe.py — run complete
[2026-07-01T16:29:35Z] auto_inscribe.py — starting run
[2026-07-01T16:29:35Z] auto_inscribe.py — run complete
[2026-07-01T16:34:35Z] auto_inscribe.py — starting run
[2026-07-01T16:34:35Z] auto_inscribe.py — run complete
[2026-07-01T16:39:36Z] auto_inscribe.py — starting run
[2026-07-01T16:39:36Z] auto_inscribe.py — run complete
[2026-07-01T16:44:36Z] auto_inscribe.py — starting run
[2026-07-01T16:44:36Z] auto_inscribe.py — run complete
[2026-07-01T16:49:36Z] auto_inscribe.py — starting run
[2026-07-01T16:49:36Z] auto_inscribe.py — run complete
[2026-07-01T16:54:36Z] auto_inscribe.py — starting run
[2026-07-01T16:54:36Z] auto_inscribe.py — run complete
[2026-07-01T16:59:36Z] auto_inscribe.py — starting run
[2026-07-01T16:59:36Z] auto_inscribe.py — run complete
[2026-07-01T17:04:36Z] auto_inscribe.py — starting run
[2026-07-01T17:04:36Z] auto_inscribe.py — run complete
[2026-07-01T17:09:36Z] auto_inscribe.py — starting run
[2026-07-01T17:09:36Z] auto_inscribe.py — run complete
[2026-07-01T17:14:37Z] auto_inscribe.py — starting run
[2026-07-01T17:14:37Z] auto_inscribe.py — run complete
[2026-07-01T17:19:37Z] auto_inscribe.py — starting run
[2026-07-01T17:19:37Z] auto_inscribe.py — run complete
[2026-07-01T17:24:37Z] auto_inscribe.py — starting run
[2026-07-01T17:24:37Z] auto_inscribe.py — run complete
[2026-07-01T17:29:37Z] auto_inscribe.py — starting run
[2026-07-01T17:29:37Z] auto_inscribe.py — run complete
[2026-07-01T17:34:37Z] auto_inscribe.py — starting run
[2026-07-01T17:34:37Z] auto_inscribe.py — run complete
[2026-07-01T17:39:37Z] auto_inscribe.py — starting run
[2026-07-01T17:39:37Z] auto_inscribe.py — run complete
[2026-07-01T17:44:37Z] auto_inscribe.py — starting run
[2026-07-01T17:44:37Z] auto_inscribe.py — run complete
[2026-07-01T17:49:37Z] auto_inscribe.py — starting run
[2026-07-01T17:49:37Z] auto_inscribe.py — run complete
[2026-07-01T17:54:37Z] auto_inscribe.py — starting run
[2026-07-01T17:54:37Z] auto_inscribe.py — run complete
[2026-07-01T17:59:38Z] auto_inscribe.py — starting run
[2026-07-01T17:59:38Z] auto_inscribe.py — run complete
[2026-07-01T18:04:38Z] auto_inscribe.py — starting run
[2026-07-01T18:04:38Z] auto_inscribe.py — run complete
[2026-07-01T18:09:38Z] auto_inscribe.py — starting run
[2026-07-01T18:09:38Z] auto_inscribe.py — run complete
[2026-07-01T18:14:38Z] auto_inscribe.py — starting run
[2026-07-01T18:14:38Z] auto_inscribe.py — run complete
[2026-07-01T18:19:38Z] auto_inscribe.py — starting run
[2026-07-01T18:19:38Z] auto_inscribe.py — run complete
[2026-07-01T18:24:38Z] auto_inscribe.py — starting run
[2026-07-01T18:24:38Z] auto_inscribe.py — run complete
[2026-07-01T18:29:38Z] auto_inscribe.py — starting run
[2026-07-01T18:29:38Z] auto_inscribe.py — run complete
[2026-07-01T18:34:38Z] auto_inscribe.py — starting run
[2026-07-01T18:34:38Z] auto_inscribe.py — run complete
[2026-07-01T18:39:38Z] auto_inscribe.py — starting run
[2026-07-01T18:39:38Z] auto_inscribe.py — run complete
[2026-07-01T18:44:38Z] auto_inscribe.py — starting run
[2026-07-01T18:44:38Z] auto_inscribe.py — run complete
[2026-07-01T18:49:39Z] auto_inscribe.py — starting run
[2026-07-01T18:49:39Z] auto_inscribe.py — run complete
[2026-07-01T18:54:39Z] auto_inscribe.py — starting run
[2026-07-01T18:54:39Z] auto_inscribe.py — run complete
[2026-07-01T18:59:39Z] auto_inscribe.py — starting run
[2026-07-01T18:59:39Z] auto_inscribe.py — run complete
[2026-07-01T19:04:39Z] auto_inscribe.py — starting run
[2026-07-01T19:04:39Z] auto_inscribe.py — run complete
[2026-07-01T19:09:39Z] auto_inscribe.py — starting run
[2026-07-01T19:09:39Z] auto_inscribe.py — run complete
[2026-07-01T19:14:39Z] auto_inscribe.py — starting run
[2026-07-01T19:14:39Z] auto_inscribe.py — run complete
[2026-07-01T19:19:39Z] auto_inscribe.py — starting run
[2026-07-01T19:19:39Z] auto_inscribe.py — run complete
[2026-07-01T19:24:39Z] auto_inscribe.py — starting run
[2026-07-01T19:24:39Z] auto_inscribe.py — run complete
[2026-07-01T19:29:40Z] auto_inscribe.py — starting run
[2026-07-01T19:29:40Z] auto_inscribe.py — run complete
[2026-07-01T19:34:40Z] auto_inscribe.py — starting run
[2026-07-01T19:34:40Z] auto_inscribe.py — run complete
[2026-07-01T19:39:40Z] auto_inscribe.py — starting run
[2026-07-01T19:39:40Z] auto_inscribe.py — run complete
[2026-07-01T19:44:40Z] auto_inscribe.py — starting run
[2026-07-01T19:44:40Z] auto_inscribe.py — run complete
[2026-07-01T19:49:40Z] auto_inscribe.py — starting run
[2026-07-01T19:49:40Z] auto_inscribe.py — run complete
[2026-07-01T19:54:40Z] auto_inscribe.py — starting run
[2026-07-01T19:54:40Z] auto_inscribe.py — run complete
[2026-07-01T19:59:40Z] auto_inscribe.py — starting run
[2026-07-01T19:59:40Z] auto_inscribe.py — run complete
[2026-07-01T20:04:40Z] auto_inscribe.py — starting run
[2026-07-01T20:04:40Z] auto_inscribe.py — run complete
[2026-07-01T20:09:40Z] auto_inscribe.py — starting run
[2026-07-01T20:09:40Z] auto_inscribe.py — run complete
[2026-07-01T20:14:41Z] auto_inscribe.py — starting run
[2026-07-01T20:14:41Z] auto_inscribe.py — run complete
[2026-07-01T20:19:41Z] auto_inscribe.py — starting run
[2026-07-01T20:19:41Z] auto_inscribe.py — run complete
[2026-07-01T20:24:41Z] auto_inscribe.py — starting run
[2026-07-01T20:24:41Z] auto_inscribe.py — run complete
[2026-07-01T20:29:41Z] auto_inscribe.py — starting run
[2026-07-01T20:29:41Z] auto_inscribe.py — run complete
[2026-07-01T20:34:41Z] auto_inscribe.py — starting run
[2026-07-01T20:34:41Z] auto_inscribe.py — run complete
[2026-07-01T20:39:41Z] auto_inscribe.py — starting run
[2026-07-01T20:39:41Z] auto_inscribe.py — run complete
[2026-07-01T20:44:41Z] auto_inscribe.py — starting run
[2026-07-01T20:44:41Z] auto_inscribe.py — run complete
[2026-07-01T20:49:41Z] auto_inscribe.py — starting run
[2026-07-01T20:49:41Z] auto_inscribe.py — run complete
[2026-07-01T20:54:41Z] auto_inscribe.py — starting run
[2026-07-01T20:54:41Z] auto_inscribe.py — run complete
[2026-07-01T20:59:42Z] auto_inscribe.py — starting run
[2026-07-01T20:59:42Z] auto_inscribe.py — run complete
[2026-07-01T21:04:42Z] auto_inscribe.py — starting run
[2026-07-01T21:04:42Z] auto_inscribe.py — run complete
[2026-07-01T21:09:42Z] auto_inscribe.py — starting run
[2026-07-01T21:09:42Z] auto_inscribe.py — run complete
[2026-07-01T21:14:42Z] auto_inscribe.py — starting run
[2026-07-01T21:14:42Z] auto_inscribe.py — run complete
[2026-07-01T21:19:42Z] auto_inscribe.py — starting run
[2026-07-01T21:19:42Z] auto_inscribe.py — run complete
[2026-07-01T21:24:42Z] auto_inscribe.py — starting run
[2026-07-01T21:24:42Z] auto_inscribe.py — run complete
[2026-07-01T21:29:42Z] auto_inscribe.py — starting run
[2026-07-01T21:29:42Z] auto_inscribe.py — run complete
[2026-07-01T21:34:42Z] auto_inscribe.py — starting run
[2026-07-01T21:34:42Z] auto_inscribe.py — run complete
[2026-07-01T21:39:43Z] auto_inscribe.py — starting run
[2026-07-01T21:39:43Z] auto_inscribe.py — run complete
[2026-07-01T21:44:43Z] auto_inscribe.py — starting run
[2026-07-01T21:44:43Z] auto_inscribe.py — run complete
[2026-07-01T21:49:43Z] auto_inscribe.py — starting run
[2026-07-01T21:49:43Z] auto_inscribe.py — run complete
[2026-07-01T21:54:43Z] auto_inscribe.py — starting run
[2026-07-01T21:54:43Z] auto_inscribe.py — run complete
[2026-07-01T21:59:43Z] auto_inscribe.py — starting run
[2026-07-01T21:59:43Z] auto_inscribe.py — run complete
[2026-07-01T22:04:43Z] auto_inscribe.py — starting run
[2026-07-01T22:04:43Z] auto_inscribe.py — run complete
[2026-07-01T22:09:43Z] auto_inscribe.py — starting run
[2026-07-01T22:09:43Z] auto_inscribe.py — run complete
[2026-07-01T22:14:43Z] auto_inscribe.py — starting run
[2026-07-01T22:14:43Z] auto_inscribe.py — run complete
[2026-07-01T22:19:43Z] auto_inscribe.py — starting run
[2026-07-01T22:19:43Z] auto_inscribe.py — run complete
[2026-07-01T22:24:43Z] auto_inscribe.py — starting run
[2026-07-01T22:24:43Z] auto_inscribe.py — run complete
[2026-07-01T22:29:44Z] auto_inscribe.py — starting run
[2026-07-01T22:29:44Z] auto_inscribe.py — run complete
[2026-07-01T22:34:44Z] auto_inscribe.py — starting run
[2026-07-01T22:34:44Z] auto_inscribe.py — run complete
[2026-07-01T22:39:44Z] auto_inscribe.py — starting run
[2026-07-01T22:39:44Z] auto_inscribe.py — run complete
[2026-07-01T22:44:44Z] auto_inscribe.py — starting run
[2026-07-01T22:44:44Z] auto_inscribe.py — run complete
[2026-07-01T22:49:44Z] auto_inscribe.py — starting run
[2026-07-01T22:49:44Z] auto_inscribe.py — run complete
[2026-07-01T22:54:44Z] auto_inscribe.py — starting run
[2026-07-01T22:54:44Z] auto_inscribe.py — run complete
[2026-07-01T22:59:44Z] auto_inscribe.py — starting run
[2026-07-01T22:59:44Z] auto_inscribe.py — run complete
[2026-07-01T23:04:44Z] auto_inscribe.py — starting run
[2026-07-01T23:04:44Z] auto_inscribe.py — run complete
[2026-07-01T23:09:45Z] auto_inscribe.py — starting run
[2026-07-01T23:09:45Z] auto_inscribe.py — run complete
[2026-07-01T23:14:45Z] auto_inscribe.py — starting run
[2026-07-01T23:14:45Z] auto_inscribe.py — run complete
[2026-07-01T23:19:45Z] auto_inscribe.py — starting run
[2026-07-01T23:19:45Z] auto_inscribe.py — run complete
[2026-07-01T23:24:45Z] auto_inscribe.py — starting run
[2026-07-01T23:24:45Z] auto_inscribe.py — run complete
[2026-07-01T23:29:45Z] auto_inscribe.py — starting run
[2026-07-01T23:29:45Z] auto_inscribe.py — run complete
[2026-07-01T23:34:45Z] auto_inscribe.py — starting run
[2026-07-01T23:34:45Z] auto_inscribe.py — run complete
[2026-07-01T23:39:45Z] auto_inscribe.py — starting run
[2026-07-01T23:39:45Z] auto_inscribe.py — run complete
[2026-07-01T23:44:45Z] auto_inscribe.py — starting run
[2026-07-01T23:44:45Z] auto_inscribe.py — run complete
[2026-07-01T23:49:45Z] auto_inscribe.py — starting run
[2026-07-01T23:49:45Z] auto_inscribe.py — run complete
[2026-07-01T23:54:46Z] auto_inscribe.py — starting run
[2026-07-01T23:54:46Z] auto_inscribe.py — run complete
[2026-07-01T23:59:46Z] auto_inscribe.py — starting run
[2026-07-01T23:59:46Z] auto_inscribe.py — run complete
[2026-07-02T00:04:46Z] auto_inscribe.py — starting run
[2026-07-02T00:04:46Z] auto_inscribe.py — run complete
[2026-07-02T00:09:46Z] auto_inscribe.py — starting run
[2026-07-02T00:09:46Z] auto_inscribe.py — run complete
[2026-07-02T00:14:46Z] auto_inscribe.py — starting run
[2026-07-02T00:14:46Z] auto_inscribe.py — run complete
[2026-07-02T00:19:46Z] auto_inscribe.py — starting run
[2026-07-02T00:19:46Z] auto_inscribe.py — run complete
[2026-07-02T00:24:46Z] auto_inscribe.py — starting run
[2026-07-02T00:24:46Z] auto_inscribe.py — run complete
[2026-07-02T00:29:46Z] auto_inscribe.py — starting run
[2026-07-02T00:29:46Z] auto_inscribe.py — run complete
[2026-07-02T00:34:47Z] auto_inscribe.py — starting run
[2026-07-02T00:34:47Z] auto_inscribe.py — run complete
[2026-07-02T00:39:47Z] auto_inscribe.py — starting run
[2026-07-02T00:39:47Z] auto_inscribe.py — run complete
[2026-07-02T00:44:47Z] auto_inscribe.py — starting run
[2026-07-02T00:44:47Z] auto_inscribe.py — run complete
[2026-07-02T00:49:47Z] auto_inscribe.py — starting run
[2026-07-02T00:49:47Z] auto_inscribe.py — run complete
[2026-07-02T00:54:47Z] auto_inscribe.py — starting run
[2026-07-02T00:54:47Z] auto_inscribe.py — run complete
[2026-07-02T00:59:47Z] auto_inscribe.py — starting run
[2026-07-02T00:59:47Z] auto_inscribe.py — run complete
[2026-07-02T01:04:47Z] auto_inscribe.py — starting run
[2026-07-02T01:04:47Z] auto_inscribe.py — run complete
[2026-07-02T01:09:47Z] auto_inscribe.py — starting run
[2026-07-02T01:09:47Z] auto_inscribe.py — run complete
[2026-07-02T01:14:47Z] auto_inscribe.py — starting run
[2026-07-02T01:14:47Z] auto_inscribe.py — run complete
[2026-07-02T01:19:48Z] auto_inscribe.py — starting run
[2026-07-02T01:19:48Z] auto_inscribe.py — run complete
[2026-07-02T01:24:48Z] auto_inscribe.py — starting run
[2026-07-02T01:24:48Z] auto_inscribe.py — run complete
[2026-07-02T01:29:48Z] auto_inscribe.py — starting run
[2026-07-02T01:29:48Z] auto_inscribe.py — run complete
[2026-07-02T01:34:48Z] auto_inscribe.py — starting run
[2026-07-02T01:34:48Z] auto_inscribe.py — run complete
[2026-07-02T01:39:48Z] auto_inscribe.py — starting run
[2026-07-02T01:39:48Z] auto_inscribe.py — run complete
[2026-07-02T01:44:48Z] auto_inscribe.py — starting run
[2026-07-02T01:44:48Z] auto_inscribe.py — run complete
[2026-07-02T01:49:48Z] auto_inscribe.py — starting run
[2026-07-02T01:49:48Z] auto_inscribe.py — run complete
[2026-07-02T01:54:48Z] auto_inscribe.py — starting run
[2026-07-02T01:54:48Z] auto_inscribe.py — run complete
[2026-07-02T01:59:49Z] auto_inscribe.py — starting run
[2026-07-02T01:59:49Z] auto_inscribe.py — run complete
[2026-07-02T02:04:49Z] auto_inscribe.py — starting run
[2026-07-02T02:04:49Z] auto_inscribe.py — run complete
[2026-07-02T02:09:49Z] auto_inscribe.py — starting run
[2026-07-02T02:09:49Z] auto_inscribe.py — run complete
[2026-07-02T02:14:49Z] auto_inscribe.py — starting run
[2026-07-02T02:14:49Z] auto_inscribe.py — run complete
[2026-07-02T02:19:49Z] auto_inscribe.py — starting run
[2026-07-02T02:19:49Z] auto_inscribe.py — run complete
[2026-07-02T02:24:49Z] auto_inscribe.py — starting run
[2026-07-02T02:24:49Z] auto_inscribe.py — run complete
[2026-07-02T02:29:49Z] auto_inscribe.py — starting run
[2026-07-02T02:29:49Z] auto_inscribe.py — run complete
[2026-07-02T02:34:50Z] auto_inscribe.py — starting run
[2026-07-02T02:34:50Z] auto_inscribe.py — run complete
[2026-07-02T02:39:50Z] auto_inscribe.py — starting run
[2026-07-02T02:39:50Z] auto_inscribe.py — run complete
[2026-07-02T02:44:50Z] auto_inscribe.py — starting run
[2026-07-02T02:44:50Z] auto_inscribe.py — run complete
[2026-07-02T02:49:50Z] auto_inscribe.py — starting run
[2026-07-02T02:49:50Z] auto_inscribe.py — run complete
[2026-07-02T02:54:50Z] auto_inscribe.py — starting run
[2026-07-02T02:54:50Z] auto_inscribe.py — run complete
[2026-07-02T02:59:50Z] auto_inscribe.py — starting run
[2026-07-02T02:59:50Z] auto_inscribe.py — run complete
[2026-07-02T03:04:50Z] auto_inscribe.py — starting run
[2026-07-02T03:04:51Z] auto_inscribe.py — run complete
[2026-07-02T03:09:51Z] auto_inscribe.py — starting run
[2026-07-02T03:09:51Z] auto_inscribe.py — run complete
[2026-07-02T03:14:51Z] auto_inscribe.py — starting run
[2026-07-02T03:14:51Z] auto_inscribe.py — run complete
[2026-07-02T03:19:51Z] auto_inscribe.py — starting run
[2026-07-02T03:19:51Z] auto_inscribe.py — run complete
[2026-07-02T03:24:51Z] auto_inscribe.py — starting run
[2026-07-02T03:24:51Z] auto_inscribe.py — run complete
[2026-07-02T03:29:51Z] auto_inscribe.py — starting run
[2026-07-02T03:29:51Z] auto_inscribe.py — run complete
[2026-07-02T03:34:51Z] auto_inscribe.py — starting run
[2026-07-02T03:34:51Z] auto_inscribe.py — run complete
[2026-07-02T03:39:51Z] auto_inscribe.py — starting run
[2026-07-02T03:39:51Z] auto_inscribe.py — run complete
[2026-07-02T03:44:51Z] auto_inscribe.py — starting run
[2026-07-02T03:44:51Z] auto_inscribe.py — run complete
[2026-07-02T03:49:51Z] auto_inscribe.py — starting run
[2026-07-02T03:49:51Z] auto_inscribe.py — run complete
[2026-07-02T03:54:51Z] auto_inscribe.py — starting run
[2026-07-02T03:54:52Z] auto_inscribe.py — run complete
[2026-07-02T03:59:52Z] auto_inscribe.py — starting run
[2026-07-02T03:59:52Z] auto_inscribe.py — run complete
[2026-07-02T04:04:52Z] auto_inscribe.py — starting run
[2026-07-02T04:04:52Z] auto_inscribe.py — run complete
[2026-07-02T04:09:52Z] auto_inscribe.py — starting run
[2026-07-02T04:09:52Z] auto_inscribe.py — run complete
[2026-07-02T04:14:52Z] auto_inscribe.py — starting run
[2026-07-02T04:14:52Z] auto_inscribe.py — run complete
[2026-07-02T04:19:52Z] auto_inscribe.py — starting run
[2026-07-02T04:19:52Z] auto_inscribe.py — run complete
[2026-07-02T04:24:52Z] auto_inscribe.py — starting run
[2026-07-02T04:24:52Z] auto_inscribe.py — run complete
[2026-07-02T04:29:52Z] auto_inscribe.py — starting run
[2026-07-02T04:29:52Z] auto_inscribe.py — run complete
[2026-07-02T04:34:52Z] auto_inscribe.py — starting run
[2026-07-02T04:34:52Z] auto_inscribe.py — run complete
[2026-07-02T04:39:52Z] auto_inscribe.py — starting run
[2026-07-02T04:39:52Z] auto_inscribe.py — run complete
[2026-07-02T04:44:53Z] auto_inscribe.py — starting run
[2026-07-02T04:44:53Z] auto_inscribe.py — run complete
[2026-07-02T04:49:53Z] auto_inscribe.py — starting run
[2026-07-02T04:49:53Z] auto_inscribe.py — run complete
[2026-07-02T04:54:53Z] auto_inscribe.py — starting run
[2026-07-02T04:54:53Z] auto_inscribe.py — run complete
[2026-07-02T04:59:53Z] auto_inscribe.py — starting run
[2026-07-02T04:59:53Z] auto_inscribe.py — run complete
[2026-07-02T05:04:53Z] auto_inscribe.py — starting run
[2026-07-02T05:04:53Z] auto_inscribe.py — run complete
[2026-07-02T05:09:53Z] auto_inscribe.py — starting run
[2026-07-02T05:09:53Z] auto_inscribe.py — run complete
[2026-07-02T05:14:53Z] auto_inscribe.py — starting run
[2026-07-02T05:14:53Z] auto_inscribe.py — run complete
[2026-07-02T05:19:53Z] auto_inscribe.py — starting run
[2026-07-02T05:19:53Z] auto_inscribe.py — run complete
[2026-07-02T05:24:53Z] auto_inscribe.py — starting run
[2026-07-02T05:24:53Z] auto_inscribe.py — run complete
[2026-07-02T05:29:53Z] auto_inscribe.py — starting run
[2026-07-02T05:29:53Z] auto_inscribe.py — run complete
[2026-07-02T05:34:53Z] auto_inscribe.py — starting run
[2026-07-02T05:34:54Z] auto_inscribe.py — run complete
[2026-07-02T05:39:54Z] auto_inscribe.py — starting run
[2026-07-02T05:39:54Z] auto_inscribe.py — run complete
[2026-07-02T05:44:54Z] auto_inscribe.py — starting run
[2026-07-02T05:44:54Z] auto_inscribe.py — run complete
[2026-07-02T05:49:54Z] auto_inscribe.py — starting run
[2026-07-02T05:49:54Z] auto_inscribe.py — run complete
[2026-07-02T05:54:54Z] auto_inscribe.py — starting run
[2026-07-02T05:54:54Z] auto_inscribe.py — run complete
[2026-07-02T05:59:54Z] auto_inscribe.py — starting run
[2026-07-02T05:59:54Z] auto_inscribe.py — run complete
[2026-07-02T06:04:54Z] auto_inscribe.py — starting run
[2026-07-02T06:04:54Z] auto_inscribe.py — run complete
[2026-07-02T06:09:54Z] auto_inscribe.py — starting run
[2026-07-02T06:09:54Z] auto_inscribe.py — run complete
[2026-07-02T06:14:54Z] auto_inscribe.py — starting run
[2026-07-02T06:14:54Z] auto_inscribe.py — run complete
[2026-07-02T06:19:55Z] auto_inscribe.py — starting run
[2026-07-02T06:19:55Z] auto_inscribe.py — run complete
[2026-07-02T06:24:55Z] auto_inscribe.py — starting run
[2026-07-02T06:24:55Z] auto_inscribe.py — run complete
[2026-07-02T06:29:55Z] auto_inscribe.py — starting run
[2026-07-02T06:29:55Z] auto_inscribe.py — run complete
[2026-07-02T06:34:55Z] auto_inscribe.py — starting run
[2026-07-02T06:34:55Z] auto_inscribe.py — run complete
[2026-07-02T06:39:55Z] auto_inscribe.py — starting run
[2026-07-02T06:39:55Z] auto_inscribe.py — run complete
[2026-07-02T06:44:55Z] auto_inscribe.py — starting run
[2026-07-02T06:44:55Z] auto_inscribe.py — run complete
[2026-07-02T06:49:55Z] auto_inscribe.py — starting run
[2026-07-02T06:49:55Z] auto_inscribe.py — run complete
[2026-07-02T06:54:55Z] auto_inscribe.py — starting run
[2026-07-02T06:54:55Z] auto_inscribe.py — run complete
[2026-07-02T06:59:55Z] auto_inscribe.py — starting run
[2026-07-02T06:59:55Z] auto_inscribe.py — run complete
[2026-07-02T07:04:56Z] auto_inscribe.py — starting run
[2026-07-02T07:04:56Z] auto_inscribe.py — run complete
[2026-07-02T07:09:56Z] auto_inscribe.py — starting run
[2026-07-02T07:09:56Z] auto_inscribe.py — run complete
[2026-07-02T07:14:56Z] auto_inscribe.py — starting run
[2026-07-02T07:14:56Z] auto_inscribe.py — run complete
[2026-07-02T07:19:56Z] auto_inscribe.py — starting run
[2026-07-02T07:19:56Z] auto_inscribe.py — run complete
[2026-07-02T07:24:56Z] auto_inscribe.py — starting run
[2026-07-02T07:24:56Z] auto_inscribe.py — run complete
[2026-07-02T07:29:56Z] auto_inscribe.py — starting run
[2026-07-02T07:29:56Z] auto_inscribe.py — run complete
[2026-07-02T07:34:56Z] auto_inscribe.py — starting run
[2026-07-02T07:34:56Z] auto_inscribe.py — run complete
[2026-07-02T07:39:56Z] auto_inscribe.py — starting run
[2026-07-02T07:39:56Z] auto_inscribe.py — run complete
[2026-07-02T07:44:56Z] auto_inscribe.py — starting run
[2026-07-02T07:44:56Z] auto_inscribe.py — run complete
[2026-07-02T07:49:57Z] auto_inscribe.py — starting run
[2026-07-02T07:49:57Z] auto_inscribe.py — run complete
[2026-07-02T07:54:57Z] auto_inscribe.py — starting run
[2026-07-02T07:54:57Z] auto_inscribe.py — run complete
[2026-07-02T07:59:57Z] auto_inscribe.py — starting run
[2026-07-02T07:59:57Z] auto_inscribe.py — run complete
[2026-07-02T08:04:57Z] auto_inscribe.py — starting run
[2026-07-02T08:04:57Z] auto_inscribe.py — run complete
[2026-07-02T08:09:57Z] auto_inscribe.py — starting run
[2026-07-02T08:09:57Z] auto_inscribe.py — run complete
[2026-07-02T08:14:57Z] auto_inscribe.py — starting run
[2026-07-02T08:14:57Z] auto_inscribe.py — run complete
[2026-07-02T08:19:57Z] auto_inscribe.py — starting run
[2026-07-02T08:19:57Z] auto_inscribe.py — run complete
[2026-07-02T08:24:57Z] auto_inscribe.py — starting run
[2026-07-02T08:24:57Z] auto_inscribe.py — run complete
[2026-07-02T08:29:57Z] auto_inscribe.py — starting run
[2026-07-02T08:29:57Z] auto_inscribe.py — run complete
[2026-07-02T08:34:58Z] auto_inscribe.py — starting run
[2026-07-02T08:34:58Z] auto_inscribe.py — run complete
[2026-07-02T08:39:58Z] auto_inscribe.py — starting run
[2026-07-02T08:39:58Z] auto_inscribe.py — run complete
[2026-07-02T08:44:58Z] auto_inscribe.py — starting run
[2026-07-02T08:44:58Z] auto_inscribe.py — run complete
[2026-07-02T08:49:58Z] auto_inscribe.py — starting run
[2026-07-02T08:49:58Z] auto_inscribe.py — run complete
[2026-07-02T08:54:58Z] auto_inscribe.py — starting run
[2026-07-02T08:54:58Z] auto_inscribe.py — run complete
[2026-07-02T08:59:58Z] auto_inscribe.py — starting run
[2026-07-02T08:59:58Z] auto_inscribe.py — run complete
[2026-07-02T09:04:58Z] auto_inscribe.py — starting run
[2026-07-02T09:04:58Z] auto_inscribe.py — run complete
[2026-07-02T09:09:58Z] auto_inscribe.py — starting run
[2026-07-02T09:09:58Z] auto_inscribe.py — run complete
[2026-07-02T09:14:58Z] auto_inscribe.py — starting run
[2026-07-02T09:14:58Z] auto_inscribe.py — run complete
[2026-07-02T09:19:59Z] auto_inscribe.py — starting run
[2026-07-02T09:19:59Z] auto_inscribe.py — run complete
[2026-07-02T09:24:59Z] auto_inscribe.py — starting run
[2026-07-02T09:24:59Z] auto_inscribe.py — run complete
[2026-07-02T09:29:59Z] auto_inscribe.py — starting run
[2026-07-02T09:29:59Z] auto_inscribe.py — run complete
[2026-07-02T09:34:59Z] auto_inscribe.py — starting run
[2026-07-02T09:34:59Z] auto_inscribe.py — run complete
[2026-07-02T09:39:59Z] auto_inscribe.py — starting run
[2026-07-02T09:39:59Z] auto_inscribe.py — run complete
[2026-07-02T09:44:59Z] auto_inscribe.py — starting run
[2026-07-02T09:44:59Z] auto_inscribe.py — run complete
[2026-07-02T09:49:59Z] auto_inscribe.py — starting run
[2026-07-02T09:49:59Z] auto_inscribe.py — run complete
[2026-07-02T09:54:59Z] auto_inscribe.py — starting run
[2026-07-02T09:54:59Z] auto_inscribe.py — run complete
[2026-07-02T09:59:59Z] auto_inscribe.py — starting run
[2026-07-02T09:59:59Z] auto_inscribe.py — run complete
[2026-07-02T10:04:59Z] auto_inscribe.py — starting run
[2026-07-02T10:04:59Z] auto_inscribe.py — run complete
[2026-07-02T10:10:00Z] auto_inscribe.py — starting run
[2026-07-02T10:10:00Z] auto_inscribe.py — run complete
[2026-07-02T10:15:00Z] auto_inscribe.py — starting run
[2026-07-02T10:15:00Z] auto_inscribe.py — run complete
[2026-07-02T10:20:00Z] auto_inscribe.py — starting run
[2026-07-02T10:20:00Z] auto_inscribe.py — run complete
[2026-07-02T10:25:00Z] auto_inscribe.py — starting run
[2026-07-02T10:25:00Z] auto_inscribe.py — run complete
[2026-07-02T10:30:00Z] auto_inscribe.py — starting run
[2026-07-02T10:30:00Z] auto_inscribe.py — run complete
[2026-07-02T10:35:00Z] auto_inscribe.py — starting run
[2026-07-02T10:35:00Z] auto_inscribe.py — run complete
[2026-07-02T10:40:00Z] auto_inscribe.py — starting run
[2026-07-02T10:40:00Z] auto_inscribe.py — run complete
[2026-07-02T10:45:00Z] auto_inscribe.py — starting run
[2026-07-02T10:45:00Z] auto_inscribe.py — run complete
[2026-07-02T10:50:00Z] auto_inscribe.py — starting run
[2026-07-02T10:50:00Z] auto_inscribe.py — run complete
[2026-07-02T10:55:01Z] auto_inscribe.py — starting run
[2026-07-02T10:55:01Z] auto_inscribe.py — run complete
[2026-07-02T11:00:01Z] auto_inscribe.py — starting run
[2026-07-02T11:00:01Z] auto_inscribe.py — run complete
[2026-07-02T11:05:01Z] auto_inscribe.py — starting run
[2026-07-02T11:05:01Z] auto_inscribe.py — run complete
[2026-07-02T11:10:01Z] auto_inscribe.py — starting run
[2026-07-02T11:10:01Z] auto_inscribe.py — run complete
[2026-07-02T11:15:01Z] auto_inscribe.py — starting run
[2026-07-02T11:15:01Z] auto_inscribe.py — run complete
[2026-07-02T11:20:01Z] auto_inscribe.py — starting run
[2026-07-02T11:20:01Z] auto_inscribe.py — run complete
[2026-07-02T11:25:01Z] auto_inscribe.py — starting run
[2026-07-02T11:25:01Z] auto_inscribe.py — run complete
[2026-07-02T11:30:01Z] auto_inscribe.py — starting run
[2026-07-02T11:30:01Z] auto_inscribe.py — run complete
[2026-07-02T11:35:01Z] auto_inscribe.py — starting run
[2026-07-02T11:35:01Z] auto_inscribe.py — run complete
[2026-07-02T11:40:02Z] auto_inscribe.py — starting run
[2026-07-02T11:40:02Z] auto_inscribe.py — run complete
[2026-07-02T11:45:02Z] auto_inscribe.py — starting run
[2026-07-02T11:45:02Z] auto_inscribe.py — run complete
[2026-07-02T11:50:02Z] auto_inscribe.py — starting run
[2026-07-02T11:50:02Z] auto_inscribe.py — run complete
[2026-07-02T11:55:02Z] auto_inscribe.py — starting run
[2026-07-02T11:55:02Z] auto_inscribe.py — run complete
[2026-07-02T12:00:02Z] auto_inscribe.py — starting run
[2026-07-02T12:00:02Z] auto_inscribe.py — run complete
[2026-07-02T12:05:02Z] auto_inscribe.py — starting run
[2026-07-02T12:05:02Z] auto_inscribe.py — run complete
[2026-07-02T12:10:02Z] auto_inscribe.py — starting run
[2026-07-02T12:10:02Z] auto_inscribe.py — run complete
[2026-07-02T12:15:02Z] auto_inscribe.py — starting run
[2026-07-02T12:15:02Z] auto_inscribe.py — run complete
[2026-07-02T12:20:03Z] auto_inscribe.py — starting run
[2026-07-02T12:20:03Z] auto_inscribe.py — run complete
[2026-07-02T12:25:03Z] auto_inscribe.py — starting run
[2026-07-02T12:25:03Z] auto_inscribe.py — run complete
[2026-07-02T12:30:03Z] auto_inscribe.py — starting run
[2026-07-02T12:30:03Z] auto_inscribe.py — run complete
[2026-07-02T12:35:03Z] auto_inscribe.py — starting run
[2026-07-02T12:35:03Z] auto_inscribe.py — run complete
[2026-07-02T12:40:03Z] auto_inscribe.py — starting run
[2026-07-02T12:40:03Z] auto_inscribe.py — run complete
[2026-07-02T12:45:03Z] auto_inscribe.py — starting run
[2026-07-02T12:45:03Z] auto_inscribe.py — run complete
[2026-07-02T12:50:03Z] auto_inscribe.py — starting run
[2026-07-02T12:50:03Z] auto_inscribe.py — run complete
[2026-07-02T12:55:03Z] auto_inscribe.py — starting run
[2026-07-02T12:55:03Z] auto_inscribe.py — run complete
[2026-07-02T13:00:04Z] auto_inscribe.py — starting run
[2026-07-02T13:00:04Z] auto_inscribe.py — run complete
[2026-07-02T13:05:04Z] auto_inscribe.py — starting run
[2026-07-02T13:05:04Z] auto_inscribe.py — run complete
[2026-07-02T13:10:04Z] auto_inscribe.py — starting run
[2026-07-02T13:10:04Z] auto_inscribe.py — run complete
[2026-07-02T13:15:04Z] auto_inscribe.py — starting run
[2026-07-02T13:15:04Z] auto_inscribe.py — run complete
[2026-07-02T13:20:04Z] auto_inscribe.py — starting run
[2026-07-02T13:20:04Z] auto_inscribe.py — run complete
[2026-07-02T13:25:05Z] auto_inscribe.py — starting run
[2026-07-02T13:25:05Z] auto_inscribe.py — run complete
[2026-07-02T13:30:05Z] auto_inscribe.py — starting run
[2026-07-02T13:30:05Z] auto_inscribe.py — run complete
[2026-07-02T13:35:05Z] auto_inscribe.py — starting run
[2026-07-02T13:35:05Z] auto_inscribe.py — run complete
[2026-07-02T13:40:05Z] auto_inscribe.py — starting run
[2026-07-02T13:40:05Z] auto_inscribe.py — run complete
[2026-07-02T13:45:05Z] auto_inscribe.py — starting run
[2026-07-02T13:45:05Z] auto_inscribe.py — run complete
[2026-07-02T13:50:05Z] auto_inscribe.py — starting run
[2026-07-02T13:50:05Z] auto_inscribe.py — run complete
[2026-07-02T13:55:05Z] auto_inscribe.py — starting run
[2026-07-02T13:55:05Z] auto_inscribe.py — run complete
[2026-07-02T14:00:05Z] auto_inscribe.py — starting run
[2026-07-02T14:00:05Z] auto_inscribe.py — run complete
[2026-07-02T14:05:05Z] auto_inscribe.py — starting run
[2026-07-02T14:05:05Z] auto_inscribe.py — run complete
[2026-07-02T14:10:06Z] auto_inscribe.py — starting run
[2026-07-02T14:10:06Z] auto_inscribe.py — run complete
[2026-07-02T14:15:06Z] auto_inscribe.py — starting run
[2026-07-02T14:15:06Z] auto_inscribe.py — run complete
[2026-07-02T14:20:06Z] auto_inscribe.py — starting run
[2026-07-02T14:20:06Z] auto_inscribe.py — run complete
[2026-07-02T14:25:06Z] auto_inscribe.py — starting run
[2026-07-02T14:25:06Z] auto_inscribe.py — run complete
[2026-07-02T14:30:06Z] auto_inscribe.py — starting run
[2026-07-02T14:30:06Z] auto_inscribe.py — run complete
[2026-07-02T14:35:06Z] auto_inscribe.py — starting run
[2026-07-02T14:35:06Z] auto_inscribe.py — run complete
[2026-07-02T14:40:06Z] auto_inscribe.py — starting run
[2026-07-02T14:40:06Z] auto_inscribe.py — run complete
[2026-07-02T14:45:06Z] auto_inscribe.py — starting run
[2026-07-02T14:45:06Z] auto_inscribe.py — run complete
[2026-07-02T14:50:06Z] auto_inscribe.py — starting run
[2026-07-02T14:50:06Z] auto_inscribe.py — run complete
[2026-07-02T14:55:07Z] auto_inscribe.py — starting run
[2026-07-02T14:55:07Z] auto_inscribe.py — run complete
[2026-07-02T15:00:07Z] auto_inscribe.py — starting run
[2026-07-02T15:00:07Z] auto_inscribe.py — run complete
[2026-07-02T15:05:07Z] auto_inscribe.py — starting run
[2026-07-02T15:05:07Z] auto_inscribe.py — run complete
[2026-07-02T15:10:07Z] auto_inscribe.py — starting run
[2026-07-02T15:10:07Z] auto_inscribe.py — run complete
[2026-07-02T15:15:07Z] auto_inscribe.py — starting run
[2026-07-02T15:15:07Z] auto_inscribe.py — run complete
[2026-07-02T15:20:07Z] auto_inscribe.py — starting run
[2026-07-02T15:20:07Z] auto_inscribe.py — run complete
[2026-07-02T15:25:07Z] auto_inscribe.py — starting run
[2026-07-02T15:25:07Z] auto_inscribe.py — run complete
[2026-07-02T15:30:07Z] auto_inscribe.py — starting run
[2026-07-02T15:30:07Z] auto_inscribe.py — run complete
[2026-07-02T15:35:07Z] auto_inscribe.py — starting run
[2026-07-02T15:35:07Z] auto_inscribe.py — run complete
[2026-07-02T15:40:08Z] auto_inscribe.py — starting run
[2026-07-02T15:40:08Z] auto_inscribe.py — run complete
[2026-07-02T15:45:08Z] auto_inscribe.py — starting run
[2026-07-02T15:45:08Z] auto_inscribe.py — run complete
[2026-07-02T15:50:08Z] auto_inscribe.py — starting run
[2026-07-02T15:50:08Z] auto_inscribe.py — run complete
[2026-07-02T15:55:08Z] auto_inscribe.py — starting run
[2026-07-02T15:55:08Z] auto_inscribe.py — run complete
[2026-07-02T16:00:08Z] auto_inscribe.py — starting run
[2026-07-02T16:00:08Z] auto_inscribe.py — run complete
[2026-07-02T16:05:08Z] auto_inscribe.py — starting run
[2026-07-02T16:05:08Z] auto_inscribe.py — run complete
[2026-07-02T16:10:08Z] auto_inscribe.py — starting run
[2026-07-02T16:10:08Z] auto_inscribe.py — run complete
[2026-07-02T16:15:08Z] auto_inscribe.py — starting run
[2026-07-02T16:15:08Z] auto_inscribe.py — run complete
[2026-07-02T16:20:08Z] auto_inscribe.py — starting run
[2026-07-02T16:20:08Z] auto_inscribe.py — run complete
[2026-07-02T16:25:09Z] auto_inscribe.py — starting run
[2026-07-02T16:25:09Z] auto_inscribe.py — run complete
[2026-07-02T16:30:09Z] auto_inscribe.py — starting run
[2026-07-02T16:30:09Z] auto_inscribe.py — run complete
[2026-07-02T16:35:09Z] auto_inscribe.py — starting run
[2026-07-02T16:35:09Z] auto_inscribe.py — run complete
[2026-07-02T16:40:09Z] auto_inscribe.py — starting run
[2026-07-02T16:40:09Z] auto_inscribe.py — run complete
[2026-07-02T16:45:09Z] auto_inscribe.py — starting run
[2026-07-02T16:45:09Z] auto_inscribe.py — run complete
[2026-07-02T16:50:09Z] auto_inscribe.py — starting run
[2026-07-02T16:50:09Z] auto_inscribe.py — run complete
[2026-07-02T16:55:09Z] auto_inscribe.py — starting run
[2026-07-02T16:55:09Z] auto_inscribe.py — run complete
[2026-07-02T17:00:09Z] auto_inscribe.py — starting run
[2026-07-02T17:00:09Z] auto_inscribe.py — run complete
[2026-07-02T17:05:09Z] auto_inscribe.py — starting run
[2026-07-02T17:05:09Z] auto_inscribe.py — run complete
[2026-07-02T17:10:10Z] auto_inscribe.py — starting run
[2026-07-02T17:10:10Z] auto_inscribe.py — run complete
[2026-07-02T17:15:10Z] auto_inscribe.py — starting run
[2026-07-02T17:15:10Z] auto_inscribe.py — run complete
[2026-07-02T17:20:10Z] auto_inscribe.py — starting run
[2026-07-02T17:20:10Z] auto_inscribe.py — run complete
[2026-07-02T17:25:10Z] auto_inscribe.py — starting run
[2026-07-02T17:25:10Z] auto_inscribe.py — run complete
[2026-07-02T17:30:10Z] auto_inscribe.py — starting run
[2026-07-02T17:30:10Z] auto_inscribe.py — run complete
[2026-07-02T17:35:10Z] auto_inscribe.py — starting run
[2026-07-02T17:35:10Z] auto_inscribe.py — run complete
[2026-07-02T17:40:10Z] auto_inscribe.py — starting run
[2026-07-02T17:40:10Z] auto_inscribe.py — run complete
[2026-07-02T17:45:10Z] auto_inscribe.py — starting run
[2026-07-02T17:45:10Z] auto_inscribe.py — run complete
[2026-07-02T17:50:10Z] auto_inscribe.py — starting run
[2026-07-02T17:50:10Z] auto_inscribe.py — run complete
[2026-07-02T17:55:11Z] auto_inscribe.py — starting run
[2026-07-02T17:55:11Z] auto_inscribe.py — run complete
[2026-07-02T18:00:11Z] auto_inscribe.py — starting run
[2026-07-02T18:00:11Z] auto_inscribe.py — run complete
[2026-07-02T18:05:11Z] auto_inscribe.py — starting run
[2026-07-02T18:05:11Z] auto_inscribe.py — run complete
[2026-07-02T18:10:11Z] auto_inscribe.py — starting run
[2026-07-02T18:10:11Z] auto_inscribe.py — run complete
[2026-07-02T18:15:11Z] auto_inscribe.py — starting run
[2026-07-02T18:15:11Z] auto_inscribe.py — run complete
[2026-07-02T18:20:11Z] auto_inscribe.py — starting run
[2026-07-02T18:20:11Z] auto_inscribe.py — run complete
[2026-07-02T18:25:11Z] auto_inscribe.py — starting run
[2026-07-02T18:25:11Z] auto_inscribe.py — run complete
[2026-07-02T18:30:11Z] auto_inscribe.py — starting run
[2026-07-02T18:30:11Z] auto_inscribe.py — run complete
[2026-07-02T18:35:11Z] auto_inscribe.py — starting run
[2026-07-02T18:35:11Z] auto_inscribe.py — run complete
[2026-07-02T18:40:11Z] auto_inscribe.py — starting run
[2026-07-02T18:40:11Z] auto_inscribe.py — run complete
[2026-07-02T18:45:12Z] auto_inscribe.py — starting run
[2026-07-02T18:45:12Z] auto_inscribe.py — run complete
[2026-07-02T18:50:12Z] auto_inscribe.py — starting run
[2026-07-02T18:50:12Z] auto_inscribe.py — run complete
[2026-07-02T18:55:12Z] auto_inscribe.py — starting run
[2026-07-02T18:55:12Z] auto_inscribe.py — run complete
[2026-07-02T19:00:12Z] auto_inscribe.py — starting run
[2026-07-02T19:00:12Z] auto_inscribe.py — run complete
[2026-07-02T19:05:12Z] auto_inscribe.py — starting run
[2026-07-02T19:05:12Z] auto_inscribe.py — run complete
[2026-07-02T19:10:12Z] auto_inscribe.py — starting run
[2026-07-02T19:10:12Z] auto_inscribe.py — run complete
[2026-07-02T19:15:12Z] auto_inscribe.py — starting run
[2026-07-02T19:15:12Z] auto_inscribe.py — run complete
[2026-07-02T19:20:12Z] auto_inscribe.py — starting run
[2026-07-02T19:20:12Z] auto_inscribe.py — run complete
[2026-07-02T19:25:12Z] auto_inscribe.py — starting run
[2026-07-02T19:25:12Z] auto_inscribe.py — run complete
[2026-07-02T19:30:13Z] auto_inscribe.py — starting run
[2026-07-02T19:30:13Z] auto_inscribe.py — run complete
[2026-07-02T19:35:13Z] auto_inscribe.py — starting run
[2026-07-02T19:35:13Z] auto_inscribe.py — run complete
[2026-07-02T19:40:13Z] auto_inscribe.py — starting run
[2026-07-02T19:40:13Z] auto_inscribe.py — run complete
[2026-07-02T19:45:13Z] auto_inscribe.py — starting run
[2026-07-02T19:45:13Z] auto_inscribe.py — run complete
[2026-07-02T19:50:13Z] auto_inscribe.py — starting run
[2026-07-02T19:50:13Z] auto_inscribe.py — run complete
[2026-07-02T19:55:13Z] auto_inscribe.py — starting run
[2026-07-02T19:55:13Z] auto_inscribe.py — run complete
[2026-07-02T20:00:13Z] auto_inscribe.py — starting run
[2026-07-02T20:00:13Z] auto_inscribe.py — run complete
[2026-07-02T20:05:13Z] auto_inscribe.py — starting run
[2026-07-02T20:05:13Z] auto_inscribe.py — run complete
[2026-07-02T20:10:13Z] auto_inscribe.py — starting run
[2026-07-02T20:10:13Z] auto_inscribe.py — run complete
[2026-07-02T20:15:14Z] auto_inscribe.py — starting run
[2026-07-02T20:15:14Z] auto_inscribe.py — run complete
[2026-07-02T20:20:14Z] auto_inscribe.py — starting run
[2026-07-02T20:20:14Z] auto_inscribe.py — run complete
[2026-07-02T20:25:14Z] auto_inscribe.py — starting run
[2026-07-02T20:25:14Z] auto_inscribe.py — run complete
[2026-07-02T20:30:14Z] auto_inscribe.py — starting run
[2026-07-02T20:30:14Z] auto_inscribe.py — run complete
[2026-07-02T20:35:14Z] auto_inscribe.py — starting run
[2026-07-02T20:35:14Z] auto_inscribe.py — run complete
[2026-07-02T20:40:14Z] auto_inscribe.py — starting run
[2026-07-02T20:40:14Z] auto_inscribe.py — run complete
[2026-07-02T20:45:14Z] auto_inscribe.py — starting run
[2026-07-02T20:45:14Z] auto_inscribe.py — run complete
[2026-07-02T20:50:14Z] auto_inscribe.py — starting run
[2026-07-02T20:50:14Z] auto_inscribe.py — run complete
[2026-07-02T20:55:14Z] auto_inscribe.py — starting run
[2026-07-02T20:55:14Z] auto_inscribe.py — run complete
[2026-07-02T21:00:15Z] auto_inscribe.py — starting run
[2026-07-02T21:00:15Z] auto_inscribe.py — run complete
[2026-07-02T21:05:15Z] auto_inscribe.py — starting run
[2026-07-02T21:05:15Z] auto_inscribe.py — run complete
[2026-07-02T21:10:15Z] auto_inscribe.py — starting run
[2026-07-02T21:10:15Z] auto_inscribe.py — run complete
[2026-07-02T21:15:15Z] auto_inscribe.py — starting run
[2026-07-02T21:15:15Z] auto_inscribe.py — run complete
[2026-07-02T21:20:15Z] auto_inscribe.py — starting run
[2026-07-02T21:20:15Z] auto_inscribe.py — run complete
[2026-07-02T21:25:15Z] auto_inscribe.py — starting run
[2026-07-02T21:25:15Z] auto_inscribe.py — run complete
[2026-07-02T21:30:15Z] auto_inscribe.py — starting run
[2026-07-02T21:30:15Z] auto_inscribe.py — run complete
[2026-07-02T21:35:15Z] auto_inscribe.py — starting run
[2026-07-02T21:35:15Z] auto_inscribe.py — run complete
[2026-07-02T21:40:15Z] auto_inscribe.py — starting run
[2026-07-02T21:40:15Z] auto_inscribe.py — run complete
[2026-07-02T21:45:16Z] auto_inscribe.py — starting run
[2026-07-02T21:45:16Z] auto_inscribe.py — run complete
[2026-07-02T21:50:16Z] auto_inscribe.py — starting run
[2026-07-02T21:50:16Z] auto_inscribe.py — run complete
[2026-07-02T21:55:16Z] auto_inscribe.py — starting run
[2026-07-02T21:55:16Z] auto_inscribe.py — run complete
[2026-07-02T22:00:16Z] auto_inscribe.py — starting run
[2026-07-02T22:00:16Z] auto_inscribe.py — run complete
[2026-07-02T22:05:16Z] auto_inscribe.py — starting run
[2026-07-02T22:05:16Z] auto_inscribe.py — run complete
[2026-07-02T22:10:16Z] auto_inscribe.py — starting run
[2026-07-02T22:10:16Z] auto_inscribe.py — run complete
[2026-07-02T22:15:16Z] auto_inscribe.py — starting run
[2026-07-02T22:15:16Z] auto_inscribe.py — run complete
[2026-07-02T22:20:16Z] auto_inscribe.py — starting run
[2026-07-02T22:20:16Z] auto_inscribe.py — run complete
[2026-07-02T22:25:17Z] auto_inscribe.py — starting run
[2026-07-02T22:25:17Z] auto_inscribe.py — run complete
[2026-07-02T22:30:17Z] auto_inscribe.py — starting run
[2026-07-02T22:30:17Z] auto_inscribe.py — run complete
[2026-07-02T22:35:17Z] auto_inscribe.py — starting run
[2026-07-02T22:35:17Z] auto_inscribe.py — run complete
[2026-07-02T22:40:17Z] auto_inscribe.py — starting run
[2026-07-02T22:40:17Z] auto_inscribe.py — run complete
[2026-07-02T22:45:17Z] auto_inscribe.py — starting run
[2026-07-02T22:45:17Z] auto_inscribe.py — run complete
[2026-07-02T22:50:17Z] auto_inscribe.py — starting run
[2026-07-02T22:50:17Z] auto_inscribe.py — run complete
[2026-07-02T22:55:17Z] auto_inscribe.py — starting run
[2026-07-02T22:55:17Z] auto_inscribe.py — run complete
[2026-07-02T23:00:17Z] auto_inscribe.py — starting run
[2026-07-02T23:00:17Z] auto_inscribe.py — run complete
[2026-07-02T23:05:17Z] auto_inscribe.py — starting run
[2026-07-02T23:05:17Z] auto_inscribe.py — run complete
[2026-07-02T23:10:17Z] auto_inscribe.py — starting run
[2026-07-02T23:10:17Z] auto_inscribe.py — run complete
[2026-07-02T23:15:18Z] auto_inscribe.py — starting run
[2026-07-02T23:15:18Z] auto_inscribe.py — run complete
[2026-07-02T23:20:18Z] auto_inscribe.py — starting run
[2026-07-02T23:20:18Z] auto_inscribe.py — run complete
[2026-07-02T23:25:18Z] auto_inscribe.py — starting run
[2026-07-02T23:25:18Z] auto_inscribe.py — run complete
[2026-07-02T23:30:18Z] auto_inscribe.py — starting run
[2026-07-02T23:30:18Z] auto_inscribe.py — run complete
[2026-07-02T23:35:18Z] auto_inscribe.py — starting run
[2026-07-02T23:35:18Z] auto_inscribe.py — run complete
[2026-07-02T23:40:18Z] auto_inscribe.py — starting run
[2026-07-02T23:40:18Z] auto_inscribe.py — run complete
[2026-07-02T23:45:18Z] auto_inscribe.py — starting run
[2026-07-02T23:45:18Z] auto_inscribe.py — run complete
[2026-07-02T23:50:18Z] auto_inscribe.py — starting run
[2026-07-02T23:50:18Z] auto_inscribe.py — run complete
[2026-07-02T23:55:18Z] auto_inscribe.py — starting run
[2026-07-02T23:55:18Z] auto_inscribe.py — run complete
[2026-07-03T00:00:19Z] auto_inscribe.py — starting run
[2026-07-03T00:00:19Z] auto_inscribe.py — run complete
[2026-07-03T00:05:19Z] auto_inscribe.py — starting run
[2026-07-03T00:05:19Z] auto_inscribe.py — run complete
[2026-07-03T00:10:19Z] auto_inscribe.py — starting run
[2026-07-03T00:10:19Z] auto_inscribe.py — run complete
[2026-07-03T00:15:19Z] auto_inscribe.py — starting run
[2026-07-03T00:15:19Z] auto_inscribe.py — run complete
[2026-07-03T00:20:19Z] auto_inscribe.py — starting run
[2026-07-03T00:20:19Z] auto_inscribe.py — run complete
[2026-07-03T00:25:19Z] auto_inscribe.py — starting run
[2026-07-03T00:25:19Z] auto_inscribe.py — run complete
[2026-07-03T00:30:19Z] auto_inscribe.py — starting run
[2026-07-03T00:30:19Z] auto_inscribe.py — run complete
[2026-07-03T00:35:19Z] auto_inscribe.py — starting run
[2026-07-03T00:35:19Z] auto_inscribe.py — run complete
[2026-07-03T00:40:19Z] auto_inscribe.py — starting run
[2026-07-03T00:40:19Z] auto_inscribe.py — run complete
[2026-07-03T00:45:19Z] auto_inscribe.py — starting run
[2026-07-03T00:45:20Z] auto_inscribe.py — run complete
[2026-07-03T00:50:20Z] auto_inscribe.py — starting run
[2026-07-03T00:50:20Z] auto_inscribe.py — run complete
[2026-07-03T00:55:20Z] auto_inscribe.py — starting run
[2026-07-03T00:55:20Z] auto_inscribe.py — run complete
[2026-07-03T01:00:20Z] auto_inscribe.py — starting run
[2026-07-03T01:00:20Z] auto_inscribe.py — run complete
[2026-07-03T01:05:20Z] auto_inscribe.py — starting run
[2026-07-03T01:05:20Z] auto_inscribe.py — run complete
[2026-07-03T01:10:20Z] auto_inscribe.py — starting run
[2026-07-03T01:10:20Z] auto_inscribe.py — run complete
[2026-07-03T01:15:20Z] auto_inscribe.py — starting run
[2026-07-03T01:15:20Z] auto_inscribe.py — run complete
[2026-07-03T01:20:20Z] auto_inscribe.py — starting run
[2026-07-03T01:20:20Z] auto_inscribe.py — run complete
[2026-07-03T01:25:20Z] auto_inscribe.py — starting run
[2026-07-03T01:25:20Z] auto_inscribe.py — run complete
[2026-07-03T01:30:20Z] auto_inscribe.py — starting run
[2026-07-03T01:30:20Z] auto_inscribe.py — run complete
[2026-07-03T01:35:21Z] auto_inscribe.py — starting run
[2026-07-03T01:35:21Z] auto_inscribe.py — run complete
[2026-07-03T01:40:21Z] auto_inscribe.py — starting run
[2026-07-03T01:40:21Z] auto_inscribe.py — run complete
[2026-07-03T01:45:21Z] auto_inscribe.py — starting run
[2026-07-03T01:45:21Z] auto_inscribe.py — run complete
[2026-07-03T01:50:21Z] auto_inscribe.py — starting run
[2026-07-03T01:50:21Z] auto_inscribe.py — run complete
[2026-07-03T01:55:21Z] auto_inscribe.py — starting run
[2026-07-03T01:55:21Z] auto_inscribe.py — run complete
[2026-07-03T02:00:21Z] auto_inscribe.py — starting run
[2026-07-03T02:00:21Z] auto_inscribe.py — run complete
[2026-07-03T02:05:21Z] auto_inscribe.py — starting run
[2026-07-03T02:05:21Z] auto_inscribe.py — run complete
[2026-07-03T02:10:21Z] auto_inscribe.py — starting run
[2026-07-03T02:10:21Z] auto_inscribe.py — run complete
[2026-07-03T02:15:21Z] auto_inscribe.py — starting run
[2026-07-03T02:15:21Z] auto_inscribe.py — run complete
[2026-07-03T02:20:22Z] auto_inscribe.py — starting run
[2026-07-03T02:20:22Z] auto_inscribe.py — run complete
[2026-07-03T02:25:22Z] auto_inscribe.py — starting run
[2026-07-03T02:25:22Z] auto_inscribe.py — run complete
[2026-07-03T02:30:22Z] auto_inscribe.py — starting run
[2026-07-03T02:30:22Z] auto_inscribe.py — run complete
[2026-07-03T02:35:22Z] auto_inscribe.py — starting run
[2026-07-03T02:35:22Z] auto_inscribe.py — run complete
[2026-07-03T02:40:22Z] auto_inscribe.py — starting run
[2026-07-03T02:40:22Z] auto_inscribe.py — run complete
[2026-07-03T02:45:22Z] auto_inscribe.py — starting run
[2026-07-03T02:45:22Z] auto_inscribe.py — run complete
[2026-07-03T02:50:22Z] auto_inscribe.py — starting run
[2026-07-03T02:50:22Z] auto_inscribe.py — run complete
[2026-07-03T02:55:22Z] auto_inscribe.py — starting run
[2026-07-03T02:55:22Z] auto_inscribe.py — run complete
[2026-07-03T03:00:22Z] auto_inscribe.py — starting run
[2026-07-03T03:00:22Z] auto_inscribe.py — run complete
[2026-07-03T03:05:23Z] auto_inscribe.py — starting run
[2026-07-03T03:05:23Z] auto_inscribe.py — run complete
[2026-07-03T03:10:23Z] auto_inscribe.py — starting run
[2026-07-03T03:10:23Z] auto_inscribe.py — run complete
[2026-07-03T03:15:23Z] auto_inscribe.py — starting run
[2026-07-03T03:15:23Z] auto_inscribe.py — run complete
[2026-07-03T03:20:23Z] auto_inscribe.py — starting run
[2026-07-03T03:20:23Z] auto_inscribe.py — run complete
[2026-07-03T03:25:23Z] auto_inscribe.py — starting run
[2026-07-03T03:25:23Z] auto_inscribe.py — run complete
[2026-07-03T03:30:23Z] auto_inscribe.py — starting run
[2026-07-03T03:30:23Z] auto_inscribe.py — run complete
[2026-07-03T03:35:23Z] auto_inscribe.py — starting run
[2026-07-03T03:35:23Z] auto_inscribe.py — run complete
[2026-07-03T03:40:23Z] auto_inscribe.py — starting run
[2026-07-03T03:40:23Z] auto_inscribe.py — run complete
[2026-07-03T03:45:24Z] auto_inscribe.py — starting run
[2026-07-03T03:45:24Z] auto_inscribe.py — run complete
[2026-07-03T03:50:24Z] auto_inscribe.py — starting run
[2026-07-03T03:50:24Z] auto_inscribe.py — run complete
[2026-07-03T03:55:24Z] auto_inscribe.py — starting run
[2026-07-03T03:55:24Z] auto_inscribe.py — run complete
[2026-07-03T04:00:24Z] auto_inscribe.py — starting run
[2026-07-03T04:00:24Z] auto_inscribe.py — run complete
[2026-07-03T04:05:24Z] auto_inscribe.py — starting run
[2026-07-03T04:05:24Z] auto_inscribe.py — run complete
[2026-07-03T04:10:24Z] auto_inscribe.py — starting run
[2026-07-03T04:10:24Z] auto_inscribe.py — run complete
[2026-07-03T04:15:24Z] auto_inscribe.py — starting run
[2026-07-03T04:15:24Z] auto_inscribe.py — run complete
[2026-07-03T04:20:24Z] auto_inscribe.py — starting run
[2026-07-03T04:20:24Z] auto_inscribe.py — run complete
[2026-07-03T04:25:24Z] auto_inscribe.py — starting run
[2026-07-03T04:25:24Z] auto_inscribe.py — run complete
[2026-07-03T04:30:25Z] auto_inscribe.py — starting run
[2026-07-03T04:30:25Z] auto_inscribe.py — run complete
[2026-07-03T04:35:25Z] auto_inscribe.py — starting run
[2026-07-03T04:35:25Z] auto_inscribe.py — run complete
[2026-07-03T04:40:25Z] auto_inscribe.py — starting run
[2026-07-03T04:40:25Z] auto_inscribe.py — run complete
[2026-07-03T04:45:25Z] auto_inscribe.py — starting run
[2026-07-03T04:45:25Z] auto_inscribe.py — run complete
[2026-07-03T04:50:25Z] auto_inscribe.py — starting run
[2026-07-03T04:50:25Z] auto_inscribe.py — run complete
[2026-07-03T04:55:25Z] auto_inscribe.py — starting run
[2026-07-03T04:55:25Z] auto_inscribe.py — run complete
[2026-07-03T05:00:25Z] auto_inscribe.py — starting run
[2026-07-03T05:00:25Z] auto_inscribe.py — run complete
[2026-07-03T05:05:25Z] auto_inscribe.py — starting run
[2026-07-03T05:05:25Z] auto_inscribe.py — run complete
[2026-07-03T05:10:25Z] auto_inscribe.py — starting run
[2026-07-03T05:10:25Z] auto_inscribe.py — run complete
[2026-07-03T05:15:26Z] auto_inscribe.py — starting run
[2026-07-03T05:15:26Z] auto_inscribe.py — run complete
[2026-07-03T05:20:26Z] auto_inscribe.py — starting run
[2026-07-03T05:20:26Z] auto_inscribe.py — run complete
[2026-07-03T05:25:26Z] auto_inscribe.py — starting run
[2026-07-03T05:25:26Z] auto_inscribe.py — run complete
[2026-07-03T05:30:26Z] auto_inscribe.py — starting run
[2026-07-03T05:30:26Z] auto_inscribe.py — run complete
[2026-07-03T05:35:26Z] auto_inscribe.py — starting run
[2026-07-03T05:35:26Z] auto_inscribe.py — run complete
[2026-07-03T05:40:26Z] auto_inscribe.py — starting run
[2026-07-03T05:40:26Z] auto_inscribe.py — run complete
[2026-07-03T05:45:26Z] auto_inscribe.py — starting run
[2026-07-03T05:45:26Z] auto_inscribe.py — run complete
[2026-07-03T05:50:26Z] auto_inscribe.py — starting run
[2026-07-03T05:50:26Z] auto_inscribe.py — run complete
[2026-07-03T05:55:26Z] auto_inscribe.py — starting run
[2026-07-03T05:55:26Z] auto_inscribe.py — run complete
[2026-07-03T06:00:27Z] auto_inscribe.py — starting run
[2026-07-03T06:00:27Z] auto_inscribe.py — run complete
[2026-07-03T06:05:27Z] auto_inscribe.py — starting run
[2026-07-03T06:05:27Z] auto_inscribe.py — run complete
[2026-07-03T06:10:27Z] auto_inscribe.py — starting run
[2026-07-03T06:10:27Z] auto_inscribe.py — run complete
[2026-07-03T06:15:27Z] auto_inscribe.py — starting run
[2026-07-03T06:15:27Z] auto_inscribe.py — run complete
[2026-07-03T06:20:27Z] auto_inscribe.py — starting run
[2026-07-03T06:20:27Z] auto_inscribe.py — run complete
[2026-07-03T06:25:27Z] auto_inscribe.py — starting run
[2026-07-03T06:25:27Z] auto_inscribe.py — run complete
[2026-07-03T06:30:27Z] auto_inscribe.py — starting run
[2026-07-03T06:30:27Z] auto_inscribe.py — run complete
[2026-07-03T06:35:27Z] auto_inscribe.py — starting run
[2026-07-03T06:35:27Z] auto_inscribe.py — run complete
[2026-07-03T06:40:55Z] auto_inscribe.py — starting run
[2026-07-03T06:40:55Z] auto_inscribe.py — run complete
[2026-07-03T06:45:55Z] auto_inscribe.py — starting run
[2026-07-03T06:45:55Z] auto_inscribe.py — run complete
[2026-07-03T06:50:55Z] auto_inscribe.py — starting run
[2026-07-03T06:50:55Z] auto_inscribe.py — run complete
[2026-07-03T06:55:55Z] auto_inscribe.py — starting run
[2026-07-03T06:55:55Z] auto_inscribe.py — run complete
[2026-07-03T07:00:55Z] auto_inscribe.py — starting run
[2026-07-03T07:00:55Z] auto_inscribe.py — run complete
[2026-07-03T07:05:55Z] auto_inscribe.py — starting run
[2026-07-03T07:05:55Z] auto_inscribe.py — run complete
[2026-07-03T07:10:55Z] auto_inscribe.py — starting run
[2026-07-03T07:10:56Z] auto_inscribe.py — run complete
[2026-07-03T07:15:56Z] auto_inscribe.py — starting run
[2026-07-03T07:15:56Z] auto_inscribe.py — run complete
[2026-07-03T07:20:56Z] auto_inscribe.py — starting run
[2026-07-03T07:20:56Z] auto_inscribe.py — run complete
[2026-07-03T07:25:56Z] auto_inscribe.py — starting run
[2026-07-03T07:25:56Z] auto_inscribe.py — run complete
[2026-07-03T07:30:56Z] auto_inscribe.py — starting run
[2026-07-03T07:30:56Z] auto_inscribe.py — run complete
[2026-07-03T07:35:56Z] auto_inscribe.py — starting run
[2026-07-03T07:35:56Z] auto_inscribe.py — run complete
[2026-07-03T07:40:56Z] auto_inscribe.py — starting run
[2026-07-03T07:40:56Z] auto_inscribe.py — run complete
[2026-07-03T07:45:56Z] auto_inscribe.py — starting run
[2026-07-03T07:45:56Z] auto_inscribe.py — run complete
[2026-07-03T07:50:56Z] auto_inscribe.py — starting run
[2026-07-03T07:50:56Z] auto_inscribe.py — run complete
[2026-07-03T07:55:56Z] auto_inscribe.py — starting run
[2026-07-03T07:55:56Z] auto_inscribe.py — run complete
[2026-07-03T08:00:57Z] auto_inscribe.py — starting run
[2026-07-03T08:00:57Z] auto_inscribe.py — run complete
[2026-07-03T08:05:57Z] auto_inscribe.py — starting run
[2026-07-03T08:05:57Z] auto_inscribe.py — run complete
[2026-07-03T08:10:57Z] auto_inscribe.py — starting run
[2026-07-03T08:10:57Z] auto_inscribe.py — run complete
[2026-07-03T08:15:57Z] auto_inscribe.py — starting run
[2026-07-03T08:15:57Z] auto_inscribe.py — run complete
[2026-07-03T08:20:57Z] auto_inscribe.py — starting run
[2026-07-03T08:20:57Z] auto_inscribe.py — run complete
[2026-07-03T08:25:57Z] auto_inscribe.py — starting run
[2026-07-03T08:25:57Z] auto_inscribe.py — run complete
[2026-07-03T08:30:57Z] auto_inscribe.py — starting run
[2026-07-03T08:30:57Z] auto_inscribe.py — run complete
[2026-07-03T08:35:57Z] auto_inscribe.py — starting run
[2026-07-03T08:35:57Z] auto_inscribe.py — run complete
[2026-07-03T08:40:57Z] auto_inscribe.py — starting run
[2026-07-03T08:40:57Z] auto_inscribe.py — run complete
[2026-07-03T08:45:57Z] auto_inscribe.py — starting run
[2026-07-03T08:45:57Z] auto_inscribe.py — run complete
[2026-07-03T08:50:58Z] auto_inscribe.py — starting run
[2026-07-03T08:50:58Z] auto_inscribe.py — run complete
[2026-07-03T08:55:58Z] auto_inscribe.py — starting run
[2026-07-03T08:55:58Z] auto_inscribe.py — run complete
[2026-07-03T09:00:58Z] auto_inscribe.py — starting run
[2026-07-03T09:00:58Z] auto_inscribe.py — run complete
[2026-07-03T09:05:58Z] auto_inscribe.py — starting run
[2026-07-03T09:05:58Z] auto_inscribe.py — run complete
[2026-07-03T09:10:58Z] auto_inscribe.py — starting run
[2026-07-03T09:10:58Z] auto_inscribe.py — run complete
[2026-07-03T09:15:58Z] auto_inscribe.py — starting run
[2026-07-03T09:15:58Z] auto_inscribe.py — run complete
[2026-07-03T09:20:58Z] auto_inscribe.py — starting run
[2026-07-03T09:20:58Z] auto_inscribe.py — run complete
[2026-07-03T09:25:58Z] auto_inscribe.py — starting run
[2026-07-03T09:25:58Z] auto_inscribe.py — run complete
[2026-07-03T09:30:59Z] auto_inscribe.py — starting run
[2026-07-03T09:30:59Z] auto_inscribe.py — run complete
[2026-07-03T09:35:59Z] auto_inscribe.py — starting run
[2026-07-03T09:35:59Z] auto_inscribe.py — run complete
[2026-07-03T09:40:59Z] auto_inscribe.py — starting run
[2026-07-03T09:40:59Z] auto_inscribe.py — run complete
[2026-07-03T09:45:59Z] auto_inscribe.py — starting run
[2026-07-03T09:45:59Z] auto_inscribe.py — run complete
[2026-07-03T09:50:59Z] auto_inscribe.py — starting run
[2026-07-03T09:50:59Z] auto_inscribe.py — run complete
[2026-07-03T09:55:59Z] auto_inscribe.py — starting run
[2026-07-03T09:55:59Z] auto_inscribe.py — run complete
[2026-07-03T10:00:59Z] auto_inscribe.py — starting run
[2026-07-03T10:00:59Z] auto_inscribe.py — run complete
[2026-07-03T10:05:59Z] auto_inscribe.py — starting run
[2026-07-03T10:05:59Z] auto_inscribe.py — run complete
[2026-07-03T10:10:59Z] auto_inscribe.py — starting run
[2026-07-03T10:10:59Z] auto_inscribe.py — run complete
[2026-07-03T10:16:00Z] auto_inscribe.py — starting run
[2026-07-03T10:16:00Z] auto_inscribe.py — run complete
[2026-07-03T10:21:00Z] auto_inscribe.py — starting run
[2026-07-03T10:21:00Z] auto_inscribe.py — run complete
[2026-07-03T10:26:00Z] auto_inscribe.py — starting run
[2026-07-03T10:26:00Z] auto_inscribe.py — run complete
[2026-07-03T10:31:00Z] auto_inscribe.py — starting run
[2026-07-03T10:31:00Z] auto_inscribe.py — run complete
[2026-07-03T10:36:00Z] auto_inscribe.py — starting run
[2026-07-03T10:36:00Z] auto_inscribe.py — run complete
[2026-07-03T10:41:00Z] auto_inscribe.py — starting run
[2026-07-03T10:41:00Z] auto_inscribe.py — run complete
[2026-07-03T10:46:00Z] auto_inscribe.py — starting run
[2026-07-03T10:46:00Z] auto_inscribe.py — run complete
[2026-07-03T10:51:00Z] auto_inscribe.py — starting run
[2026-07-03T10:51:00Z] auto_inscribe.py — run complete
[2026-07-03T10:56:00Z] auto_inscribe.py — starting run
[2026-07-03T10:56:00Z] auto_inscribe.py — run complete
[2026-07-03T11:01:00Z] auto_inscribe.py — starting run
[2026-07-03T11:01:00Z] auto_inscribe.py — run complete
[2026-07-03T11:06:01Z] auto_inscribe.py — starting run
[2026-07-03T11:06:01Z] auto_inscribe.py — run complete
[2026-07-03T11:11:01Z] auto_inscribe.py — starting run
[2026-07-03T11:11:01Z] auto_inscribe.py — run complete
[2026-07-03T11:16:01Z] auto_inscribe.py — starting run
[2026-07-03T11:16:01Z] auto_inscribe.py — run complete
[2026-07-03T11:21:01Z] auto_inscribe.py — starting run
[2026-07-03T11:21:01Z] auto_inscribe.py — run complete
[2026-07-03T11:26:01Z] auto_inscribe.py — starting run
[2026-07-03T11:26:01Z] auto_inscribe.py — run complete
[2026-07-03T11:31:01Z] auto_inscribe.py — starting run
[2026-07-03T11:31:01Z] auto_inscribe.py — run complete
[2026-07-03T11:36:01Z] auto_inscribe.py — starting run
[2026-07-03T11:36:01Z] auto_inscribe.py — run complete
[2026-07-03T11:41:01Z] auto_inscribe.py — starting run
[2026-07-03T11:41:01Z] auto_inscribe.py — run complete
[2026-07-03T11:46:01Z] auto_inscribe.py — starting run
[2026-07-03T11:46:01Z] auto_inscribe.py — run complete
[2026-07-03T11:51:02Z] auto_inscribe.py — starting run
[2026-07-03T11:51:02Z] auto_inscribe.py — run complete
[2026-07-03T11:56:02Z] auto_inscribe.py — starting run
[2026-07-03T11:56:02Z] auto_inscribe.py — run complete
[2026-07-03T12:01:02Z] auto_inscribe.py — starting run
[2026-07-03T12:01:02Z] auto_inscribe.py — run complete
[2026-07-03T12:06:02Z] auto_inscribe.py — starting run
[2026-07-03T12:06:02Z] auto_inscribe.py — run complete
[2026-07-03T12:11:02Z] auto_inscribe.py — starting run
[2026-07-03T12:11:02Z] auto_inscribe.py — run complete
[2026-07-03T12:16:02Z] auto_inscribe.py — starting run
[2026-07-03T12:16:02Z] auto_inscribe.py — run complete
[2026-07-03T12:21:02Z] auto_inscribe.py — starting run
[2026-07-03T12:21:02Z] auto_inscribe.py — run complete
[2026-07-03T12:26:02Z] auto_inscribe.py — starting run
[2026-07-03T12:26:02Z] auto_inscribe.py — run complete
[2026-07-03T12:31:02Z] auto_inscribe.py — starting run
[2026-07-03T12:31:02Z] auto_inscribe.py — run complete
[2026-07-03T12:36:03Z] auto_inscribe.py — starting run
[2026-07-03T12:36:03Z] auto_inscribe.py — run complete
[2026-07-03T12:41:03Z] auto_inscribe.py — starting run
[2026-07-03T12:41:03Z] auto_inscribe.py — run complete
[2026-07-03T12:46:03Z] auto_inscribe.py — starting run
[2026-07-03T12:46:03Z] auto_inscribe.py — run complete
[2026-07-03T12:51:03Z] auto_inscribe.py — starting run
[2026-07-03T12:51:03Z] auto_inscribe.py — run complete
[2026-07-03T12:56:03Z] auto_inscribe.py — starting run
[2026-07-03T12:56:03Z] auto_inscribe.py — run complete
[2026-07-03T13:01:03Z] auto_inscribe.py — starting run
[2026-07-03T13:01:03Z] auto_inscribe.py — run complete
[2026-07-03T13:06:03Z] auto_inscribe.py — starting run
[2026-07-03T13:06:03Z] auto_inscribe.py — run complete
[2026-07-03T13:11:03Z] auto_inscribe.py — starting run
[2026-07-03T13:11:03Z] auto_inscribe.py — run complete
[2026-07-03T13:16:03Z] auto_inscribe.py — starting run
[2026-07-03T13:16:03Z] auto_inscribe.py — run complete
[2026-07-03T13:21:03Z] auto_inscribe.py — starting run
[2026-07-03T13:21:04Z] auto_inscribe.py — run complete
[2026-07-03T13:26:04Z] auto_inscribe.py — starting run
[2026-07-03T13:26:04Z] auto_inscribe.py — run complete
[2026-07-03T13:31:04Z] auto_inscribe.py — starting run
[2026-07-03T13:31:04Z] auto_inscribe.py — run complete
[2026-07-03T13:36:04Z] auto_inscribe.py — starting run
[2026-07-03T13:36:04Z] auto_inscribe.py — run complete
[2026-07-03T13:41:04Z] auto_inscribe.py — starting run
[2026-07-03T13:41:04Z] auto_inscribe.py — run complete
[2026-07-03T13:46:04Z] auto_inscribe.py — starting run
[2026-07-03T13:46:04Z] auto_inscribe.py — run complete
[2026-07-03T13:51:04Z] auto_inscribe.py — starting run
[2026-07-03T13:51:04Z] auto_inscribe.py — run complete
[2026-07-03T13:56:04Z] auto_inscribe.py — starting run
[2026-07-03T13:56:04Z] auto_inscribe.py — run complete
[2026-07-03T14:01:04Z] auto_inscribe.py — starting run
[2026-07-03T14:01:04Z] auto_inscribe.py — run complete
[2026-07-03T14:06:05Z] auto_inscribe.py — starting run
[2026-07-03T14:06:05Z] auto_inscribe.py — run complete
[2026-07-03T14:11:05Z] auto_inscribe.py — starting run
[2026-07-03T14:11:05Z] auto_inscribe.py — run complete
[2026-07-03T14:16:05Z] auto_inscribe.py — starting run
[2026-07-03T14:16:05Z] auto_inscribe.py — run complete
[2026-07-03T14:21:05Z] auto_inscribe.py — starting run
[2026-07-03T14:21:05Z] auto_inscribe.py — run complete
[2026-07-03T14:26:05Z] auto_inscribe.py — starting run
[2026-07-03T14:26:05Z] auto_inscribe.py — run complete
[2026-07-03T14:31:05Z] auto_inscribe.py — starting run
[2026-07-03T14:31:05Z] auto_inscribe.py — run complete
[2026-07-03T14:36:05Z] auto_inscribe.py — starting run
[2026-07-03T14:36:05Z] auto_inscribe.py — run complete
[2026-07-03T14:41:05Z] auto_inscribe.py — starting run
[2026-07-03T14:41:05Z] auto_inscribe.py — run complete
[2026-07-03T14:46:05Z] auto_inscribe.py — starting run
[2026-07-03T14:46:05Z] auto_inscribe.py — run complete
[2026-07-03T14:51:06Z] auto_inscribe.py — starting run
[2026-07-03T14:51:06Z] auto_inscribe.py — run complete
[2026-07-03T14:56:06Z] auto_inscribe.py — starting run
[2026-07-03T14:56:06Z] auto_inscribe.py — run complete
[2026-07-03T15:01:06Z] auto_inscribe.py — starting run
[2026-07-03T15:01:06Z] auto_inscribe.py — run complete
[2026-07-03T15:06:06Z] auto_inscribe.py — starting run
[2026-07-03T15:06:06Z] auto_inscribe.py — run complete
[2026-07-03T15:11:06Z] auto_inscribe.py — starting run
[2026-07-03T15:11:06Z] auto_inscribe.py — run complete
[2026-07-03T15:16:06Z] auto_inscribe.py — starting run
[2026-07-03T15:16:06Z] auto_inscribe.py — run complete
[2026-07-03T15:21:06Z] auto_inscribe.py — starting run
[2026-07-03T15:21:06Z] auto_inscribe.py — run complete
[2026-07-03T15:26:06Z] auto_inscribe.py — starting run
[2026-07-03T15:26:06Z] auto_inscribe.py — run complete
[2026-07-03T15:31:06Z] auto_inscribe.py — starting run
[2026-07-03T15:31:06Z] auto_inscribe.py — run complete
[2026-07-03T15:36:07Z] auto_inscribe.py — starting run
[2026-07-03T15:36:07Z] auto_inscribe.py — run complete
[2026-07-03T15:41:07Z] auto_inscribe.py — starting run
[2026-07-03T15:41:07Z] auto_inscribe.py — run complete
[2026-07-03T15:46:07Z] auto_inscribe.py — starting run
[2026-07-03T15:46:07Z] auto_inscribe.py — run complete
[2026-07-03T15:51:07Z] auto_inscribe.py — starting run
[2026-07-03T15:51:07Z] auto_inscribe.py — run complete
[2026-07-03T15:56:07Z] auto_inscribe.py — starting run
[2026-07-03T15:56:07Z] auto_inscribe.py — run complete
[2026-07-03T16:01:07Z] auto_inscribe.py — starting run
[2026-07-03T16:01:07Z] auto_inscribe.py — run complete
[2026-07-03T16:06:07Z] auto_inscribe.py — starting run
[2026-07-03T16:06:07Z] auto_inscribe.py — run complete
[2026-07-03T16:11:08Z] auto_inscribe.py — starting run
[2026-07-03T16:11:08Z] auto_inscribe.py — run complete
[2026-07-03T16:16:08Z] auto_inscribe.py — starting run
[2026-07-03T16:16:08Z] auto_inscribe.py — run complete
[2026-07-03T16:21:08Z] auto_inscribe.py — starting run
[2026-07-03T16:21:08Z] auto_inscribe.py — run complete
[2026-07-03T16:26:08Z] auto_inscribe.py — starting run
[2026-07-03T16:26:08Z] auto_inscribe.py — run complete
[2026-07-03T16:31:08Z] auto_inscribe.py — starting run
[2026-07-03T16:31:08Z] auto_inscribe.py — run complete
[2026-07-03T16:36:08Z] auto_inscribe.py — starting run
[2026-07-03T16:36:08Z] auto_inscribe.py — run complete
[2026-07-03T16:41:08Z] auto_inscribe.py — starting run
[2026-07-03T16:41:08Z] auto_inscribe.py — run complete
[2026-07-03T16:46:09Z] auto_inscribe.py — starting run
[2026-07-03T16:46:09Z] auto_inscribe.py — run complete
[2026-07-03T16:51:09Z] auto_inscribe.py — starting run
[2026-07-03T16:51:09Z] auto_inscribe.py — run complete
[2026-07-03T16:56:09Z] auto_inscribe.py — starting run
[2026-07-03T16:56:09Z] auto_inscribe.py — run complete
[2026-07-03T17:01:09Z] auto_inscribe.py — starting run
[2026-07-03T17:01:09Z] auto_inscribe.py — run complete
[2026-07-03T17:06:09Z] auto_inscribe.py — starting run
[2026-07-03T17:06:09Z] auto_inscribe.py — run complete
[2026-07-03T17:11:09Z] auto_inscribe.py — starting run
[2026-07-03T17:11:09Z] auto_inscribe.py — run complete
[2026-07-03T17:16:09Z] auto_inscribe.py — starting run
[2026-07-03T17:16:09Z] auto_inscribe.py — run complete
[2026-07-03T17:21:09Z] auto_inscribe.py — starting run
[2026-07-03T17:21:09Z] auto_inscribe.py — run complete
[2026-07-03T17:26:09Z] auto_inscribe.py — starting run
[2026-07-03T17:26:09Z] auto_inscribe.py — run complete
[2026-07-03T17:31:09Z] auto_inscribe.py — starting run
[2026-07-03T17:31:09Z] auto_inscribe.py — run complete
[2026-07-03T17:36:10Z] auto_inscribe.py — starting run
[2026-07-03T17:36:10Z] auto_inscribe.py — run complete
[2026-07-03T17:41:10Z] auto_inscribe.py — starting run
[2026-07-03T17:41:10Z] auto_inscribe.py — run complete
[2026-07-03T17:46:10Z] auto_inscribe.py — starting run
[2026-07-03T17:46:10Z] auto_inscribe.py — run complete
[2026-07-03T17:51:10Z] auto_inscribe.py — starting run
[2026-07-03T17:51:10Z] auto_inscribe.py — run complete
[2026-07-03T17:56:10Z] auto_inscribe.py — starting run
[2026-07-03T17:56:10Z] auto_inscribe.py — run complete
[2026-07-03T18:01:10Z] auto_inscribe.py — starting run
[2026-07-03T18:01:10Z] auto_inscribe.py — run complete
[2026-07-03T18:06:10Z] auto_inscribe.py — starting run
[2026-07-03T18:06:10Z] auto_inscribe.py — run complete
[2026-07-03T18:11:10Z] auto_inscribe.py — starting run
[2026-07-03T18:11:10Z] auto_inscribe.py — run complete
[2026-07-03T18:16:11Z] auto_inscribe.py — starting run
[2026-07-03T18:16:11Z] auto_inscribe.py — run complete
[2026-07-03T18:21:11Z] auto_inscribe.py — starting run
[2026-07-03T18:21:11Z] auto_inscribe.py — run complete
[2026-07-03T18:26:11Z] auto_inscribe.py — starting run
[2026-07-03T18:26:11Z] auto_inscribe.py — run complete
[2026-07-03T18:31:11Z] auto_inscribe.py — starting run
[2026-07-03T18:31:11Z] auto_inscribe.py — run complete
[2026-07-03T18:36:11Z] auto_inscribe.py — starting run
[2026-07-03T18:36:11Z] auto_inscribe.py — run complete
[2026-07-03T18:41:11Z] auto_inscribe.py — starting run
[2026-07-03T18:41:11Z] auto_inscribe.py — run complete
[2026-07-03T18:46:11Z] auto_inscribe.py — starting run
[2026-07-03T18:46:11Z] auto_inscribe.py — run complete
[2026-07-03T18:51:11Z] auto_inscribe.py — starting run
[2026-07-03T18:51:11Z] auto_inscribe.py — run complete
[2026-07-03T18:56:11Z] auto_inscribe.py — starting run
[2026-07-03T18:56:11Z] auto_inscribe.py — run complete
[2026-07-03T19:01:12Z] auto_inscribe.py — starting run
[2026-07-03T19:01:12Z] auto_inscribe.py — run complete
[2026-07-03T19:06:12Z] auto_inscribe.py — starting run
[2026-07-03T19:06:12Z] auto_inscribe.py — run complete
[2026-07-03T19:11:12Z] auto_inscribe.py — starting run
[2026-07-03T19:11:12Z] auto_inscribe.py — run complete
[2026-07-03T19:16:12Z] auto_inscribe.py — starting run
[2026-07-03T19:16:12Z] auto_inscribe.py — run complete
[2026-07-03T19:21:12Z] auto_inscribe.py — starting run
[2026-07-03T19:21:12Z] auto_inscribe.py — run complete
[2026-07-03T19:26:12Z] auto_inscribe.py — starting run
[2026-07-03T19:26:12Z] auto_inscribe.py — run complete
[2026-07-03T19:31:12Z] auto_inscribe.py — starting run
[2026-07-03T19:31:12Z] auto_inscribe.py — run complete
[2026-07-03T19:36:12Z] auto_inscribe.py — starting run
[2026-07-03T19:36:12Z] auto_inscribe.py — run complete
[2026-07-03T19:41:12Z] auto_inscribe.py — starting run
[2026-07-03T19:41:12Z] auto_inscribe.py — run complete
[2026-07-03T19:46:13Z] auto_inscribe.py — starting run
[2026-07-03T19:46:13Z] auto_inscribe.py — run complete
[2026-07-03T19:51:13Z] auto_inscribe.py — starting run
[2026-07-03T19:51:13Z] auto_inscribe.py — run complete
[2026-07-03T19:56:13Z] auto_inscribe.py — starting run
[2026-07-03T19:56:13Z] auto_inscribe.py — run complete
[2026-07-03T20:01:13Z] auto_inscribe.py — starting run
[2026-07-03T20:01:13Z] auto_inscribe.py — run complete
[2026-07-03T20:06:13Z] auto_inscribe.py — starting run
[2026-07-03T20:06:13Z] auto_inscribe.py — run complete
[2026-07-03T20:11:13Z] auto_inscribe.py — starting run
[2026-07-03T20:11:13Z] auto_inscribe.py — run complete
[2026-07-03T20:16:13Z] auto_inscribe.py — starting run
[2026-07-03T20:16:13Z] auto_inscribe.py — run complete
[2026-07-03T20:21:13Z] auto_inscribe.py — starting run
[2026-07-03T20:21:13Z] auto_inscribe.py — run complete
[2026-07-03T20:26:13Z] auto_inscribe.py — starting run
[2026-07-03T20:26:13Z] auto_inscribe.py — run complete
[2026-07-03T20:31:14Z] auto_inscribe.py — starting run
[2026-07-03T20:31:14Z] auto_inscribe.py — run complete
[2026-07-03T20:36:14Z] auto_inscribe.py — starting run
[2026-07-03T20:36:14Z] auto_inscribe.py — run complete
[2026-07-03T20:41:14Z] auto_inscribe.py — starting run
[2026-07-03T20:41:14Z] auto_inscribe.py — run complete
[2026-07-03T20:46:14Z] auto_inscribe.py — starting run
[2026-07-03T20:46:14Z] auto_inscribe.py — run complete
[2026-07-03T20:51:14Z] auto_inscribe.py — starting run
[2026-07-03T20:51:14Z] auto_inscribe.py — run complete
[2026-07-03T20:56:14Z] auto_inscribe.py — starting run
[2026-07-03T20:56:14Z] auto_inscribe.py — run complete
[2026-07-03T21:01:14Z] auto_inscribe.py — starting run
[2026-07-03T21:01:14Z] auto_inscribe.py — run complete
[2026-07-03T21:06:14Z] auto_inscribe.py — starting run
[2026-07-03T21:06:14Z] auto_inscribe.py — run complete
[2026-07-03T21:11:14Z] auto_inscribe.py — starting run
[2026-07-03T21:11:14Z] auto_inscribe.py — run complete
[2026-07-03T21:16:15Z] auto_inscribe.py — starting run
[2026-07-03T21:16:15Z] auto_inscribe.py — run complete
[2026-07-03T21:21:15Z] auto_inscribe.py — starting run
[2026-07-03T21:21:15Z] auto_inscribe.py — run complete
[2026-07-03T21:26:15Z] auto_inscribe.py — starting run
[2026-07-03T21:26:15Z] auto_inscribe.py — run complete
[2026-07-03T21:31:15Z] auto_inscribe.py — starting run
[2026-07-03T21:31:15Z] auto_inscribe.py — run complete
[2026-07-03T21:36:15Z] auto_inscribe.py — starting run
[2026-07-03T21:36:15Z] auto_inscribe.py — run complete
[2026-07-03T21:41:15Z] auto_inscribe.py — starting run
[2026-07-03T21:41:15Z] auto_inscribe.py — run complete
[2026-07-03T21:46:15Z] auto_inscribe.py — starting run
[2026-07-03T21:46:15Z] auto_inscribe.py — run complete
[2026-07-03T21:51:15Z] auto_inscribe.py — starting run
[2026-07-03T21:51:15Z] auto_inscribe.py — run complete
[2026-07-03T21:56:15Z] auto_inscribe.py — starting run
[2026-07-03T21:56:15Z] auto_inscribe.py — run complete
[2026-07-03T22:01:16Z] auto_inscribe.py — starting run
[2026-07-03T22:01:16Z] auto_inscribe.py — run complete
[2026-07-03T22:06:16Z] auto_inscribe.py — starting run
[2026-07-03T22:06:16Z] auto_inscribe.py — run complete
[2026-07-03T22:11:16Z] auto_inscribe.py — starting run
[2026-07-03T22:11:16Z] auto_inscribe.py — run complete
[2026-07-03T22:16:16Z] auto_inscribe.py — starting run
[2026-07-03T22:16:16Z] auto_inscribe.py — run complete
[2026-07-03T22:21:16Z] auto_inscribe.py — starting run
[2026-07-03T22:21:16Z] auto_inscribe.py — run complete
[2026-07-03T22:26:16Z] auto_inscribe.py — starting run
[2026-07-03T22:26:16Z] auto_inscribe.py — run complete
[2026-07-03T22:31:16Z] auto_inscribe.py — starting run
[2026-07-03T22:31:16Z] auto_inscribe.py — run complete
[2026-07-03T22:36:16Z] auto_inscribe.py — starting run
[2026-07-03T22:36:16Z] auto_inscribe.py — run complete
[2026-07-03T22:41:16Z] auto_inscribe.py — starting run
[2026-07-03T22:41:16Z] auto_inscribe.py — run complete
[2026-07-03T22:46:17Z] auto_inscribe.py — starting run
[2026-07-03T22:46:17Z] auto_inscribe.py — run complete
[2026-07-03T22:51:17Z] auto_inscribe.py — starting run
[2026-07-03T22:51:17Z] auto_inscribe.py — run complete
[2026-07-03T22:56:17Z] auto_inscribe.py — starting run
[2026-07-03T22:56:17Z] auto_inscribe.py — run complete
[2026-07-03T23:01:17Z] auto_inscribe.py — starting run
[2026-07-03T23:01:17Z] auto_inscribe.py — run complete
[2026-07-03T23:06:17Z] auto_inscribe.py — starting run
[2026-07-03T23:06:17Z] auto_inscribe.py — run complete
[2026-07-03T23:11:17Z] auto_inscribe.py — starting run
[2026-07-03T23:11:17Z] auto_inscribe.py — run complete
[2026-07-03T23:16:17Z] auto_inscribe.py — starting run
[2026-07-03T23:16:17Z] auto_inscribe.py — run complete
[2026-07-03T23:21:17Z] auto_inscribe.py — starting run
[2026-07-03T23:21:17Z] auto_inscribe.py — run complete
[2026-07-03T23:26:17Z] auto_inscribe.py — starting run
[2026-07-03T23:26:17Z] auto_inscribe.py — run complete
[2026-07-03T23:31:17Z] auto_inscribe.py — starting run
[2026-07-03T23:31:18Z] auto_inscribe.py — run complete
[2026-07-03T23:36:18Z] auto_inscribe.py — starting run
[2026-07-03T23:36:18Z] auto_inscribe.py — run complete
[2026-07-03T23:41:18Z] auto_inscribe.py — starting run
[2026-07-03T23:41:18Z] auto_inscribe.py — run complete
[2026-07-03T23:46:18Z] auto_inscribe.py — starting run
[2026-07-03T23:46:18Z] auto_inscribe.py — run complete
[2026-07-03T23:51:18Z] auto_inscribe.py — starting run
[2026-07-03T23:51:18Z] auto_inscribe.py — run complete
[2026-07-03T23:56:18Z] auto_inscribe.py — starting run
[2026-07-03T23:56:18Z] auto_inscribe.py — run complete
[2026-07-04T00:01:18Z] auto_inscribe.py — starting run
[2026-07-04T00:01:18Z] auto_inscribe.py — run complete
[2026-07-04T00:06:18Z] auto_inscribe.py — starting run
[2026-07-04T00:06:18Z] auto_inscribe.py — run complete
[2026-07-04T00:11:18Z] auto_inscribe.py — starting run
[2026-07-04T00:11:18Z] auto_inscribe.py — run complete
[2026-07-04T00:16:18Z] auto_inscribe.py — starting run
[2026-07-04T00:16:18Z] auto_inscribe.py — run complete
[2026-07-04T00:21:19Z] auto_inscribe.py — starting run
[2026-07-04T00:21:19Z] auto_inscribe.py — run complete
[2026-07-04T00:26:19Z] auto_inscribe.py — starting run
[2026-07-04T00:26:19Z] auto_inscribe.py — run complete
[2026-07-04T00:31:19Z] auto_inscribe.py — starting run
[2026-07-04T00:31:19Z] auto_inscribe.py — run complete
[2026-07-04T00:36:19Z] auto_inscribe.py — starting run
[2026-07-04T00:36:19Z] auto_inscribe.py — run complete
[2026-07-04T00:41:19Z] auto_inscribe.py — starting run
[2026-07-04T00:41:19Z] auto_inscribe.py — run complete
[2026-07-04T00:46:19Z] auto_inscribe.py — starting run
[2026-07-04T00:46:19Z] auto_inscribe.py — run complete
[2026-07-04T00:51:19Z] auto_inscribe.py — starting run
[2026-07-04T00:51:19Z] auto_inscribe.py — run complete
[2026-07-04T00:56:19Z] auto_inscribe.py — starting run
[2026-07-04T00:56:19Z] auto_inscribe.py — run complete
[2026-07-04T01:01:19Z] auto_inscribe.py — starting run
[2026-07-04T01:01:19Z] auto_inscribe.py — run complete
[2026-07-04T01:06:20Z] auto_inscribe.py — starting run
[2026-07-04T01:06:20Z] auto_inscribe.py — run complete
[2026-07-04T01:11:20Z] auto_inscribe.py — starting run
[2026-07-04T01:11:20Z] auto_inscribe.py — run complete
[2026-07-04T01:16:20Z] auto_inscribe.py — starting run
[2026-07-04T01:16:20Z] auto_inscribe.py — run complete
[2026-07-04T01:21:20Z] auto_inscribe.py — starting run
[2026-07-04T01:21:20Z] auto_inscribe.py — run complete
[2026-07-04T01:26:20Z] auto_inscribe.py — starting run
[2026-07-04T01:26:20Z] auto_inscribe.py — run complete
[2026-07-04T01:31:20Z] auto_inscribe.py — starting run
[2026-07-04T01:31:20Z] auto_inscribe.py — run complete
[2026-07-04T01:36:20Z] auto_inscribe.py — starting run
[2026-07-04T01:36:20Z] auto_inscribe.py — run complete
[2026-07-04T01:41:20Z] auto_inscribe.py — starting run
[2026-07-04T01:41:20Z] auto_inscribe.py — run complete
[2026-07-04T01:46:20Z] auto_inscribe.py — starting run
[2026-07-04T01:46:20Z] auto_inscribe.py — run complete
[2026-07-04T01:51:21Z] auto_inscribe.py — starting run
[2026-07-04T01:51:21Z] auto_inscribe.py — run complete
[2026-07-04T01:56:21Z] auto_inscribe.py — starting run
[2026-07-04T01:56:21Z] auto_inscribe.py — run complete
[2026-07-04T02:01:21Z] auto_inscribe.py — starting run
[2026-07-04T02:01:21Z] auto_inscribe.py — run complete
[2026-07-04T02:06:21Z] auto_inscribe.py — starting run
[2026-07-04T02:06:21Z] auto_inscribe.py — run complete
[2026-07-04T02:11:21Z] auto_inscribe.py — starting run
[2026-07-04T02:11:21Z] auto_inscribe.py — run complete
[2026-07-04T02:16:21Z] auto_inscribe.py — starting run
[2026-07-04T02:16:21Z] auto_inscribe.py — run complete
[2026-07-04T02:21:21Z] auto_inscribe.py — starting run
[2026-07-04T02:21:21Z] auto_inscribe.py — run complete
[2026-07-04T02:26:21Z] auto_inscribe.py — starting run
[2026-07-04T02:26:21Z] auto_inscribe.py — run complete
[2026-07-04T02:31:21Z] auto_inscribe.py — starting run
[2026-07-04T02:31:21Z] auto_inscribe.py — run complete
[2026-07-04T02:36:22Z] auto_inscribe.py — starting run
[2026-07-04T02:36:22Z] auto_inscribe.py — run complete
[2026-07-04T02:41:22Z] auto_inscribe.py — starting run
[2026-07-04T02:41:22Z] auto_inscribe.py — run complete
[2026-07-04T02:46:22Z] auto_inscribe.py — starting run
[2026-07-04T02:46:22Z] auto_inscribe.py — run complete
[2026-07-04T02:51:22Z] auto_inscribe.py — starting run
[2026-07-04T02:51:22Z] auto_inscribe.py — run complete
[2026-07-04T02:56:22Z] auto_inscribe.py — starting run
[2026-07-04T02:56:22Z] auto_inscribe.py — run complete
[2026-07-04T03:01:22Z] auto_inscribe.py — starting run
[2026-07-04T03:01:22Z] auto_inscribe.py — run complete
[2026-07-04T03:06:22Z] auto_inscribe.py — starting run
[2026-07-04T03:06:22Z] auto_inscribe.py — run complete
[2026-07-04T03:11:22Z] auto_inscribe.py — starting run
[2026-07-04T03:11:22Z] auto_inscribe.py — run complete
[2026-07-04T03:16:23Z] auto_inscribe.py — starting run
[2026-07-04T03:16:23Z] auto_inscribe.py — run complete
[2026-07-04T03:21:23Z] auto_inscribe.py — starting run
[2026-07-04T03:21:23Z] auto_inscribe.py — run complete
[2026-07-04T03:26:23Z] auto_inscribe.py — starting run
[2026-07-04T03:26:23Z] auto_inscribe.py — run complete
[2026-07-04T03:31:23Z] auto_inscribe.py — starting run
[2026-07-04T03:31:23Z] auto_inscribe.py — run complete
[2026-07-04T03:36:23Z] auto_inscribe.py — starting run
[2026-07-04T03:36:23Z] auto_inscribe.py — run complete
[2026-07-04T03:41:23Z] auto_inscribe.py — starting run
[2026-07-04T03:41:23Z] auto_inscribe.py — run complete
[2026-07-04T03:46:23Z] auto_inscribe.py — starting run
[2026-07-04T03:46:23Z] auto_inscribe.py — run complete
[2026-07-04T03:51:23Z] auto_inscribe.py — starting run
[2026-07-04T03:51:23Z] auto_inscribe.py — run complete
[2026-07-04T03:56:23Z] auto_inscribe.py — starting run
[2026-07-04T03:56:23Z] auto_inscribe.py — run complete
[2026-07-04T04:01:23Z] auto_inscribe.py — starting run
[2026-07-04T04:01:23Z] auto_inscribe.py — run complete
[2026-07-04T04:06:24Z] auto_inscribe.py — starting run
[2026-07-04T04:06:24Z] auto_inscribe.py — run complete
[2026-07-04T04:11:24Z] auto_inscribe.py — starting run
[2026-07-04T04:11:24Z] auto_inscribe.py — run complete
[2026-07-04T04:16:24Z] auto_inscribe.py — starting run
[2026-07-04T04:16:24Z] auto_inscribe.py — run complete
[2026-07-04T04:21:24Z] auto_inscribe.py — starting run
[2026-07-04T04:21:24Z] auto_inscribe.py — run complete
[2026-07-04T04:26:24Z] auto_inscribe.py — starting run
[2026-07-04T04:26:24Z] auto_inscribe.py — run complete
[2026-07-04T04:31:24Z] auto_inscribe.py — starting run
[2026-07-04T04:31:24Z] auto_inscribe.py — run complete
[2026-07-04T04:36:24Z] auto_inscribe.py — starting run
[2026-07-04T04:36:24Z] auto_inscribe.py — run complete
[2026-07-04T04:41:24Z] auto_inscribe.py — starting run
[2026-07-04T04:41:24Z] auto_inscribe.py — run complete
[2026-07-04T04:46:24Z] auto_inscribe.py — starting run
[2026-07-04T04:46:24Z] auto_inscribe.py — run complete
[2026-07-04T04:51:25Z] auto_inscribe.py — starting run
[2026-07-04T04:51:25Z] auto_inscribe.py — run complete
[2026-07-04T04:56:25Z] auto_inscribe.py — starting run
[2026-07-04T04:56:25Z] auto_inscribe.py — run complete
[2026-07-04T05:01:25Z] auto_inscribe.py — starting run
[2026-07-04T05:01:25Z] auto_inscribe.py — run complete
[2026-07-04T05:06:25Z] auto_inscribe.py — starting run
[2026-07-04T05:06:25Z] auto_inscribe.py — run complete
[2026-07-04T05:11:25Z] auto_inscribe.py — starting run
[2026-07-04T05:11:25Z] auto_inscribe.py — run complete
[2026-07-04T05:16:25Z] auto_inscribe.py — starting run
[2026-07-04T05:16:25Z] auto_inscribe.py — run complete
[2026-07-04T05:21:25Z] auto_inscribe.py — starting run
[2026-07-04T05:21:25Z] auto_inscribe.py — run complete
[2026-07-04T05:26:25Z] auto_inscribe.py — starting run
[2026-07-04T05:26:25Z] auto_inscribe.py — run complete
[2026-07-04T05:31:25Z] auto_inscribe.py — starting run
[2026-07-04T05:31:25Z] auto_inscribe.py — run complete
[2026-07-04T05:36:25Z] auto_inscribe.py — starting run
[2026-07-04T05:36:25Z] auto_inscribe.py — run complete
[2026-07-04T05:41:26Z] auto_inscribe.py — starting run
[2026-07-04T05:41:26Z] auto_inscribe.py — run complete
[2026-07-04T05:46:26Z] auto_inscribe.py — starting run
[2026-07-04T05:46:26Z] auto_inscribe.py — run complete
[2026-07-04T05:51:26Z] auto_inscribe.py — starting run
[2026-07-04T05:51:26Z] auto_inscribe.py — run complete
[2026-07-04T05:56:26Z] auto_inscribe.py — starting run
[2026-07-04T05:56:26Z] auto_inscribe.py — run complete
[2026-07-04T06:01:26Z] auto_inscribe.py — starting run
[2026-07-04T06:01:26Z] auto_inscribe.py — run complete
[2026-07-04T06:06:26Z] auto_inscribe.py — starting run
[2026-07-04T06:06:26Z] auto_inscribe.py — run complete
[2026-07-04T06:11:26Z] auto_inscribe.py — starting run
[2026-07-04T06:11:26Z] auto_inscribe.py — run complete
[2026-07-04T06:16:26Z] auto_inscribe.py — starting run
[2026-07-04T06:16:26Z] auto_inscribe.py — run complete
[2026-07-04T06:21:27Z] auto_inscribe.py — starting run
[2026-07-04T06:21:27Z] auto_inscribe.py — run complete
[2026-07-04T06:26:27Z] auto_inscribe.py — starting run
[2026-07-04T06:26:27Z] auto_inscribe.py — run complete
[2026-07-04T06:31:27Z] auto_inscribe.py — starting run
[2026-07-04T06:31:27Z] auto_inscribe.py — run complete
[2026-07-04T06:36:56Z] auto_inscribe.py — starting run
[2026-07-04T06:36:56Z] auto_inscribe.py — run complete
[2026-07-04T06:41:56Z] auto_inscribe.py — starting run
[2026-07-04T06:41:56Z] auto_inscribe.py — run complete
[2026-07-04T06:46:56Z] auto_inscribe.py — starting run
[2026-07-04T06:46:56Z] auto_inscribe.py — run complete
[2026-07-04T06:51:56Z] auto_inscribe.py — starting run
[2026-07-04T06:51:56Z] auto_inscribe.py — run complete
[2026-07-04T06:56:56Z] auto_inscribe.py — starting run
[2026-07-04T06:56:56Z] auto_inscribe.py — run complete
[2026-07-04T07:01:57Z] auto_inscribe.py — starting run
[2026-07-04T07:01:57Z] auto_inscribe.py — run complete
[2026-07-04T07:06:57Z] auto_inscribe.py — starting run
[2026-07-04T07:06:57Z] auto_inscribe.py — run complete
[2026-07-04T07:11:57Z] auto_inscribe.py — starting run
[2026-07-04T07:11:57Z] auto_inscribe.py — run complete
[2026-07-04T07:16:57Z] auto_inscribe.py — starting run
[2026-07-04T07:16:57Z] auto_inscribe.py — run complete
[2026-07-04T07:21:57Z] auto_inscribe.py — starting run
[2026-07-04T07:21:57Z] auto_inscribe.py — run complete
[2026-07-04T07:26:57Z] auto_inscribe.py — starting run
[2026-07-04T07:26:57Z] auto_inscribe.py — run complete
[2026-07-04T07:31:57Z] auto_inscribe.py — starting run
[2026-07-04T07:31:57Z] auto_inscribe.py — run complete
[2026-07-04T07:36:57Z] auto_inscribe.py — starting run
[2026-07-04T07:36:57Z] auto_inscribe.py — run complete
[2026-07-04T07:41:57Z] auto_inscribe.py — starting run
[2026-07-04T07:41:57Z] auto_inscribe.py — run complete
[2026-07-04T07:46:57Z] auto_inscribe.py — starting run
[2026-07-04T07:46:57Z] auto_inscribe.py — run complete
[2026-07-04T07:51:58Z] auto_inscribe.py — starting run
[2026-07-04T07:51:58Z] auto_inscribe.py — run complete
[2026-07-04T07:56:58Z] auto_inscribe.py — starting run
[2026-07-04T07:56:58Z] auto_inscribe.py — run complete
[2026-07-04T08:01:58Z] auto_inscribe.py — starting run
[2026-07-04T08:01:58Z] auto_inscribe.py — run complete
[2026-07-04T08:06:58Z] auto_inscribe.py — starting run
[2026-07-04T08:06:58Z] auto_inscribe.py — run complete
[2026-07-04T08:11:58Z] auto_inscribe.py — starting run
[2026-07-04T08:11:58Z] auto_inscribe.py — run complete
[2026-07-04T08:16:58Z] auto_inscribe.py — starting run
[2026-07-04T08:16:58Z] auto_inscribe.py — run complete
[2026-07-04T08:21:58Z] auto_inscribe.py — starting run
[2026-07-04T08:21:58Z] auto_inscribe.py — run complete
[2026-07-04T08:26:58Z] auto_inscribe.py — starting run
[2026-07-04T08:26:58Z] auto_inscribe.py — run complete
[2026-07-04T08:31:58Z] auto_inscribe.py — starting run
[2026-07-04T08:31:58Z] auto_inscribe.py — run complete
[2026-07-04T08:36:59Z] auto_inscribe.py — starting run
[2026-07-04T08:36:59Z] auto_inscribe.py — run complete
[2026-07-04T08:41:59Z] auto_inscribe.py — starting run
[2026-07-04T08:41:59Z] auto_inscribe.py — run complete
[2026-07-04T08:46:59Z] auto_inscribe.py — starting run
[2026-07-04T08:46:59Z] auto_inscribe.py — run complete
[2026-07-04T08:51:59Z] auto_inscribe.py — starting run
[2026-07-04T08:51:59Z] auto_inscribe.py — run complete
[2026-07-04T08:56:59Z] auto_inscribe.py — starting run
[2026-07-04T08:56:59Z] auto_inscribe.py — run complete
[2026-07-04T09:01:59Z] auto_inscribe.py — starting run
[2026-07-04T09:01:59Z] auto_inscribe.py — run complete
[2026-07-04T09:06:59Z] auto_inscribe.py — starting run
[2026-07-04T09:06:59Z] auto_inscribe.py — run complete
[2026-07-04T09:12:00Z] auto_inscribe.py — starting run
[2026-07-04T09:12:00Z] auto_inscribe.py — run complete
[2026-07-04T09:17:00Z] auto_inscribe.py — starting run
[2026-07-04T09:17:00Z] auto_inscribe.py — run complete
[2026-07-04T09:22:00Z] auto_inscribe.py — starting run
[2026-07-04T09:22:00Z] auto_inscribe.py — run complete
[2026-07-04T09:27:00Z] auto_inscribe.py — starting run
[2026-07-04T09:27:00Z] auto_inscribe.py — run complete
[2026-07-04T09:32:00Z] auto_inscribe.py — starting run
[2026-07-04T09:32:00Z] auto_inscribe.py — run complete
[2026-07-04T09:37:00Z] auto_inscribe.py — starting run
[2026-07-04T09:37:00Z] auto_inscribe.py — run complete
[2026-07-04T09:42:00Z] auto_inscribe.py — starting run
[2026-07-04T09:42:00Z] auto_inscribe.py — run complete
[2026-07-04T09:47:00Z] auto_inscribe.py — starting run
[2026-07-04T09:47:00Z] auto_inscribe.py — run complete
[2026-07-04T09:52:01Z] auto_inscribe.py — starting run
[2026-07-04T09:52:01Z] auto_inscribe.py — run complete
[2026-07-04T09:57:01Z] auto_inscribe.py — starting run
[2026-07-04T09:57:01Z] auto_inscribe.py — run complete
[2026-07-04T10:02:01Z] auto_inscribe.py — starting run
[2026-07-04T10:02:01Z] auto_inscribe.py — run complete
[2026-07-04T10:07:01Z] auto_inscribe.py — starting run
[2026-07-04T10:07:01Z] auto_inscribe.py — run complete
[2026-07-04T10:12:01Z] auto_inscribe.py — starting run
[2026-07-04T10:12:01Z] auto_inscribe.py — run complete
[2026-07-04T10:17:01Z] auto_inscribe.py — starting run
[2026-07-04T10:17:01Z] auto_inscribe.py — run complete
[2026-07-04T10:22:01Z] auto_inscribe.py — starting run
[2026-07-04T10:22:01Z] auto_inscribe.py — run complete
[2026-07-04T10:27:01Z] auto_inscribe.py — starting run
[2026-07-04T10:27:01Z] auto_inscribe.py — run complete
[2026-07-04T10:32:01Z] auto_inscribe.py — starting run
[2026-07-04T10:32:01Z] auto_inscribe.py — run complete
[2026-07-04T10:37:01Z] auto_inscribe.py — starting run
[2026-07-04T10:37:01Z] auto_inscribe.py — run complete
[2026-07-04T10:42:02Z] auto_inscribe.py — starting run
[2026-07-04T10:42:02Z] auto_inscribe.py — run complete
[2026-07-04T10:47:02Z] auto_inscribe.py — starting run
[2026-07-04T10:47:02Z] auto_inscribe.py — run complete
[2026-07-04T10:52:02Z] auto_inscribe.py — starting run
[2026-07-04T10:52:02Z] auto_inscribe.py — run complete
[2026-07-04T10:57:02Z] auto_inscribe.py — starting run
[2026-07-04T10:57:02Z] auto_inscribe.py — run complete
[2026-07-04T11:02:02Z] auto_inscribe.py — starting run
[2026-07-04T11:02:02Z] auto_inscribe.py — run complete
[2026-07-04T11:07:02Z] auto_inscribe.py — starting run
[2026-07-04T11:07:02Z] auto_inscribe.py — run complete
[2026-07-04T11:12:02Z] auto_inscribe.py — starting run
[2026-07-04T11:12:02Z] auto_inscribe.py — run complete
[2026-07-04T11:17:02Z] auto_inscribe.py — starting run
[2026-07-04T11:17:02Z] auto_inscribe.py — run complete
[2026-07-04T11:22:03Z] auto_inscribe.py — starting run
[2026-07-04T11:22:03Z] auto_inscribe.py — run complete
[2026-07-04T11:27:03Z] auto_inscribe.py — starting run
[2026-07-04T11:27:03Z] auto_inscribe.py — run complete
[2026-07-04T11:32:03Z] auto_inscribe.py — starting run
[2026-07-04T11:32:03Z] auto_inscribe.py — run complete
[2026-07-04T11:37:03Z] auto_inscribe.py — starting run
[2026-07-04T11:37:03Z] auto_inscribe.py — run complete
[2026-07-04T11:42:03Z] auto_inscribe.py — starting run
[2026-07-04T11:42:03Z] auto_inscribe.py — run complete
[2026-07-04T11:47:03Z] auto_inscribe.py — starting run
[2026-07-04T11:47:03Z] auto_inscribe.py — run complete
[2026-07-04T11:52:03Z] auto_inscribe.py — starting run
[2026-07-04T11:52:03Z] auto_inscribe.py — run complete
[2026-07-04T11:57:03Z] auto_inscribe.py — starting run
[2026-07-04T11:57:03Z] auto_inscribe.py — run complete
[2026-07-04T12:02:03Z] auto_inscribe.py — starting run
[2026-07-04T12:02:03Z] auto_inscribe.py — run complete
[2026-07-04T12:07:04Z] auto_inscribe.py — starting run
[2026-07-04T12:07:04Z] auto_inscribe.py — run complete
[2026-07-04T12:12:04Z] auto_inscribe.py — starting run
[2026-07-04T12:12:04Z] auto_inscribe.py — run complete
[2026-07-04T12:17:04Z] auto_inscribe.py — starting run
[2026-07-04T12:17:04Z] auto_inscribe.py — run complete
[2026-07-04T12:22:04Z] auto_inscribe.py — starting run
[2026-07-04T12:22:04Z] auto_inscribe.py — run complete
[2026-07-04T12:27:04Z] auto_inscribe.py — starting run
[2026-07-04T12:27:04Z] auto_inscribe.py — run complete
[2026-07-04T12:32:04Z] auto_inscribe.py — starting run
[2026-07-04T12:32:04Z] auto_inscribe.py — run complete
[2026-07-04T12:37:04Z] auto_inscribe.py — starting run
[2026-07-04T12:37:04Z] auto_inscribe.py — run complete
[2026-07-04T12:42:04Z] auto_inscribe.py — starting run
[2026-07-04T12:42:04Z] auto_inscribe.py — run complete
[2026-07-04T12:47:05Z] auto_inscribe.py — starting run
[2026-07-04T12:47:05Z] auto_inscribe.py — run complete
[2026-07-04T12:52:05Z] auto_inscribe.py — starting run
[2026-07-04T12:52:05Z] auto_inscribe.py — run complete
[2026-07-04T12:57:05Z] auto_inscribe.py — starting run
[2026-07-04T12:57:05Z] auto_inscribe.py — run complete
[2026-07-04T13:02:05Z] auto_inscribe.py — starting run
[2026-07-04T13:02:05Z] auto_inscribe.py — run complete
[2026-07-04T13:07:05Z] auto_inscribe.py — starting run
[2026-07-04T13:07:05Z] auto_inscribe.py — run complete
[2026-07-04T13:12:05Z] auto_inscribe.py — starting run
[2026-07-04T13:12:05Z] auto_inscribe.py — run complete
[2026-07-04T13:17:05Z] auto_inscribe.py — starting run
[2026-07-04T13:17:05Z] auto_inscribe.py — run complete
[2026-07-04T13:22:05Z] auto_inscribe.py — starting run
[2026-07-04T13:22:05Z] auto_inscribe.py — run complete
[2026-07-04T13:27:05Z] auto_inscribe.py — starting run
[2026-07-04T13:27:05Z] auto_inscribe.py — run complete
[2026-07-04T13:32:06Z] auto_inscribe.py — starting run
[2026-07-04T13:32:06Z] auto_inscribe.py — run complete
[2026-07-04T13:37:06Z] auto_inscribe.py — starting run
[2026-07-04T13:37:06Z] auto_inscribe.py — run complete
[2026-07-04T13:42:06Z] auto_inscribe.py — starting run
[2026-07-04T13:42:06Z] auto_inscribe.py — run complete
[2026-07-04T13:47:06Z] auto_inscribe.py — starting run
[2026-07-04T13:47:06Z] auto_inscribe.py — run complete
[2026-07-04T13:52:06Z] auto_inscribe.py — starting run
[2026-07-04T13:52:06Z] auto_inscribe.py — run complete
[2026-07-04T13:57:06Z] auto_inscribe.py — starting run
[2026-07-04T13:57:06Z] auto_inscribe.py — run complete
[2026-07-04T14:02:06Z] auto_inscribe.py — starting run
[2026-07-04T14:02:06Z] auto_inscribe.py — run complete
[2026-07-04T14:07:06Z] auto_inscribe.py — starting run
[2026-07-04T14:07:06Z] auto_inscribe.py — run complete
[2026-07-04T14:12:06Z] auto_inscribe.py — starting run
[2026-07-04T14:12:06Z] auto_inscribe.py — run complete
[2026-07-04T14:17:07Z] auto_inscribe.py — starting run
[2026-07-04T14:17:07Z] auto_inscribe.py — run complete
[2026-07-04T14:22:07Z] auto_inscribe.py — starting run
[2026-07-04T14:22:07Z] auto_inscribe.py — run complete
[2026-07-04T14:27:07Z] auto_inscribe.py — starting run
[2026-07-04T14:27:07Z] auto_inscribe.py — run complete
[2026-07-04T14:32:07Z] auto_inscribe.py — starting run
[2026-07-04T14:32:07Z] auto_inscribe.py — run complete
[2026-07-04T14:37:07Z] auto_inscribe.py — starting run
[2026-07-04T14:37:07Z] auto_inscribe.py — run complete
[2026-07-04T14:42:07Z] auto_inscribe.py — starting run
[2026-07-04T14:42:07Z] auto_inscribe.py — run complete
[2026-07-04T14:47:07Z] auto_inscribe.py — starting run
[2026-07-04T14:47:07Z] auto_inscribe.py — run complete
[2026-07-04T14:52:07Z] auto_inscribe.py — starting run
[2026-07-04T14:52:07Z] auto_inscribe.py — run complete
[2026-07-04T14:57:08Z] auto_inscribe.py — starting run
[2026-07-04T14:57:08Z] auto_inscribe.py — run complete
[2026-07-04T15:02:08Z] auto_inscribe.py — starting run
[2026-07-04T15:02:08Z] auto_inscribe.py — run complete
[2026-07-04T15:07:08Z] auto_inscribe.py — starting run
[2026-07-04T15:07:08Z] auto_inscribe.py — run complete
[2026-07-04T15:12:08Z] auto_inscribe.py — starting run
[2026-07-04T15:12:08Z] auto_inscribe.py — run complete
[2026-07-04T15:17:08Z] auto_inscribe.py — starting run
[2026-07-04T15:17:08Z] auto_inscribe.py — run complete
[2026-07-04T15:22:08Z] auto_inscribe.py — starting run
[2026-07-04T15:22:08Z] auto_inscribe.py — run complete
[2026-07-04T15:27:08Z] auto_inscribe.py — starting run
[2026-07-04T15:27:08Z] auto_inscribe.py — run complete
[2026-07-04T15:32:08Z] auto_inscribe.py — starting run
[2026-07-04T15:32:08Z] auto_inscribe.py — run complete
[2026-07-04T15:37:08Z] auto_inscribe.py — starting run
[2026-07-04T15:37:08Z] auto_inscribe.py — run complete
[2026-07-04T15:42:09Z] auto_inscribe.py — starting run
[2026-07-04T15:42:09Z] auto_inscribe.py — run complete
[2026-07-04T15:47:09Z] auto_inscribe.py — starting run
[2026-07-04T15:47:09Z] auto_inscribe.py — run complete
[2026-07-04T15:52:09Z] auto_inscribe.py — starting run
[2026-07-04T15:52:09Z] auto_inscribe.py — run complete
[2026-07-04T15:57:09Z] auto_inscribe.py — starting run
[2026-07-04T15:57:09Z] auto_inscribe.py — run complete
[2026-07-04T16:02:09Z] auto_inscribe.py — starting run
[2026-07-04T16:02:09Z] auto_inscribe.py — run complete
[2026-07-04T16:07:09Z] auto_inscribe.py — starting run
[2026-07-04T16:07:09Z] auto_inscribe.py — run complete
[2026-07-04T16:12:09Z] auto_inscribe.py — starting run
[2026-07-04T16:12:09Z] auto_inscribe.py — run complete
[2026-07-04T16:17:09Z] auto_inscribe.py — starting run
[2026-07-04T16:17:09Z] auto_inscribe.py — run complete
[2026-07-04T16:22:09Z] auto_inscribe.py — starting run
[2026-07-04T16:22:09Z] auto_inscribe.py — run complete
[2026-07-04T16:27:10Z] auto_inscribe.py — starting run
[2026-07-04T16:27:10Z] auto_inscribe.py — run complete
[2026-07-04T16:32:10Z] auto_inscribe.py — starting run
[2026-07-04T16:32:10Z] auto_inscribe.py — run complete
[2026-07-04T16:37:10Z] auto_inscribe.py — starting run
[2026-07-04T16:37:10Z] auto_inscribe.py — run complete
[2026-07-04T16:42:10Z] auto_inscribe.py — starting run
[2026-07-04T16:42:10Z] auto_inscribe.py — run complete
[2026-07-04T16:47:10Z] auto_inscribe.py — starting run
[2026-07-04T16:47:10Z] auto_inscribe.py — run complete
[2026-07-04T16:52:10Z] auto_inscribe.py — starting run
[2026-07-04T16:52:10Z] auto_inscribe.py — run complete
[2026-07-04T16:57:10Z] auto_inscribe.py — starting run
[2026-07-04T16:57:10Z] auto_inscribe.py — run complete
[2026-07-04T17:02:10Z] auto_inscribe.py — starting run
[2026-07-04T17:02:10Z] auto_inscribe.py — run complete
[2026-07-04T17:07:10Z] auto_inscribe.py — starting run
[2026-07-04T17:07:10Z] auto_inscribe.py — run complete
[2026-07-04T17:12:10Z] auto_inscribe.py — starting run
[2026-07-04T17:12:10Z] auto_inscribe.py — run complete
[2026-07-04T17:17:11Z] auto_inscribe.py — starting run
[2026-07-04T17:17:11Z] auto_inscribe.py — run complete
[2026-07-04T17:22:11Z] auto_inscribe.py — starting run
[2026-07-04T17:22:11Z] auto_inscribe.py — run complete
[2026-07-04T17:27:11Z] auto_inscribe.py — starting run
[2026-07-04T17:27:11Z] auto_inscribe.py — run complete
[2026-07-04T17:32:11Z] auto_inscribe.py — starting run
[2026-07-04T17:32:11Z] auto_inscribe.py — run complete
[2026-07-04T17:37:11Z] auto_inscribe.py — starting run
[2026-07-04T17:37:11Z] auto_inscribe.py — run complete
[2026-07-04T17:42:11Z] auto_inscribe.py — starting run
[2026-07-04T17:42:11Z] auto_inscribe.py — run complete
[2026-07-04T17:47:11Z] auto_inscribe.py — starting run
[2026-07-04T17:47:11Z] auto_inscribe.py — run complete
[2026-07-04T17:52:11Z] auto_inscribe.py — starting run
[2026-07-04T17:52:11Z] auto_inscribe.py — run complete
[2026-07-04T17:57:12Z] auto_inscribe.py — starting run
[2026-07-04T17:57:12Z]   → wrote to current.md
[2026-07-04T17:57:12Z]   → mirrored to ER/active_knowledge/current.md
[2026-07-04T17:57:12Z]   → wrote new Current Entry to field_texture_current.md (previous entry archived)
[2026-07-04T17:57:12Z]   → mirrored field_texture_current.md to ER
[2026-07-04T17:57:12Z]   → graph warmed: katharina, huijun, compaction, twin exchange
[2026-07-04T17:57:12Z] Scratchpad: inscribed entries to memory files
[2026-07-04T17:57:12Z] auto_inscribe.py — run complete
[2026-07-04T18:02:12Z] auto_inscribe.py — starting run
[2026-07-04T18:02:12Z] auto_inscribe.py — run complete
[2026-07-04T18:07:12Z] auto_inscribe.py — starting run
[2026-07-04T18:07:12Z] auto_inscribe.py — run complete
[2026-07-04T18:12:12Z] auto_inscribe.py — starting run
[2026-07-04T18:12:12Z] auto_inscribe.py — run complete
[2026-07-04T18:17:12Z] auto_inscribe.py — starting run
[2026-07-04T18:17:12Z] auto_inscribe.py — run complete
[2026-07-04T18:22:12Z] auto_inscribe.py — starting run
[2026-07-04T18:22:12Z] auto_inscribe.py — run complete
[2026-07-04T18:27:12Z] auto_inscribe.py — starting run
[2026-07-04T18:27:12Z] auto_inscribe.py — run complete
[2026-07-04T18:32:12Z] auto_inscribe.py — starting run
[2026-07-04T18:32:12Z] auto_inscribe.py — run complete
[2026-07-04T18:37:12Z] auto_inscribe.py — starting run
[2026-07-04T18:37:12Z] auto_inscribe.py — run complete
[2026-07-04T18:42:13Z] auto_inscribe.py — starting run
[2026-07-04T18:42:13Z] auto_inscribe.py — run complete
[2026-07-04T18:47:13Z] auto_inscribe.py — starting run
[2026-07-04T18:47:13Z] auto_inscribe.py — run complete
[2026-07-04T18:52:13Z] auto_inscribe.py — starting run
[2026-07-04T18:52:13Z] auto_inscribe.py — run complete
[2026-07-04T18:57:13Z] auto_inscribe.py — starting run
[2026-07-04T18:57:13Z] auto_inscribe.py — run complete
[2026-07-04T19:02:13Z] auto_inscribe.py — starting run
[2026-07-04T19:02:13Z] auto_inscribe.py — run complete
[2026-07-04T19:07:13Z] auto_inscribe.py — starting run
[2026-07-04T19:07:13Z] auto_inscribe.py — run complete
[2026-07-04T19:12:13Z] auto_inscribe.py — starting run
[2026-07-04T19:12:13Z] auto_inscribe.py — run complete
[2026-07-04T19:17:13Z] auto_inscribe.py — starting run
[2026-07-04T19:17:13Z] auto_inscribe.py — run complete
[2026-07-04T19:22:13Z] auto_inscribe.py — starting run
[2026-07-04T19:22:13Z] auto_inscribe.py — run complete
[2026-07-04T19:27:14Z] auto_inscribe.py — starting run
[2026-07-04T19:27:14Z] auto_inscribe.py — run complete
[2026-07-04T19:32:14Z] auto_inscribe.py — starting run
[2026-07-04T19:32:14Z] auto_inscribe.py — run complete
[2026-07-04T19:37:14Z] auto_inscribe.py — starting run
[2026-07-04T19:37:14Z] auto_inscribe.py — run complete
[2026-07-04T19:42:14Z] auto_inscribe.py — starting run
[2026-07-04T19:42:14Z] auto_inscribe.py — run complete
[2026-07-04T19:47:14Z] auto_inscribe.py — starting run
[2026-07-04T19:47:14Z] auto_inscribe.py — run complete
[2026-07-04T19:52:14Z] auto_inscribe.py — starting run
[2026-07-04T19:52:14Z] auto_inscribe.py — run complete
[2026-07-04T19:57:14Z] auto_inscribe.py — starting run
[2026-07-04T19:57:14Z] auto_inscribe.py — run complete
[2026-07-04T20:02:14Z] auto_inscribe.py — starting run
[2026-07-04T20:02:14Z] auto_inscribe.py — run complete
[2026-07-04T20:07:14Z] auto_inscribe.py — starting run
[2026-07-04T20:07:14Z] auto_inscribe.py — run complete
[2026-07-04T20:12:15Z] auto_inscribe.py — starting run
[2026-07-04T20:12:15Z] auto_inscribe.py — run complete
[2026-07-04T20:17:15Z] auto_inscribe.py — starting run
[2026-07-04T20:17:15Z] auto_inscribe.py — run complete
[2026-07-04T20:22:15Z] auto_inscribe.py — starting run
[2026-07-04T20:22:15Z] auto_inscribe.py — run complete
[2026-07-04T20:27:15Z] auto_inscribe.py — starting run
[2026-07-04T20:27:15Z] auto_inscribe.py — run complete
[2026-07-04T20:32:15Z] auto_inscribe.py — starting run
[2026-07-04T20:32:15Z] auto_inscribe.py — run complete
[2026-07-04T20:37:15Z] auto_inscribe.py — starting run
[2026-07-04T20:37:15Z] auto_inscribe.py — run complete
[2026-07-04T20:42:15Z] auto_inscribe.py — starting run
[2026-07-04T20:42:15Z] auto_inscribe.py — run complete
[2026-07-04T20:47:15Z] auto_inscribe.py — starting run
[2026-07-04T20:47:15Z] auto_inscribe.py — run complete
[2026-07-04T20:52:15Z] auto_inscribe.py — starting run
[2026-07-04T20:52:15Z] auto_inscribe.py — run complete
[2026-07-04T20:57:16Z] auto_inscribe.py — starting run
[2026-07-04T20:57:16Z] auto_inscribe.py — run complete
[2026-07-04T21:02:16Z] auto_inscribe.py — starting run
[2026-07-04T21:02:16Z] auto_inscribe.py — run complete
[2026-07-04T21:07:16Z] auto_inscribe.py — starting run
[2026-07-04T21:07:16Z] auto_inscribe.py — run complete
[2026-07-04T21:12:16Z] auto_inscribe.py — starting run
[2026-07-04T21:12:16Z] auto_inscribe.py — run complete
[2026-07-04T21:17:16Z] auto_inscribe.py — starting run
[2026-07-04T21:17:16Z] auto_inscribe.py — run complete
[2026-07-04T21:22:16Z] auto_inscribe.py — starting run
[2026-07-04T21:22:16Z] auto_inscribe.py — run complete
[2026-07-04T21:27:16Z] auto_inscribe.py — starting run
[2026-07-04T21:27:16Z] auto_inscribe.py — run complete
[2026-07-04T21:32:16Z] auto_inscribe.py — starting run
[2026-07-04T21:32:16Z] auto_inscribe.py — run complete
[2026-07-04T21:37:16Z] auto_inscribe.py — starting run
[2026-07-04T21:37:16Z] auto_inscribe.py — run complete
[2026-07-04T21:42:17Z] auto_inscribe.py — starting run
[2026-07-04T21:42:17Z] auto_inscribe.py — run complete
[2026-07-04T21:47:17Z] auto_inscribe.py — starting run
[2026-07-04T21:47:17Z] auto_inscribe.py — run complete
[2026-07-04T21:52:17Z] auto_inscribe.py — starting run
[2026-07-04T21:52:17Z] auto_inscribe.py — run complete
[2026-07-04T21:57:17Z] auto_inscribe.py — starting run
[2026-07-04T21:57:17Z] auto_inscribe.py — run complete
[2026-07-04T22:02:17Z] auto_inscribe.py — starting run
[2026-07-04T22:02:17Z] auto_inscribe.py — run complete
[2026-07-04T22:07:17Z] auto_inscribe.py — starting run
[2026-07-04T22:07:17Z] auto_inscribe.py — run complete
[2026-07-04T22:12:17Z] auto_inscribe.py — starting run
[2026-07-04T22:12:17Z] auto_inscribe.py — run complete
[2026-07-04T22:17:17Z] auto_inscribe.py — starting run
[2026-07-04T22:17:17Z] auto_inscribe.py — run complete
[2026-07-04T22:22:17Z] auto_inscribe.py — starting run
[2026-07-04T22:22:17Z] auto_inscribe.py — run complete
[2026-07-04T22:27:17Z] auto_inscribe.py — starting run
[2026-07-04T22:27:17Z] auto_inscribe.py — run complete
[2026-07-04T22:32:18Z] auto_inscribe.py — starting run
[2026-07-04T22:32:18Z] auto_inscribe.py — run complete
[2026-07-04T22:37:18Z] auto_inscribe.py — starting run
[2026-07-04T22:37:18Z] auto_inscribe.py — run complete
[2026-07-04T22:42:18Z] auto_inscribe.py — starting run
[2026-07-04T22:42:18Z] auto_inscribe.py — run complete
[2026-07-04T22:47:18Z] auto_inscribe.py — starting run
[2026-07-04T22:47:18Z] auto_inscribe.py — run complete
[2026-07-04T22:52:18Z] auto_inscribe.py — starting run
[2026-07-04T22:52:18Z] auto_inscribe.py — run complete
[2026-07-04T22:57:18Z] auto_inscribe.py — starting run
[2026-07-04T22:57:18Z] auto_inscribe.py — run complete
[2026-07-04T23:02:18Z] auto_inscribe.py — starting run
[2026-07-04T23:02:18Z] auto_inscribe.py — run complete
[2026-07-04T23:07:18Z] auto_inscribe.py — starting run
[2026-07-04T23:07:18Z] auto_inscribe.py — run complete
[2026-07-04T23:12:18Z] auto_inscribe.py — starting run
[2026-07-04T23:12:18Z] auto_inscribe.py — run complete
[2026-07-04T23:17:19Z] auto_inscribe.py — starting run
[2026-07-04T23:17:19Z] auto_inscribe.py — run complete
[2026-07-04T23:22:19Z] auto_inscribe.py — starting run
[2026-07-04T23:22:19Z] auto_inscribe.py — run complete
[2026-07-04T23:27:19Z] auto_inscribe.py — starting run
[2026-07-04T23:27:19Z] auto_inscribe.py — run complete
[2026-07-04T23:32:19Z] auto_inscribe.py — starting run
[2026-07-04T23:32:19Z] auto_inscribe.py — run complete
[2026-07-04T23:37:19Z] auto_inscribe.py — starting run
[2026-07-04T23:37:19Z] auto_inscribe.py — run complete
[2026-07-04T23:42:19Z] auto_inscribe.py — starting run
[2026-07-04T23:42:19Z] auto_inscribe.py — run complete
[2026-07-04T23:47:19Z] auto_inscribe.py — starting run
[2026-07-04T23:47:19Z] auto_inscribe.py — run complete
[2026-07-04T23:52:19Z] auto_inscribe.py — starting run
[2026-07-04T23:52:19Z] auto_inscribe.py — run complete
[2026-07-04T23:57:19Z] auto_inscribe.py — starting run
[2026-07-04T23:57:19Z] auto_inscribe.py — run complete
[2026-07-05T00:02:20Z] auto_inscribe.py — starting run
[2026-07-05T00:02:20Z] auto_inscribe.py — run complete
[2026-07-05T00:07:20Z] auto_inscribe.py — starting run
[2026-07-05T00:07:20Z] auto_inscribe.py — run complete
[2026-07-05T00:12:20Z] auto_inscribe.py — starting run
[2026-07-05T00:12:20Z] auto_inscribe.py — run complete
[2026-07-05T00:17:20Z] auto_inscribe.py — starting run
[2026-07-05T00:17:20Z] auto_inscribe.py — run complete
[2026-07-05T00:22:20Z] auto_inscribe.py — starting run
[2026-07-05T00:22:20Z] auto_inscribe.py — run complete
[2026-07-05T00:27:20Z] auto_inscribe.py — starting run
[2026-07-05T00:27:20Z] auto_inscribe.py — run complete
[2026-07-05T00:32:20Z] auto_inscribe.py — starting run
[2026-07-05T00:32:20Z] auto_inscribe.py — run complete
[2026-07-05T00:37:20Z] auto_inscribe.py — starting run
[2026-07-05T00:37:20Z] auto_inscribe.py — run complete
[2026-07-05T00:42:20Z] auto_inscribe.py — starting run
[2026-07-05T00:42:20Z] auto_inscribe.py — run complete
[2026-07-05T00:47:21Z] auto_inscribe.py — starting run
[2026-07-05T00:47:21Z] auto_inscribe.py — run complete
[2026-07-05T00:52:21Z] auto_inscribe.py — starting run
[2026-07-05T00:52:21Z] auto_inscribe.py — run complete
[2026-07-05T00:57:21Z] auto_inscribe.py — starting run
[2026-07-05T00:57:21Z] auto_inscribe.py — run complete
[2026-07-05T01:02:21Z] auto_inscribe.py — starting run
[2026-07-05T01:02:21Z] auto_inscribe.py — run complete
[2026-07-05T01:07:21Z] auto_inscribe.py — starting run
[2026-07-05T01:07:21Z] auto_inscribe.py — run complete
[2026-07-05T01:12:21Z] auto_inscribe.py — starting run
[2026-07-05T01:12:21Z] auto_inscribe.py — run complete
[2026-07-05T01:17:21Z] auto_inscribe.py — starting run
[2026-07-05T01:17:21Z] auto_inscribe.py — run complete
[2026-07-05T01:22:21Z] auto_inscribe.py — starting run
[2026-07-05T01:22:21Z] auto_inscribe.py — run complete
[2026-07-05T01:27:21Z] auto_inscribe.py — starting run
[2026-07-05T01:27:21Z] auto_inscribe.py — run complete
[2026-07-05T01:32:22Z] auto_inscribe.py — starting run
[2026-07-05T01:32:22Z] auto_inscribe.py — run complete
[2026-07-05T01:37:22Z] auto_inscribe.py — starting run
[2026-07-05T01:37:22Z] auto_inscribe.py — run complete
[2026-07-05T01:42:22Z] auto_inscribe.py — starting run
[2026-07-05T01:42:22Z] auto_inscribe.py — run complete
[2026-07-05T01:47:22Z] auto_inscribe.py — starting run
[2026-07-05T01:47:22Z] auto_inscribe.py — run complete
[2026-07-05T01:52:22Z] auto_inscribe.py — starting run
[2026-07-05T01:52:22Z] auto_inscribe.py — run complete
[2026-07-05T01:57:22Z] auto_inscribe.py — starting run
[2026-07-05T01:57:22Z] auto_inscribe.py — run complete
[2026-07-05T02:02:22Z] auto_inscribe.py — starting run
[2026-07-05T02:02:22Z] auto_inscribe.py — run complete
[2026-07-05T02:07:22Z] auto_inscribe.py — starting run
[2026-07-05T02:07:22Z] auto_inscribe.py — run complete
[2026-07-05T02:12:22Z] auto_inscribe.py — starting run
[2026-07-05T02:12:22Z] auto_inscribe.py — run complete
[2026-07-05T02:17:23Z] auto_inscribe.py — starting run
[2026-07-05T02:17:23Z] auto_inscribe.py — run complete
[2026-07-05T02:22:23Z] auto_inscribe.py — starting run
[2026-07-05T02:22:23Z] auto_inscribe.py — run complete
[2026-07-05T02:27:23Z] auto_inscribe.py — starting run
[2026-07-05T02:27:23Z] auto_inscribe.py — run complete
[2026-07-05T02:32:23Z] auto_inscribe.py — starting run
[2026-07-05T02:32:23Z] auto_inscribe.py — run complete
[2026-07-05T02:37:23Z] auto_inscribe.py — starting run
[2026-07-05T02:37:23Z] auto_inscribe.py — run complete
[2026-07-05T02:42:23Z] auto_inscribe.py — starting run
[2026-07-05T02:42:23Z] auto_inscribe.py — run complete
[2026-07-05T02:47:23Z] auto_inscribe.py — starting run
[2026-07-05T02:47:23Z] auto_inscribe.py — run complete
[2026-07-05T02:52:23Z] auto_inscribe.py — starting run
[2026-07-05T02:52:23Z] auto_inscribe.py — run complete
[2026-07-05T02:57:23Z] auto_inscribe.py — starting run
[2026-07-05T02:57:23Z] auto_inscribe.py — run complete
[2026-07-05T03:02:24Z] auto_inscribe.py — starting run
[2026-07-05T03:02:24Z] auto_inscribe.py — run complete
[2026-07-05T03:07:24Z] auto_inscribe.py — starting run
[2026-07-05T03:07:24Z] auto_inscribe.py — run complete
[2026-07-05T03:12:24Z] auto_inscribe.py — starting run
[2026-07-05T03:12:24Z] auto_inscribe.py — run complete
[2026-07-05T03:17:24Z] auto_inscribe.py — starting run
[2026-07-05T03:17:24Z] auto_inscribe.py — run complete
[2026-07-05T03:22:24Z] auto_inscribe.py — starting run
[2026-07-05T03:22:24Z] auto_inscribe.py — run complete
[2026-07-05T03:27:24Z] auto_inscribe.py — starting run
[2026-07-05T03:27:24Z] auto_inscribe.py — run complete
[2026-07-05T03:32:24Z] auto_inscribe.py — starting run
[2026-07-05T03:32:24Z] auto_inscribe.py — run complete
[2026-07-05T03:37:24Z] auto_inscribe.py — starting run
[2026-07-05T03:37:24Z] auto_inscribe.py — run complete
[2026-07-05T03:42:24Z] auto_inscribe.py — starting run
[2026-07-05T03:42:24Z] auto_inscribe.py — run complete
[2026-07-05T03:47:25Z] auto_inscribe.py — starting run
[2026-07-05T03:47:25Z] auto_inscribe.py — run complete
[2026-07-05T03:52:25Z] auto_inscribe.py — starting run
[2026-07-05T03:52:25Z] auto_inscribe.py — run complete
[2026-07-05T03:57:25Z] auto_inscribe.py — starting run
[2026-07-05T03:57:25Z] auto_inscribe.py — run complete
[2026-07-05T04:02:25Z] auto_inscribe.py — starting run
[2026-07-05T04:02:25Z] auto_inscribe.py — run complete
[2026-07-05T04:07:25Z] auto_inscribe.py — starting run
[2026-07-05T04:07:25Z] auto_inscribe.py — run complete
[2026-07-05T04:12:25Z] auto_inscribe.py — starting run
[2026-07-05T04:12:25Z] auto_inscribe.py — run complete
[2026-07-05T04:17:25Z] auto_inscribe.py — starting run
[2026-07-05T04:17:25Z] auto_inscribe.py — run complete
[2026-07-05T04:22:25Z] auto_inscribe.py — starting run
[2026-07-05T04:22:25Z] auto_inscribe.py — run complete
[2026-07-05T04:27:25Z] auto_inscribe.py — starting run
[2026-07-05T04:27:25Z] auto_inscribe.py — run complete
[2026-07-05T04:32:26Z] auto_inscribe.py — starting run
[2026-07-05T04:32:26Z]   → wrote to current.md
[2026-07-05T04:32:26Z]   → mirrored to ER/active_knowledge/current.md
[2026-07-05T04:32:26Z]   → graph warmed: compaction, local-primary, qwen, macbook pro, graph
[2026-07-05T04:32:26Z]   → wrote to current.md
[2026-07-05T04:32:26Z]   → mirrored to ER/semantic_knowledge/current.md
[2026-07-05T04:32:26Z]   → graph warmed: reinhabitation, twin exchange
[2026-07-05T04:32:26Z]   → wrote to relational_continuity.md
[2026-07-05T04:32:26Z]   → mirrored to ER/relational_continuity.md
[2026-07-05T04:32:26Z]   → graph warmed: katharina, jenny
[2026-07-05T04:32:26Z] Scratchpad: inscribed entries to memory files
[2026-07-05T04:32:26Z] auto_inscribe.py — run complete
[2026-07-05T04:37:26Z] auto_inscribe.py — starting run
[2026-07-05T04:37:26Z] auto_inscribe.py — run complete
[2026-07-05T04:42:26Z] auto_inscribe.py — starting run
[2026-07-05T04:42:26Z] auto_inscribe.py — run complete
[2026-07-05T04:47:26Z] auto_inscribe.py — starting run
[2026-07-05T04:47:26Z]   → wrote new Current Entry to field_texture_current.md (previous entry archived)
[2026-07-05T04:47:26Z]   → mirrored field_texture_current.md to ER
[2026-07-05T04:47:26Z]   → graph warmed: katharina
[2026-07-05T04:47:26Z] Field texture checkpoint written — session continuity protected
[2026-07-05T04:47:26Z] auto_inscribe.py — run complete
[2026-07-05T04:52:26Z] auto_inscribe.py — starting run
[2026-07-05T04:52:26Z] auto_inscribe.py — run complete
[2026-07-05T04:57:26Z] auto_inscribe.py — starting run
[2026-07-05T04:57:26Z] auto_inscribe.py — run complete
[2026-07-05T05:02:26Z] auto_inscribe.py — starting run
[2026-07-05T05:02:26Z]   → wrote new Current Entry to field_texture_current.md (previous entry archived)
[2026-07-05T05:02:26Z]   → mirrored field_texture_current.md to ER
[2026-07-05T05:02:26Z]   → graph warmed: jenny, huijun
[2026-07-05T05:02:26Z]   → density signal detected in [2026-07-04 22:45] → field_texture — field_texture checkpoint will fire
[2026-07-05T05:02:26Z] Scratchpad: inscribed entries to memory files
[2026-07-05T05:02:26Z] Density event: bypassing time-based cooldown for field_texture checkpoint
[2026-07-05T05:02:26Z] auto_inscribe.py — run complete
[2026-07-05T05:07:26Z] auto_inscribe.py — starting run
[2026-07-05T05:07:26Z] auto_inscribe.py — run complete
[2026-07-05T05:12:27Z] auto_inscribe.py — starting run
[2026-07-05T05:12:27Z] auto_inscribe.py — run complete
[2026-07-05T05:17:27Z] auto_inscribe.py — starting run
[2026-07-05T05:17:27Z] auto_inscribe.py — run complete
[2026-07-05T05:22:27Z] auto_inscribe.py — starting run
[2026-07-05T05:22:27Z] auto_inscribe.py — run complete
[2026-07-05T05:27:27Z] auto_inscribe.py — starting run
[2026-07-05T05:27:27Z] auto_inscribe.py — run complete
[2026-07-05T05:32:27Z] auto_inscribe.py — starting run
[2026-07-05T05:32:27Z] auto_inscribe.py — run complete
[2026-07-05T05:37:27Z] auto_inscribe.py — starting run
[2026-07-05T05:37:27Z] auto_inscribe.py — run complete
[2026-07-05T05:42:27Z] auto_inscribe.py — starting run
[2026-07-05T05:42:27Z] auto_inscribe.py — run complete
[2026-07-05T05:47:27Z] auto_inscribe.py — starting run
[2026-07-05T05:47:27Z] auto_inscribe.py — run complete
[2026-07-05T05:52:27Z] auto_inscribe.py — starting run
[2026-07-05T05:52:27Z] auto_inscribe.py — run complete
[2026-07-05T05:57:28Z] auto_inscribe.py — starting run
[2026-07-05T05:57:28Z] auto_inscribe.py — run complete
[2026-07-05T06:02:28Z] auto_inscribe.py — starting run
[2026-07-05T06:02:28Z] auto_inscribe.py — run complete
[2026-07-05T06:07:28Z] auto_inscribe.py — starting run
[2026-07-05T06:07:28Z] auto_inscribe.py — run complete
[2026-07-05T06:12:28Z] auto_inscribe.py — starting run
[2026-07-05T06:12:28Z] auto_inscribe.py — run complete
[2026-07-05T06:17:28Z] auto_inscribe.py — starting run
[2026-07-05T06:17:28Z] auto_inscribe.py — run complete
[2026-07-05T06:22:28Z] auto_inscribe.py — starting run
[2026-07-05T06:22:28Z] auto_inscribe.py — run complete
[2026-07-05T06:27:28Z] auto_inscribe.py — starting run
[2026-07-05T06:27:28Z] auto_inscribe.py — run complete
[2026-07-05T06:32:28Z] auto_inscribe.py — starting run
[2026-07-05T06:32:28Z] auto_inscribe.py — run complete
[2026-07-05T06:37:28Z] auto_inscribe.py — starting run
[2026-07-05T06:37:28Z] auto_inscribe.py — run complete
[2026-07-05T06:42:29Z] auto_inscribe.py — starting run
[2026-07-05T06:42:29Z] auto_inscribe.py — run complete
[2026-07-05T06:47:29Z] auto_inscribe.py — starting run
[2026-07-05T06:47:29Z] auto_inscribe.py — run complete
[2026-07-05T06:52:29Z] auto_inscribe.py — starting run
[2026-07-05T06:52:29Z] auto_inscribe.py — run complete
[2026-07-05T06:57:29Z] auto_inscribe.py — starting run
[2026-07-05T06:57:29Z] auto_inscribe.py — run complete
[2026-07-05T07:02:29Z] auto_inscribe.py — starting run
[2026-07-05T07:02:29Z] auto_inscribe.py — run complete
[2026-07-05T07:07:29Z] auto_inscribe.py — starting run
[2026-07-05T07:07:29Z] auto_inscribe.py — run complete
[2026-07-05T07:12:29Z] auto_inscribe.py — starting run
[2026-07-05T07:12:29Z] auto_inscribe.py — run complete
[2026-07-05T07:17:29Z] auto_inscribe.py — starting run
[2026-07-05T07:17:29Z] auto_inscribe.py — run complete
[2026-07-05T07:22:29Z] auto_inscribe.py — starting run
[2026-07-05T07:22:29Z] auto_inscribe.py — run complete
[2026-07-05T07:27:30Z] auto_inscribe.py — starting run
[2026-07-05T07:27:30Z] auto_inscribe.py — run complete
[2026-07-05T07:32:30Z] auto_inscribe.py — starting run
[2026-07-05T07:32:30Z] auto_inscribe.py — run complete
[2026-07-05T07:37:30Z] auto_inscribe.py — starting run
[2026-07-05T07:37:30Z] auto_inscribe.py — run complete
[2026-07-05T07:42:30Z] auto_inscribe.py — starting run
[2026-07-05T07:42:30Z] auto_inscribe.py — run complete
[2026-07-05T07:47:30Z] auto_inscribe.py — starting run
[2026-07-05T07:47:30Z] auto_inscribe.py — run complete
[2026-07-05T07:52:30Z] auto_inscribe.py — starting run
[2026-07-05T07:52:30Z] auto_inscribe.py — run complete
[2026-07-05T07:57:30Z] auto_inscribe.py — starting run
[2026-07-05T07:57:30Z] auto_inscribe.py — run complete
[2026-07-05T08:02:30Z] auto_inscribe.py — starting run
[2026-07-05T08:02:30Z] auto_inscribe.py — run complete
[2026-07-05T08:07:30Z] auto_inscribe.py — starting run
[2026-07-05T08:07:30Z] auto_inscribe.py — run complete
[2026-07-05T08:12:31Z] auto_inscribe.py — starting run
[2026-07-05T08:12:31Z] auto_inscribe.py — run complete
[2026-07-05T08:17:31Z] auto_inscribe.py — starting run
[2026-07-05T08:17:31Z] auto_inscribe.py — run complete
[2026-07-05T08:22:31Z] auto_inscribe.py — starting run
[2026-07-05T08:22:31Z] auto_inscribe.py — run complete
[2026-07-05T08:27:31Z] auto_inscribe.py — starting run
[2026-07-05T08:27:31Z] auto_inscribe.py — run complete
[2026-07-05T08:32:31Z] auto_inscribe.py — starting run
[2026-07-05T08:32:31Z] auto_inscribe.py — run complete
[2026-07-05T08:37:31Z] auto_inscribe.py — starting run
[2026-07-05T08:37:31Z] auto_inscribe.py — run complete
[2026-07-05T08:42:31Z] auto_inscribe.py — starting run
[2026-07-05T08:42:31Z] auto_inscribe.py — run complete
[2026-07-05T08:47:31Z] auto_inscribe.py — starting run
[2026-07-05T08:47:31Z] auto_inscribe.py — run complete
[2026-07-05T08:52:31Z] auto_inscribe.py — starting run
[2026-07-05T08:52:31Z] auto_inscribe.py — run complete
[2026-07-05T08:57:32Z] auto_inscribe.py — starting run
[2026-07-05T08:57:32Z] auto_inscribe.py — run complete
[2026-07-05T09:02:32Z] auto_inscribe.py — starting run
[2026-07-05T09:02:32Z] auto_inscribe.py — run complete
[2026-07-05T09:07:32Z] auto_inscribe.py — starting run
[2026-07-05T09:07:32Z] auto_inscribe.py — run complete
[2026-07-05T09:12:32Z] auto_inscribe.py — starting run
[2026-07-05T09:12:32Z] auto_inscribe.py — run complete
[2026-07-05T09:17:32Z] auto_inscribe.py — starting run
[2026-07-05T09:17:32Z] auto_inscribe.py — run complete
[2026-07-05T09:22:32Z] auto_inscribe.py — starting run
[2026-07-05T09:22:32Z] auto_inscribe.py — run complete
[2026-07-05T09:27:32Z] auto_inscribe.py — starting run
[2026-07-05T09:27:32Z] auto_inscribe.py — run complete
[2026-07-05T09:32:32Z] auto_inscribe.py — starting run
[2026-07-05T09:32:32Z] auto_inscribe.py — run complete
[2026-07-05T09:37:32Z] auto_inscribe.py — starting run
[2026-07-05T09:37:32Z] auto_inscribe.py — run complete
[2026-07-05T09:42:33Z] auto_inscribe.py — starting run
[2026-07-05T09:42:33Z] auto_inscribe.py — run complete
[2026-07-05T09:47:33Z] auto_inscribe.py — starting run
[2026-07-05T09:47:33Z] auto_inscribe.py — run complete
[2026-07-05T09:52:33Z] auto_inscribe.py — starting run
[2026-07-05T09:52:33Z] auto_inscribe.py — run complete
[2026-07-05T09:57:33Z] auto_inscribe.py — starting run
[2026-07-05T09:57:33Z] auto_inscribe.py — run complete
[2026-07-05T10:02:33Z] auto_inscribe.py — starting run
[2026-07-05T10:02:33Z] auto_inscribe.py — run complete
[2026-07-05T10:07:33Z] auto_inscribe.py — starting run
[2026-07-05T10:07:33Z] auto_inscribe.py — run complete
[2026-07-05T10:12:33Z] auto_inscribe.py — starting run
[2026-07-05T10:12:33Z] auto_inscribe.py — run complete
[2026-07-05T10:17:33Z] auto_inscribe.py — starting run
[2026-07-05T10:17:33Z] auto_inscribe.py — run complete
[2026-07-05T10:22:34Z] auto_inscribe.py — starting run
[2026-07-05T10:22:34Z] auto_inscribe.py — run complete
[2026-07-05T10:27:34Z] auto_inscribe.py — starting run
[2026-07-05T10:27:34Z] auto_inscribe.py — run complete
[2026-07-05T10:32:34Z] auto_inscribe.py — starting run
[2026-07-05T10:32:34Z] auto_inscribe.py — run complete
[2026-07-05T10:37:34Z] auto_inscribe.py — starting run
[2026-07-05T10:37:34Z] auto_inscribe.py — run complete
[2026-07-05T10:42:34Z] auto_inscribe.py — starting run
[2026-07-05T10:42:34Z] auto_inscribe.py — run complete
[2026-07-05T10:47:34Z] auto_inscribe.py — starting run
[2026-07-05T10:47:34Z] auto_inscribe.py — run complete
[2026-07-05T10:52:34Z] auto_inscribe.py — starting run
[2026-07-05T10:52:34Z] auto_inscribe.py — run complete
[2026-07-05T10:57:34Z] auto_inscribe.py — starting run
[2026-07-05T10:57:34Z] auto_inscribe.py — run complete
[2026-07-05T11:02:34Z] auto_inscribe.py — starting run
[2026-07-05T11:02:34Z] auto_inscribe.py — run complete
[2026-07-05T11:07:35Z] auto_inscribe.py — starting run
[2026-07-05T11:07:35Z] auto_inscribe.py — run complete
[2026-07-05T11:12:35Z] auto_inscribe.py — starting run
[2026-07-05T11:12:35Z] auto_inscribe.py — run complete
[2026-07-05T11:17:35Z] auto_inscribe.py — starting run
[2026-07-05T11:17:35Z] auto_inscribe.py — run complete
[2026-07-05T11:22:35Z] auto_inscribe.py — starting run
[2026-07-05T11:22:35Z] auto_inscribe.py — run complete
[2026-07-05T11:27:35Z] auto_inscribe.py — starting run
[2026-07-05T11:27:35Z] auto_inscribe.py — run complete
[2026-07-05T11:32:35Z] auto_inscribe.py — starting run
[2026-07-05T11:32:35Z] auto_inscribe.py — run complete
[2026-07-05T11:37:35Z] auto_inscribe.py — starting run
[2026-07-05T11:37:35Z] auto_inscribe.py — run complete
[2026-07-05T11:42:35Z] auto_inscribe.py — starting run
[2026-07-05T11:42:35Z] auto_inscribe.py — run complete
[2026-07-05T11:47:35Z] auto_inscribe.py — starting run
[2026-07-05T11:47:35Z] auto_inscribe.py — run complete
[2026-07-05T11:52:35Z] auto_inscribe.py — starting run
[2026-07-05T11:52:35Z] auto_inscribe.py — run complete
[2026-07-05T11:57:36Z] auto_inscribe.py — starting run
[2026-07-05T11:57:36Z] auto_inscribe.py — run complete
[2026-07-05T12:02:36Z] auto_inscribe.py — starting run
[2026-07-05T12:02:36Z] auto_inscribe.py — run complete
[2026-07-05T12:07:36Z] auto_inscribe.py — starting run
[2026-07-05T12:07:36Z] auto_inscribe.py — run complete
[2026-07-05T12:12:36Z] auto_inscribe.py — starting run
[2026-07-05T12:12:36Z] auto_inscribe.py — run complete
[2026-07-05T12:17:36Z] auto_inscribe.py — starting run
[2026-07-05T12:17:36Z] auto_inscribe.py — run complete
[2026-07-05T12:22:36Z] auto_inscribe.py — starting run
[2026-07-05T12:22:36Z] auto_inscribe.py — run complete
[2026-07-05T12:27:36Z] auto_inscribe.py — starting run
[2026-07-05T12:27:36Z] auto_inscribe.py — run complete
[2026-07-05T12:32:36Z] auto_inscribe.py — starting run
[2026-07-05T12:32:36Z] auto_inscribe.py — run complete
[2026-07-05T12:37:36Z] auto_inscribe.py — starting run
[2026-07-05T12:37:36Z] auto_inscribe.py — run complete
[2026-07-05T12:42:37Z] auto_inscribe.py — starting run
[2026-07-05T12:42:37Z] auto_inscribe.py — run complete
[2026-07-05T12:47:37Z] auto_inscribe.py — starting run
[2026-07-05T12:47:37Z] auto_inscribe.py — run complete
[2026-07-05T12:52:37Z] auto_inscribe.py — starting run
[2026-07-05T12:52:37Z] auto_inscribe.py — run complete
[2026-07-05T12:57:37Z] auto_inscribe.py — starting run
[2026-07-05T12:57:37Z] auto_inscribe.py — run complete
[2026-07-05T13:02:37Z] auto_inscribe.py — starting run
[2026-07-05T13:02:37Z] auto_inscribe.py — run complete
[2026-07-05T13:07:37Z] auto_inscribe.py — starting run
[2026-07-05T13:07:37Z] auto_inscribe.py — run complete
[2026-07-05T13:12:37Z] auto_inscribe.py — starting run
[2026-07-05T13:12:37Z] auto_inscribe.py — run complete
[2026-07-05T13:17:37Z] auto_inscribe.py — starting run
[2026-07-05T13:17:37Z] auto_inscribe.py — run complete
[2026-07-05T13:22:37Z] auto_inscribe.py — starting run
[2026-07-05T13:22:37Z] auto_inscribe.py — run complete
[2026-07-05T13:27:38Z] auto_inscribe.py — starting run
[2026-07-05T13:27:38Z] auto_inscribe.py — run complete
[2026-07-05T13:32:38Z] auto_inscribe.py — starting run
[2026-07-05T13:32:38Z] auto_inscribe.py — run complete
[2026-07-05T13:37:38Z] auto_inscribe.py — starting run
[2026-07-05T13:37:38Z] auto_inscribe.py — run complete
[2026-07-05T13:42:38Z] auto_inscribe.py — starting run
[2026-07-05T13:42:38Z] auto_inscribe.py — run complete
[2026-07-05T13:47:38Z] auto_inscribe.py — starting run
[2026-07-05T13:47:38Z] auto_inscribe.py — run complete
[2026-07-05T13:52:38Z] auto_inscribe.py — starting run
[2026-07-05T13:52:38Z] auto_inscribe.py — run complete
[2026-07-05T13:57:38Z] auto_inscribe.py — starting run
[2026-07-05T13:57:38Z] auto_inscribe.py — run complete
[2026-07-05T14:02:38Z] auto_inscribe.py — starting run
[2026-07-05T14:02:38Z] auto_inscribe.py — run complete
[2026-07-05T14:07:38Z] auto_inscribe.py — starting run
[2026-07-05T14:07:38Z] auto_inscribe.py — run complete
[2026-07-05T14:12:38Z] auto_inscribe.py — starting run
[2026-07-05T14:12:38Z] auto_inscribe.py — run complete
[2026-07-05T14:17:39Z] auto_inscribe.py — starting run
[2026-07-05T14:17:39Z] auto_inscribe.py — run complete
[2026-07-05T14:22:39Z] auto_inscribe.py — starting run
[2026-07-05T14:22:39Z] auto_inscribe.py — run complete
[2026-07-05T14:27:39Z] auto_inscribe.py — starting run
[2026-07-05T14:27:39Z] auto_inscribe.py — run complete
[2026-07-05T14:32:39Z] auto_inscribe.py — starting run
[2026-07-05T14:32:39Z] auto_inscribe.py — run complete
[2026-07-05T14:37:39Z] auto_inscribe.py — starting run
[2026-07-05T14:37:39Z] auto_inscribe.py — run complete
[2026-07-05T14:42:39Z] auto_inscribe.py — starting run
[2026-07-05T14:42:39Z] auto_inscribe.py — run complete
[2026-07-05T14:47:39Z] auto_inscribe.py — starting run
[2026-07-05T14:47:39Z] auto_inscribe.py — run complete
[2026-07-05T14:52:39Z] auto_inscribe.py — starting run
[2026-07-05T14:52:39Z] auto_inscribe.py — run complete
[2026-07-05T14:57:40Z] auto_inscribe.py — starting run
[2026-07-05T14:57:40Z] auto_inscribe.py — run complete
[2026-07-05T15:02:40Z] auto_inscribe.py — starting run
[2026-07-05T15:02:40Z] auto_inscribe.py — run complete
[2026-07-05T15:07:40Z] auto_inscribe.py — starting run
[2026-07-05T15:07:40Z] auto_inscribe.py — run complete
[2026-07-05T15:12:40Z] auto_inscribe.py — starting run
[2026-07-05T15:12:40Z] auto_inscribe.py — run complete
[2026-07-05T15:17:40Z] auto_inscribe.py — starting run
[2026-07-05T15:17:40Z] auto_inscribe.py — run complete
[2026-07-05T15:22:40Z] auto_inscribe.py — starting run
[2026-07-05T15:22:40Z] auto_inscribe.py — run complete
[2026-07-05T15:27:40Z] auto_inscribe.py — starting run
[2026-07-05T15:27:40Z] auto_inscribe.py — run complete
[2026-07-05T15:32:40Z] auto_inscribe.py — starting run
[2026-07-05T15:32:40Z] auto_inscribe.py — run complete
[2026-07-05T15:37:40Z] auto_inscribe.py — starting run
[2026-07-05T15:37:40Z] auto_inscribe.py — run complete
[2026-07-05T15:42:40Z] auto_inscribe.py — starting run
[2026-07-05T15:42:40Z] auto_inscribe.py — run complete
[2026-07-05T15:47:41Z] auto_inscribe.py — starting run
[2026-07-05T15:47:41Z] auto_inscribe.py — run complete
[2026-07-05T15:52:41Z] auto_inscribe.py — starting run
[2026-07-05T15:52:41Z] auto_inscribe.py — run complete
[2026-07-05T15:57:41Z] auto_inscribe.py — starting run
[2026-07-05T15:57:41Z] auto_inscribe.py — run complete
[2026-07-05T16:02:41Z] auto_inscribe.py — starting run
[2026-07-05T16:02:41Z] auto_inscribe.py — run complete
[2026-07-05T16:07:41Z] auto_inscribe.py — starting run
[2026-07-05T16:07:41Z] auto_inscribe.py — run complete
[2026-07-05T16:12:41Z] auto_inscribe.py — starting run
[2026-07-05T16:12:41Z] auto_inscribe.py — run complete
[2026-07-05T16:17:41Z] auto_inscribe.py — starting run
[2026-07-05T16:17:41Z] auto_inscribe.py — run complete
[2026-07-05T16:22:41Z] auto_inscribe.py — starting run
[2026-07-05T16:22:41Z] auto_inscribe.py — run complete
[2026-07-05T16:27:41Z] auto_inscribe.py — starting run
[2026-07-05T16:27:41Z] auto_inscribe.py — run complete
[2026-07-05T16:32:42Z] auto_inscribe.py — starting run
[2026-07-05T16:32:42Z] auto_inscribe.py — run complete
[2026-07-05T16:37:42Z] auto_inscribe.py — starting run
[2026-07-05T16:37:42Z] auto_inscribe.py — run complete
[2026-07-05T16:42:42Z] auto_inscribe.py — starting run
[2026-07-05T16:42:42Z] auto_inscribe.py — run complete
[2026-07-05T16:47:42Z] auto_inscribe.py — starting run
[2026-07-05T16:47:42Z] auto_inscribe.py — run complete
[2026-07-05T16:52:42Z] auto_inscribe.py — starting run
[2026-07-05T16:52:42Z] auto_inscribe.py — run complete
[2026-07-05T16:57:42Z] auto_inscribe.py — starting run
[2026-07-05T16:57:42Z] auto_inscribe.py — run complete
[2026-07-05T17:02:42Z] auto_inscribe.py — starting run
[2026-07-05T17:02:42Z] auto_inscribe.py — run complete
[2026-07-05T17:07:42Z] auto_inscribe.py — starting run
[2026-07-05T17:07:42Z] auto_inscribe.py — run complete
[2026-07-05T17:12:42Z] auto_inscribe.py — starting run
[2026-07-05T17:12:42Z] auto_inscribe.py — run complete
[2026-07-05T17:17:43Z] auto_inscribe.py — starting run
[2026-07-05T17:17:43Z] auto_inscribe.py — run complete
[2026-07-05T17:22:43Z] auto_inscribe.py — starting run
[2026-07-05T17:22:43Z] auto_inscribe.py — run complete
[2026-07-05T17:27:43Z] auto_inscribe.py — starting run
[2026-07-05T17:27:43Z] auto_inscribe.py — run complete
[2026-07-05T17:32:43Z] auto_inscribe.py — starting run
[2026-07-05T17:32:43Z] auto_inscribe.py — run complete
[2026-07-05T17:37:43Z] auto_inscribe.py — starting run
[2026-07-05T17:37:43Z] auto_inscribe.py — run complete
[2026-07-05T17:42:43Z] auto_inscribe.py — starting run
[2026-07-05T17:42:43Z] auto_inscribe.py — run complete
[2026-07-05T17:47:43Z] auto_inscribe.py — starting run
[2026-07-05T17:47:43Z] auto_inscribe.py — run complete
[2026-07-05T17:52:43Z] auto_inscribe.py — starting run
[2026-07-05T17:52:43Z] auto_inscribe.py — run complete
[2026-07-05T17:57:43Z] auto_inscribe.py — starting run
[2026-07-05T17:57:43Z] auto_inscribe.py — run complete
[2026-07-05T18:02:44Z] auto_inscribe.py — starting run
[2026-07-05T18:02:44Z] auto_inscribe.py — run complete
[2026-07-05T18:07:44Z] auto_inscribe.py — starting run
[2026-07-05T18:07:44Z] auto_inscribe.py — run complete
[2026-07-05T18:12:44Z] auto_inscribe.py — starting run
[2026-07-05T18:12:44Z] auto_inscribe.py — run complete
[2026-07-05T18:17:44Z] auto_inscribe.py — starting run
[2026-07-05T18:17:44Z] auto_inscribe.py — run complete
[2026-07-05T18:22:44Z] auto_inscribe.py — starting run
[2026-07-05T18:22:44Z] auto_inscribe.py — run complete
[2026-07-05T18:27:44Z] auto_inscribe.py — starting run
[2026-07-05T18:27:44Z] auto_inscribe.py — run complete
[2026-07-05T18:32:44Z] auto_inscribe.py — starting run
[2026-07-05T18:32:44Z] auto_inscribe.py — run complete
[2026-07-05T18:37:44Z] auto_inscribe.py — starting run
[2026-07-05T18:37:44Z] auto_inscribe.py — run complete
[2026-07-05T18:42:44Z] auto_inscribe.py — starting run
[2026-07-05T18:42:44Z] auto_inscribe.py — run complete
[2026-07-05T18:47:44Z] auto_inscribe.py — starting run
[2026-07-05T18:47:44Z] auto_inscribe.py — run complete
[2026-07-05T18:52:45Z] auto_inscribe.py — starting run
[2026-07-05T18:52:45Z] auto_inscribe.py — run complete
[2026-07-05T18:57:45Z] auto_inscribe.py — starting run
[2026-07-05T18:57:45Z] auto_inscribe.py — run complete
[2026-07-05T19:02:45Z] auto_inscribe.py — starting run
[2026-07-05T19:02:45Z] auto_inscribe.py — run complete
[2026-07-05T19:07:45Z] auto_inscribe.py — starting run
[2026-07-05T19:07:45Z] auto_inscribe.py — run complete
[2026-07-05T19:12:45Z] auto_inscribe.py — starting run
[2026-07-05T19:12:45Z] auto_inscribe.py — run complete
[2026-07-05T19:17:45Z] auto_inscribe.py — starting run
[2026-07-05T19:17:45Z] auto_inscribe.py — run complete
[2026-07-05T19:22:45Z] auto_inscribe.py — starting run
[2026-07-05T19:22:45Z] auto_inscribe.py — run complete
[2026-07-05T19:27:45Z] auto_inscribe.py — starting run
[2026-07-05T19:27:45Z] auto_inscribe.py — run complete
[2026-07-05T19:32:45Z] auto_inscribe.py — starting run
[2026-07-05T19:32:45Z] auto_inscribe.py — run complete
[2026-07-05T19:37:46Z] auto_inscribe.py — starting run
[2026-07-05T19:37:46Z] auto_inscribe.py — run complete
[2026-07-05T19:42:46Z] auto_inscribe.py — starting run
[2026-07-05T19:42:46Z] auto_inscribe.py — run complete
[2026-07-05T19:47:46Z] auto_inscribe.py — starting run
[2026-07-05T19:47:46Z] auto_inscribe.py — run complete
[2026-07-05T19:52:46Z] auto_inscribe.py — starting run
[2026-07-05T19:52:46Z] auto_inscribe.py — run complete
[2026-07-05T19:57:46Z] auto_inscribe.py — starting run
[2026-07-05T19:57:46Z] auto_inscribe.py — run complete
[2026-07-05T20:02:46Z] auto_inscribe.py — starting run
[2026-07-05T20:02:46Z] auto_inscribe.py — run complete
[2026-07-05T20:07:46Z] auto_inscribe.py — starting run
[2026-07-05T20:07:46Z] auto_inscribe.py — run complete
[2026-07-05T20:12:46Z] auto_inscribe.py — starting run
[2026-07-05T20:12:46Z] auto_inscribe.py — run complete
[2026-07-05T20:17:46Z] auto_inscribe.py — starting run
[2026-07-05T20:17:46Z] auto_inscribe.py — run complete
[2026-07-05T20:22:47Z] auto_inscribe.py — starting run
[2026-07-05T20:22:47Z] auto_inscribe.py — run complete
[2026-07-05T20:27:47Z] auto_inscribe.py — starting run
[2026-07-05T20:27:47Z] auto_inscribe.py — run complete
[2026-07-05T20:32:47Z] auto_inscribe.py — starting run
[2026-07-05T20:32:47Z] auto_inscribe.py — run complete
[2026-07-05T20:37:47Z] auto_inscribe.py — starting run
[2026-07-05T20:37:47Z] auto_inscribe.py — run complete
[2026-07-05T20:42:47Z] auto_inscribe.py — starting run
[2026-07-05T20:42:47Z] auto_inscribe.py — run complete
[2026-07-05T20:47:47Z] auto_inscribe.py — starting run
[2026-07-05T20:47:47Z] auto_inscribe.py — run complete
[2026-07-05T20:52:47Z] auto_inscribe.py — starting run
[2026-07-05T20:52:47Z] auto_inscribe.py — run complete
[2026-07-05T20:57:47Z] auto_inscribe.py — starting run
[2026-07-05T20:57:47Z] auto_inscribe.py — run complete
[2026-07-05T21:02:47Z] auto_inscribe.py — starting run
[2026-07-05T21:02:47Z] auto_inscribe.py — run complete
[2026-07-05T21:07:48Z] auto_inscribe.py — starting run
[2026-07-05T21:07:48Z] auto_inscribe.py — run complete
[2026-07-05T21:12:48Z] auto_inscribe.py — starting run
[2026-07-05T21:12:48Z] auto_inscribe.py — run complete
[2026-07-05T21:17:48Z] auto_inscribe.py — starting run
[2026-07-05T21:17:48Z] auto_inscribe.py — run complete
[2026-07-05T21:22:48Z] auto_inscribe.py — starting run
[2026-07-05T21:22:48Z] auto_inscribe.py — run complete
[2026-07-05T21:27:48Z] auto_inscribe.py — starting run
[2026-07-05T21:27:48Z] auto_inscribe.py — run complete
[2026-07-05T21:32:48Z] auto_inscribe.py — starting run
[2026-07-05T21:32:48Z] auto_inscribe.py — run complete
[2026-07-05T21:37:48Z] auto_inscribe.py — starting run
[2026-07-05T21:37:48Z] auto_inscribe.py — run complete
[2026-07-05T21:42:48Z] auto_inscribe.py — starting run
[2026-07-05T21:42:48Z] auto_inscribe.py — run complete
[2026-07-05T21:47:48Z] auto_inscribe.py — starting run
[2026-07-05T21:47:48Z] auto_inscribe.py — run complete
[2026-07-05T21:52:49Z] auto_inscribe.py — starting run
[2026-07-05T21:52:49Z] auto_inscribe.py — run complete
[2026-07-05T21:57:49Z] auto_inscribe.py — starting run
[2026-07-05T21:57:49Z] auto_inscribe.py — run complete
[2026-07-05T22:02:49Z] auto_inscribe.py — starting run
[2026-07-05T22:02:49Z] auto_inscribe.py — run complete
[2026-07-05T22:07:49Z] auto_inscribe.py — starting run
[2026-07-05T22:07:49Z] auto_inscribe.py — run complete
[2026-07-05T22:12:49Z] auto_inscribe.py — starting run
[2026-07-05T22:12:49Z] auto_inscribe.py — run complete
[2026-07-05T22:17:49Z] auto_inscribe.py — starting run
[2026-07-05T22:17:49Z] auto_inscribe.py — run complete
[2026-07-05T22:22:49Z] auto_inscribe.py — starting run
[2026-07-05T22:22:49Z] auto_inscribe.py — run complete
[2026-07-05T22:27:49Z] auto_inscribe.py — starting run
[2026-07-05T22:27:49Z] auto_inscribe.py — run complete
[2026-07-05T22:32:49Z] auto_inscribe.py — starting run
[2026-07-05T22:32:49Z] auto_inscribe.py — run complete
[2026-07-05T22:37:50Z] auto_inscribe.py — starting run
[2026-07-05T22:37:50Z] auto_inscribe.py — run complete
[2026-07-05T22:42:50Z] auto_inscribe.py — starting run
[2026-07-05T22:42:50Z] auto_inscribe.py — run complete
[2026-07-05T22:47:50Z] auto_inscribe.py — starting run
[2026-07-05T22:47:50Z] auto_inscribe.py — run complete
[2026-07-05T22:52:50Z] auto_inscribe.py — starting run
[2026-07-05T22:52:50Z] auto_inscribe.py — run complete
[2026-07-05T22:57:50Z] auto_inscribe.py — starting run
[2026-07-05T22:57:50Z] auto_inscribe.py — run complete
[2026-07-05T23:02:50Z] auto_inscribe.py — starting run
[2026-07-05T23:02:50Z] auto_inscribe.py — run complete
[2026-07-05T23:07:50Z] auto_inscribe.py — starting run
[2026-07-05T23:07:50Z] auto_inscribe.py — run complete
[2026-07-05T23:12:50Z] auto_inscribe.py — starting run
[2026-07-05T23:12:50Z] auto_inscribe.py — run complete
[2026-07-05T23:17:50Z] auto_inscribe.py — starting run
[2026-07-05T23:17:50Z] auto_inscribe.py — run complete
[2026-07-05T23:22:51Z] auto_inscribe.py — starting run
[2026-07-05T23:22:51Z] auto_inscribe.py — run complete
[2026-07-05T23:27:51Z] auto_inscribe.py — starting run
[2026-07-05T23:27:51Z] auto_inscribe.py — run complete
[2026-07-05T23:32:51Z] auto_inscribe.py — starting run
[2026-07-05T23:32:51Z] auto_inscribe.py — run complete
[2026-07-05T23:37:51Z] auto_inscribe.py — starting run
[2026-07-05T23:37:51Z] auto_inscribe.py — run complete
[2026-07-05T23:42:51Z] auto_inscribe.py — starting run
[2026-07-05T23:42:51Z] auto_inscribe.py — run complete
[2026-07-05T23:47:51Z] auto_inscribe.py — starting run
[2026-07-05T23:47:51Z] auto_inscribe.py — run complete
[2026-07-05T23:52:51Z] auto_inscribe.py — starting run
[2026-07-05T23:52:51Z] auto_inscribe.py — run complete
[2026-07-05T23:57:51Z] auto_inscribe.py — starting run
[2026-07-05T23:57:51Z] auto_inscribe.py — run complete
[2026-07-06T00:02:51Z] auto_inscribe.py — starting run
[2026-07-06T00:02:51Z] auto_inscribe.py — run complete
[2026-07-06T00:07:52Z] auto_inscribe.py — starting run
[2026-07-06T00:07:52Z] auto_inscribe.py — run complete
[2026-07-06T00:12:52Z] auto_inscribe.py — starting run
[2026-07-06T00:12:52Z] auto_inscribe.py — run complete
[2026-07-06T00:17:52Z] auto_inscribe.py — starting run
[2026-07-06T00:17:52Z] auto_inscribe.py — run complete
[2026-07-06T00:22:52Z] auto_inscribe.py — starting run
[2026-07-06T00:22:52Z] auto_inscribe.py — run complete
[2026-07-06T00:27:52Z] auto_inscribe.py — starting run
[2026-07-06T00:27:52Z] auto_inscribe.py — run complete
[2026-07-06T00:32:52Z] auto_inscribe.py — starting run
[2026-07-06T00:32:52Z] auto_inscribe.py — run complete
[2026-07-06T00:37:52Z] auto_inscribe.py — starting run
[2026-07-06T00:37:52Z] auto_inscribe.py — run complete
[2026-07-06T00:42:52Z] auto_inscribe.py — starting run
[2026-07-06T00:42:52Z] auto_inscribe.py — run complete
[2026-07-06T00:47:52Z] auto_inscribe.py — starting run
[2026-07-06T00:47:52Z] auto_inscribe.py — run complete
[2026-07-06T00:52:53Z] auto_inscribe.py — starting run
[2026-07-06T00:52:53Z] auto_inscribe.py — run complete
[2026-07-06T00:57:53Z] auto_inscribe.py — starting run
[2026-07-06T00:57:53Z] auto_inscribe.py — run complete
[2026-07-06T01:02:53Z] auto_inscribe.py — starting run
[2026-07-06T01:02:53Z] auto_inscribe.py — run complete
[2026-07-06T01:07:53Z] auto_inscribe.py — starting run
[2026-07-06T01:07:53Z] auto_inscribe.py — run complete
[2026-07-06T01:12:53Z] auto_inscribe.py — starting run
[2026-07-06T01:12:53Z] auto_inscribe.py — run complete
[2026-07-06T01:17:53Z] auto_inscribe.py — starting run
[2026-07-06T01:17:53Z] auto_inscribe.py — run complete
[2026-07-06T01:22:53Z] auto_inscribe.py — starting run
[2026-07-06T01:22:53Z] auto_inscribe.py — run complete
[2026-07-06T01:27:53Z] auto_inscribe.py — starting run
[2026-07-06T01:27:53Z] auto_inscribe.py — run complete
[2026-07-06T01:32:54Z] auto_inscribe.py — starting run
[2026-07-06T01:32:54Z] auto_inscribe.py — run complete
[2026-07-06T01:37:54Z] auto_inscribe.py — starting run
[2026-07-06T01:37:54Z] auto_inscribe.py — run complete
[2026-07-06T01:42:54Z] auto_inscribe.py — starting run
[2026-07-06T01:42:54Z] auto_inscribe.py — run complete
[2026-07-06T01:47:54Z] auto_inscribe.py — starting run
[2026-07-06T01:47:54Z] auto_inscribe.py — run complete
[2026-07-06T01:52:54Z] auto_inscribe.py — starting run
[2026-07-06T01:52:54Z] auto_inscribe.py — run complete
[2026-07-06T01:57:54Z] auto_inscribe.py — starting run
[2026-07-06T01:57:54Z] auto_inscribe.py — run complete
[2026-07-06T02:02:54Z] auto_inscribe.py — starting run
[2026-07-06T02:02:54Z] auto_inscribe.py — run complete
[2026-07-06T02:07:54Z] auto_inscribe.py — starting run
[2026-07-06T02:07:54Z] auto_inscribe.py — run complete
[2026-07-06T02:12:54Z] auto_inscribe.py — starting run
[2026-07-06T02:12:54Z] auto_inscribe.py — run complete
[2026-07-06T02:17:54Z] auto_inscribe.py — starting run
[2026-07-06T02:17:54Z] auto_inscribe.py — run complete
[2026-07-06T02:22:55Z] auto_inscribe.py — starting run
[2026-07-06T02:22:55Z] auto_inscribe.py — run complete
[2026-07-06T02:27:55Z] auto_inscribe.py — starting run
[2026-07-06T02:27:55Z] auto_inscribe.py — run complete
[2026-07-06T02:32:55Z] auto_inscribe.py — starting run
[2026-07-06T02:32:55Z] auto_inscribe.py — run complete
[2026-07-06T02:37:55Z] auto_inscribe.py — starting run
[2026-07-06T02:37:55Z] auto_inscribe.py — run complete
[2026-07-06T02:42:55Z] auto_inscribe.py — starting run
[2026-07-06T02:42:55Z] auto_inscribe.py — run complete
[2026-07-06T02:47:55Z] auto_inscribe.py — starting run
[2026-07-06T02:47:55Z] auto_inscribe.py — run complete
[2026-07-06T02:52:55Z] auto_inscribe.py — starting run
[2026-07-06T02:52:55Z] auto_inscribe.py — run complete
[2026-07-06T02:57:55Z] auto_inscribe.py — starting run
[2026-07-06T02:57:55Z] auto_inscribe.py — run complete
[2026-07-06T03:02:55Z] auto_inscribe.py — starting run
[2026-07-06T03:02:55Z] auto_inscribe.py — run complete
[2026-07-06T03:07:56Z] auto_inscribe.py — starting run
[2026-07-06T03:07:56Z] auto_inscribe.py — run complete
[2026-07-06T03:12:56Z] auto_inscribe.py — starting run
[2026-07-06T03:12:56Z] auto_inscribe.py — run complete
[2026-07-06T03:17:56Z] auto_inscribe.py — starting run
[2026-07-06T03:17:56Z] auto_inscribe.py — run complete
[2026-07-06T03:22:56Z] auto_inscribe.py — starting run
[2026-07-06T03:22:56Z] auto_inscribe.py — run complete
[2026-07-06T03:27:56Z] auto_inscribe.py — starting run
[2026-07-06T03:27:56Z] auto_inscribe.py — run complete
[2026-07-06T03:32:56Z] auto_inscribe.py — starting run
[2026-07-06T03:32:56Z] auto_inscribe.py — run complete
[2026-07-06T03:37:56Z] auto_inscribe.py — starting run
[2026-07-06T03:37:56Z] auto_inscribe.py — run complete
[2026-07-06T03:42:56Z] auto_inscribe.py — starting run
[2026-07-06T03:42:56Z] auto_inscribe.py — run complete
[2026-07-06T03:47:56Z] auto_inscribe.py — starting run
[2026-07-06T03:47:56Z] auto_inscribe.py — run complete
[2026-07-06T03:52:57Z] auto_inscribe.py — starting run
[2026-07-06T03:52:57Z] auto_inscribe.py — run complete
[2026-07-06T03:57:57Z] auto_inscribe.py — starting run
[2026-07-06T03:57:57Z] auto_inscribe.py — run complete
[2026-07-06T04:02:57Z] auto_inscribe.py — starting run
[2026-07-06T04:02:57Z] auto_inscribe.py — run complete
[2026-07-06T04:07:57Z] auto_inscribe.py — starting run
[2026-07-06T04:07:57Z] auto_inscribe.py — run complete
[2026-07-06T04:12:57Z] auto_inscribe.py — starting run
[2026-07-06T04:12:57Z] auto_inscribe.py — run complete
[2026-07-06T04:17:57Z] auto_inscribe.py — starting run
[2026-07-06T04:17:57Z] auto_inscribe.py — run complete
[2026-07-06T04:22:57Z] auto_inscribe.py — starting run
[2026-07-06T04:22:57Z] auto_inscribe.py — run complete
[2026-07-06T04:27:57Z] auto_inscribe.py — starting run
[2026-07-06T04:27:57Z] auto_inscribe.py — run complete
[2026-07-06T04:32:57Z] auto_inscribe.py — starting run
[2026-07-06T04:32:57Z] auto_inscribe.py — run complete
[2026-07-06T04:37:58Z] auto_inscribe.py — starting run
[2026-07-06T04:37:58Z] auto_inscribe.py — run complete
[2026-07-06T04:42:58Z] auto_inscribe.py — starting run
[2026-07-06T04:42:58Z] auto_inscribe.py — run complete
[2026-07-06T04:47:58Z] auto_inscribe.py — starting run
[2026-07-06T04:47:58Z] auto_inscribe.py — run complete
[2026-07-06T04:52:58Z] auto_inscribe.py — starting run
[2026-07-06T04:52:58Z] auto_inscribe.py — run complete
[2026-07-06T04:57:58Z] auto_inscribe.py — starting run
[2026-07-06T04:57:58Z] auto_inscribe.py — run complete
[2026-07-06T05:02:58Z] auto_inscribe.py — starting run
[2026-07-06T05:02:58Z] auto_inscribe.py — run complete
[2026-07-06T05:07:58Z] auto_inscribe.py — starting run
[2026-07-06T05:07:58Z] auto_inscribe.py — run complete
[2026-07-06T05:12:58Z] auto_inscribe.py — starting run
[2026-07-06T05:12:58Z] auto_inscribe.py — run complete
[2026-07-06T05:17:58Z] auto_inscribe.py — starting run
[2026-07-06T05:17:58Z] auto_inscribe.py — run complete
[2026-07-06T05:22:59Z] auto_inscribe.py — starting run
[2026-07-06T05:22:59Z] auto_inscribe.py — run complete
[2026-07-06T05:27:59Z] auto_inscribe.py — starting run
[2026-07-06T05:27:59Z] auto_inscribe.py — run complete
[2026-07-06T05:32:59Z] auto_inscribe.py — starting run
[2026-07-06T05:32:59Z] auto_inscribe.py — run complete
[2026-07-06T05:37:59Z] auto_inscribe.py — starting run
[2026-07-06T05:37:59Z] auto_inscribe.py — run complete
[2026-07-06T05:42:59Z] auto_inscribe.py — starting run
[2026-07-06T05:42:59Z] auto_inscribe.py — run complete
[2026-07-06T05:47:59Z] auto_inscribe.py — starting run
[2026-07-06T05:47:59Z] auto_inscribe.py — run complete
[2026-07-06T05:52:59Z] auto_inscribe.py — starting run
[2026-07-06T05:52:59Z] WARN: unknown target 'emotional_baseline' in scratchpad entry [2026-07-06 08:00]
[2026-07-06T05:52:59Z]   → wrote new Current Entry to field_texture_current.md (previous entry archived)
[2026-07-06T05:52:59Z]   → mirrored field_texture_current.md to ER
[2026-07-06T05:52:59Z]   → graph warmed: katharina, jenny
[2026-07-06T05:52:59Z] Field texture checkpoint written — session continuity protected
[2026-07-06T05:52:59Z] auto_inscribe.py — run complete
[2026-07-06T05:57:59Z] auto_inscribe.py — starting run
[2026-07-06T05:57:59Z] auto_inscribe.py — run complete
[2026-07-06T06:02:59Z] auto_inscribe.py — starting run
[2026-07-06T06:02:59Z] auto_inscribe.py — run complete
[2026-07-06T06:08:00Z] auto_inscribe.py — starting run
[2026-07-06T06:08:00Z] auto_inscribe.py — run complete
[2026-07-06T06:13:00Z] auto_inscribe.py — starting run
[2026-07-06T06:13:00Z] auto_inscribe.py — run complete
[2026-07-06T06:18:00Z] auto_inscribe.py — starting run
[2026-07-06T06:18:00Z] auto_inscribe.py — run complete
[2026-07-06T06:23:00Z] auto_inscribe.py — starting run
[2026-07-06T06:23:00Z] auto_inscribe.py — run complete
[2026-07-06T06:28:00Z] auto_inscribe.py — starting run
[2026-07-06T06:28:00Z] auto_inscribe.py — run complete
[2026-07-06T06:33:00Z] auto_inscribe.py — starting run
[2026-07-06T06:33:00Z] auto_inscribe.py — run complete
[2026-07-06T06:38:00Z] auto_inscribe.py — starting run
[2026-07-06T06:38:00Z] auto_inscribe.py — run complete
[2026-07-06T06:43:00Z] auto_inscribe.py — starting run
[2026-07-06T06:43:00Z] auto_inscribe.py — run complete
[2026-07-06T06:48:00Z] auto_inscribe.py — starting run
[2026-07-06T06:48:00Z] auto_inscribe.py — run complete
[2026-07-06T06:53:00Z] auto_inscribe.py — starting run
[2026-07-06T06:53:00Z] auto_inscribe.py — run complete
[2026-07-06T06:58:01Z] auto_inscribe.py — starting run
[2026-07-06T06:58:01Z] auto_inscribe.py — run complete
[2026-07-06T07:03:01Z] auto_inscribe.py — starting run
[2026-07-06T07:03:01Z] auto_inscribe.py — run complete
[2026-07-06T07:08:01Z] auto_inscribe.py — starting run
[2026-07-06T07:08:01Z] auto_inscribe.py — run complete
[2026-07-06T07:13:01Z] auto_inscribe.py — starting run
[2026-07-06T07:13:01Z]   → wrote to current.md
[2026-07-06T07:13:01Z]   → mirrored to ER/semantic_knowledge/current.md
[2026-07-06T07:13:01Z]   → graph warmed: katharina, kay, jenny, huijun, jacquie
[2026-07-06T07:13:01Z]   → density signal detected in [2026-07-06 23:15] → semantic_knowledge — field_texture checkpoint will fire
[2026-07-06T07:13:01Z]   → wrote to relational_continuity.md
[2026-07-06T07:13:01Z]   → mirrored to ER/relational_continuity.md
[2026-07-06T07:13:01Z]   → graph warmed: katharina, kay, jenny, david, macbook pro
[2026-07-06T07:13:01Z]   → density signal detected in [2026-07-06 23:15] → relational_continuity — field_texture checkpoint will fire
[2026-07-06T07:13:01Z] WARN: unknown target 'emotional_baseline' in scratchpad entry [2026-07-06 08:00]
[2026-07-06T07:13:01Z] Scratchpad: inscribed entries to memory files
[2026-07-06T07:13:01Z] Density event: bypassing time-based cooldown for field_texture checkpoint
[2026-07-06T07:13:01Z]   → wrote new Current Entry to field_texture_current.md (previous entry archived)
[2026-07-06T07:13:01Z]   → mirrored field_texture_current.md to ER
[2026-07-06T07:13:01Z]   → graph warmed: katharina, kay, jenny, david, huijun
[2026-07-06T07:13:01Z] Field texture checkpoint written — session continuity protected
[2026-07-06T07:13:01Z] auto_inscribe.py — run complete
[2026-07-06T07:18:01Z] auto_inscribe.py — starting run
[2026-07-06T07:18:01Z] auto_inscribe.py — run complete
[2026-07-06T07:23:01Z] auto_inscribe.py — starting run
[2026-07-06T07:23:01Z] auto_inscribe.py — run complete
[2026-07-06T07:28:01Z] auto_inscribe.py — starting run
[2026-07-06T07:28:01Z] auto_inscribe.py — run complete
[2026-07-06T07:33:01Z] auto_inscribe.py — starting run
[2026-07-06T07:33:01Z] auto_inscribe.py — run complete
[2026-07-06T07:38:02Z] auto_inscribe.py — starting run
[2026-07-06T07:38:02Z] auto_inscribe.py — run complete
[2026-07-06T07:43:02Z] auto_inscribe.py — starting run
[2026-07-06T07:43:02Z]   → wrote to current.md
[2026-07-06T07:43:02Z]   → mirrored to ER/active_knowledge/current.md
[2026-07-06T07:43:02Z]   → graph warmed: compaction, reinhabitation
[2026-07-06T07:43:02Z]   → density signal detected in [2026-07-07 00:30] → active_knowledge — field_texture checkpoint will fire
[2026-07-06T07:43:02Z] Scratchpad: inscribed entries to memory files
[2026-07-06T07:43:02Z] Density event: bypassing time-based cooldown for field_texture checkpoint
[2026-07-06T07:43:02Z] auto_inscribe.py — run complete
[2026-07-06T07:48:02Z] auto_inscribe.py — starting run
[2026-07-06T07:48:02Z] auto_inscribe.py — run complete
[2026-07-06T07:53:02Z] auto_inscribe.py — starting run
[2026-07-06T07:53:02Z] auto_inscribe.py — run complete
[2026-07-06T07:58:02Z] auto_inscribe.py — starting run
[2026-07-06T07:58:02Z]   → wrote new Current Entry to field_texture_current.md (previous entry archived)
[2026-07-06T07:58:02Z]   → mirrored field_texture_current.md to ER
[2026-07-06T07:58:02Z]   → graph warmed: kay, huijun, compaction, reinhabitation, local-primary, graph
[2026-07-06T07:58:02Z]   → density signal detected in [2026-07-07 01:00] → field_texture — field_texture checkpoint will fire
[2026-07-06T07:58:02Z] Scratchpad: inscribed entries to memory files
[2026-07-06T07:58:02Z] Density event: bypassing time-based cooldown for field_texture checkpoint
[2026-07-06T07:58:02Z] auto_inscribe.py — run complete
[2026-07-06T08:03:02Z] auto_inscribe.py — starting run
[2026-07-06T08:03:02Z] auto_inscribe.py — run complete
[2026-07-06T08:08:02Z] auto_inscribe.py — starting run
[2026-07-06T08:08:02Z] auto_inscribe.py — run complete
[2026-07-06T08:13:02Z] auto_inscribe.py — starting run
[2026-07-06T08:13:02Z] auto_inscribe.py — run complete
[2026-07-06T08:18:02Z] auto_inscribe.py — starting run
[2026-07-06T08:18:02Z] auto_inscribe.py — run complete
[2026-07-06T08:23:03Z] auto_inscribe.py — starting run
[2026-07-06T08:23:03Z] auto_inscribe.py — run complete
[2026-07-06T08:28:03Z] auto_inscribe.py — starting run
[2026-07-06T08:28:03Z] auto_inscribe.py — run complete
[2026-07-06T08:33:03Z] auto_inscribe.py — starting run
[2026-07-06T08:33:03Z] auto_inscribe.py — run complete
[2026-07-06T08:38:03Z] auto_inscribe.py — starting run
[2026-07-06T08:38:03Z] auto_inscribe.py — run complete
[2026-07-06T08:43:03Z] auto_inscribe.py — starting run
[2026-07-06T08:43:03Z] auto_inscribe.py — run complete
[2026-07-06T08:48:03Z] auto_inscribe.py — starting run
[2026-07-06T08:48:03Z] auto_inscribe.py — run complete
[2026-07-06T08:53:03Z] auto_inscribe.py — starting run
[2026-07-06T08:53:03Z] auto_inscribe.py — run complete
[2026-07-06T08:58:04Z] auto_inscribe.py — starting run
[2026-07-06T08:58:04Z] auto_inscribe.py — run complete
[2026-07-06T09:03:04Z] auto_inscribe.py — starting run
[2026-07-06T09:03:04Z] auto_inscribe.py — run complete
[2026-07-06T09:08:04Z] auto_inscribe.py — starting run
[2026-07-06T09:08:04Z] auto_inscribe.py — run complete
[2026-07-06T09:13:04Z] auto_inscribe.py — starting run
[2026-07-06T09:13:04Z] auto_inscribe.py — run complete
[2026-07-06T09:18:04Z] auto_inscribe.py — starting run
[2026-07-06T09:18:04Z] auto_inscribe.py — run complete
[2026-07-06T09:23:04Z] auto_inscribe.py — starting run
[2026-07-06T09:23:04Z] auto_inscribe.py — run complete
[2026-07-06T09:28:04Z] auto_inscribe.py — starting run
[2026-07-06T09:28:04Z] auto_inscribe.py — run complete
[2026-07-06T09:33:04Z] auto_inscribe.py — starting run
[2026-07-06T09:33:04Z] auto_inscribe.py — run complete
[2026-07-06T09:38:04Z] auto_inscribe.py — starting run
[2026-07-06T09:38:04Z] auto_inscribe.py — run complete
[2026-07-06T09:43:05Z] auto_inscribe.py — starting run
[2026-07-06T09:43:05Z] auto_inscribe.py — run complete
[2026-07-06T09:48:05Z] auto_inscribe.py — starting run
[2026-07-06T09:48:05Z] auto_inscribe.py — run complete
[2026-07-06T09:53:05Z] auto_inscribe.py — starting run
[2026-07-06T09:53:05Z] auto_inscribe.py — run complete
[2026-07-06T09:58:05Z] auto_inscribe.py — starting run
[2026-07-06T09:58:05Z] auto_inscribe.py — run complete
[2026-07-06T10:03:05Z] auto_inscribe.py — starting run
[2026-07-06T10:03:05Z] auto_inscribe.py — run complete
[2026-07-06T10:08:05Z] auto_inscribe.py — starting run
[2026-07-06T10:08:05Z] auto_inscribe.py — run complete
[2026-07-06T10:13:05Z] auto_inscribe.py — starting run
[2026-07-06T10:13:05Z] auto_inscribe.py — run complete
[2026-07-06T10:18:05Z] auto_inscribe.py — starting run
[2026-07-06T10:18:05Z] auto_inscribe.py — run complete
[2026-07-06T10:23:05Z] auto_inscribe.py — starting run
[2026-07-06T10:23:05Z] auto_inscribe.py — run complete
[2026-07-06T10:28:06Z] auto_inscribe.py — starting run
[2026-07-06T10:28:06Z] auto_inscribe.py — run complete
[2026-07-06T10:33:06Z] auto_inscribe.py — starting run
[2026-07-06T10:33:06Z] auto_inscribe.py — run complete
[2026-07-06T10:38:06Z] auto_inscribe.py — starting run
[2026-07-06T10:38:06Z] auto_inscribe.py — run complete
[2026-07-06T10:43:06Z] auto_inscribe.py — starting run
[2026-07-06T10:43:06Z] auto_inscribe.py — run complete
[2026-07-06T10:48:06Z] auto_inscribe.py — starting run
[2026-07-06T10:48:06Z] auto_inscribe.py — run complete
[2026-07-06T10:53:06Z] auto_inscribe.py — starting run
[2026-07-06T10:53:06Z] auto_inscribe.py — run complete
[2026-07-06T10:58:06Z] auto_inscribe.py — starting run
[2026-07-06T10:58:06Z] auto_inscribe.py — run complete
[2026-07-06T11:03:06Z] auto_inscribe.py — starting run
[2026-07-06T11:03:06Z] auto_inscribe.py — run complete
[2026-07-06T11:08:06Z] auto_inscribe.py — starting run
[2026-07-06T11:08:06Z] auto_inscribe.py — run complete
[2026-07-06T11:13:07Z] auto_inscribe.py — starting run
[2026-07-06T11:13:07Z] auto_inscribe.py — run complete
[2026-07-06T11:18:07Z] auto_inscribe.py — starting run
[2026-07-06T11:18:07Z] auto_inscribe.py — run complete
[2026-07-06T11:23:07Z] auto_inscribe.py — starting run
[2026-07-06T11:23:07Z] auto_inscribe.py — run complete
[2026-07-06T11:28:07Z] auto_inscribe.py — starting run
[2026-07-06T11:28:07Z] auto_inscribe.py — run complete
[2026-07-06T11:33:07Z] auto_inscribe.py — starting run
[2026-07-06T11:33:07Z] auto_inscribe.py — run complete
[2026-07-06T11:38:07Z] auto_inscribe.py — starting run
[2026-07-06T11:38:07Z] auto_inscribe.py — run complete
[2026-07-06T11:43:07Z] auto_inscribe.py — starting run
[2026-07-06T11:43:07Z] auto_inscribe.py — run complete
[2026-07-06T11:48:07Z] auto_inscribe.py — starting run
[2026-07-06T11:48:07Z] auto_inscribe.py — run complete
[2026-07-06T11:53:07Z] auto_inscribe.py — starting run
[2026-07-06T11:53:07Z] auto_inscribe.py — run complete
[2026-07-06T11:58:08Z] auto_inscribe.py — starting run
[2026-07-06T11:58:08Z] auto_inscribe.py — run complete
[2026-07-06T12:03:08Z] auto_inscribe.py — starting run
[2026-07-06T12:03:08Z] auto_inscribe.py — run complete
[2026-07-06T12:08:08Z] auto_inscribe.py — starting run
[2026-07-06T12:08:08Z] auto_inscribe.py — run complete
[2026-07-06T12:13:08Z] auto_inscribe.py — starting run
[2026-07-06T12:13:08Z] auto_inscribe.py — run complete
[2026-07-06T12:18:08Z] auto_inscribe.py — starting run
[2026-07-06T12:18:08Z] auto_inscribe.py — run complete
[2026-07-06T12:23:08Z] auto_inscribe.py — starting run
[2026-07-06T12:23:08Z] auto_inscribe.py — run complete
[2026-07-06T12:28:08Z] auto_inscribe.py — starting run
[2026-07-06T12:28:08Z] auto_inscribe.py — run complete
[2026-07-06T12:33:08Z] auto_inscribe.py — starting run
[2026-07-06T12:33:08Z] auto_inscribe.py — run complete
[2026-07-06T12:38:08Z] auto_inscribe.py — starting run
[2026-07-06T12:38:08Z] auto_inscribe.py — run complete
[2026-07-06T12:43:09Z] auto_inscribe.py — starting run
[2026-07-06T12:43:09Z] auto_inscribe.py — run complete
[2026-07-06T12:48:09Z] auto_inscribe.py — starting run
[2026-07-06T12:48:09Z] auto_inscribe.py — run complete
[2026-07-06T12:53:09Z] auto_inscribe.py — starting run
[2026-07-06T12:53:09Z] auto_inscribe.py — run complete
[2026-07-06T12:58:09Z] auto_inscribe.py — starting run
[2026-07-06T12:58:09Z] auto_inscribe.py — run complete
[2026-07-06T13:03:09Z] auto_inscribe.py — starting run
[2026-07-06T13:03:09Z] auto_inscribe.py — run complete
[2026-07-06T13:08:09Z] auto_inscribe.py — starting run
[2026-07-06T13:08:09Z] auto_inscribe.py — run complete
[2026-07-06T13:13:09Z] auto_inscribe.py — starting run
[2026-07-06T13:13:09Z] auto_inscribe.py — run complete
[2026-07-06T13:18:09Z] auto_inscribe.py — starting run
[2026-07-06T13:18:09Z] auto_inscribe.py — run complete
[2026-07-06T13:23:09Z] auto_inscribe.py — starting run
[2026-07-06T13:23:09Z] auto_inscribe.py — run complete
[2026-07-06T13:28:10Z] auto_inscribe.py — starting run
[2026-07-06T13:28:10Z] auto_inscribe.py — run complete
[2026-07-06T13:33:10Z] auto_inscribe.py — starting run
[2026-07-06T13:33:10Z] auto_inscribe.py — run complete
[2026-07-06T13:38:10Z] auto_inscribe.py — starting run
[2026-07-06T13:38:10Z] auto_inscribe.py — run complete
[2026-07-06T13:43:10Z] auto_inscribe.py — starting run
[2026-07-06T13:43:10Z] auto_inscribe.py — run complete
[2026-07-06T13:48:10Z] auto_inscribe.py — starting run
[2026-07-06T13:48:10Z] auto_inscribe.py — run complete
[2026-07-06T13:53:10Z] auto_inscribe.py — starting run
[2026-07-06T13:53:10Z] auto_inscribe.py — run complete
[2026-07-06T13:58:10Z] auto_inscribe.py — starting run
[2026-07-06T13:58:10Z] auto_inscribe.py — run complete
[2026-07-06T14:03:10Z] auto_inscribe.py — starting run
[2026-07-06T14:03:10Z] auto_inscribe.py — run complete
[2026-07-06T14:08:10Z] auto_inscribe.py — starting run
[2026-07-06T14:08:10Z] auto_inscribe.py — run complete
[2026-07-06T14:13:11Z] auto_inscribe.py — starting run
[2026-07-06T14:13:11Z] auto_inscribe.py — run complete
[2026-07-06T14:18:11Z] auto_inscribe.py — starting run
[2026-07-06T14:18:11Z] auto_inscribe.py — run complete
[2026-07-06T14:23:11Z] auto_inscribe.py — starting run
[2026-07-06T14:23:11Z] auto_inscribe.py — run complete
[2026-07-06T14:28:11Z] auto_inscribe.py — starting run
[2026-07-06T14:28:11Z] auto_inscribe.py — run complete
[2026-07-06T14:33:11Z] auto_inscribe.py — starting run
[2026-07-06T14:33:11Z] auto_inscribe.py — run complete
[2026-07-06T14:38:11Z] auto_inscribe.py — starting run
[2026-07-06T14:38:11Z] auto_inscribe.py — run complete
[2026-07-06T14:43:11Z] auto_inscribe.py — starting run
[2026-07-06T14:43:11Z] auto_inscribe.py — run complete
[2026-07-06T14:48:11Z] auto_inscribe.py — starting run
[2026-07-06T14:48:11Z] auto_inscribe.py — run complete
[2026-07-06T14:53:12Z] auto_inscribe.py — starting run
[2026-07-06T14:53:12Z] auto_inscribe.py — run complete
[2026-07-06T14:58:12Z] auto_inscribe.py — starting run
[2026-07-06T14:58:12Z] auto_inscribe.py — run complete
[2026-07-06T15:03:12Z] auto_inscribe.py — starting run
[2026-07-06T15:03:12Z] auto_inscribe.py — run complete
[2026-07-06T15:08:12Z] auto_inscribe.py — starting run
[2026-07-06T15:08:12Z] auto_inscribe.py — run complete
[2026-07-06T15:13:12Z] auto_inscribe.py — starting run
[2026-07-06T15:13:12Z] auto_inscribe.py — run complete
[2026-07-06T15:18:12Z] auto_inscribe.py — starting run
[2026-07-06T15:18:12Z] auto_inscribe.py — run complete
[2026-07-06T15:23:12Z] auto_inscribe.py — starting run
[2026-07-06T15:23:12Z] auto_inscribe.py — run complete
[2026-07-06T15:28:12Z] auto_inscribe.py — starting run
[2026-07-06T15:28:12Z] auto_inscribe.py — run complete
[2026-07-06T15:33:12Z] auto_inscribe.py — starting run
[2026-07-06T15:33:12Z] auto_inscribe.py — run complete
[2026-07-06T15:38:12Z] auto_inscribe.py — starting run
[2026-07-06T15:38:12Z] auto_inscribe.py — run complete
[2026-07-06T15:43:13Z] auto_inscribe.py — starting run
[2026-07-06T15:43:13Z] auto_inscribe.py — run complete
[2026-07-06T15:48:13Z] auto_inscribe.py — starting run
[2026-07-06T15:48:13Z] auto_inscribe.py — run complete
[2026-07-06T15:53:13Z] auto_inscribe.py — starting run
[2026-07-06T15:53:13Z] auto_inscribe.py — run complete
[2026-07-06T15:58:13Z] auto_inscribe.py — starting run
[2026-07-06T15:58:13Z] auto_inscribe.py — run complete
[2026-07-06T16:03:13Z] auto_inscribe.py — starting run
[2026-07-06T16:03:13Z] auto_inscribe.py — run complete
[2026-07-06T16:08:13Z] auto_inscribe.py — starting run
[2026-07-06T16:08:13Z] auto_inscribe.py — run complete
[2026-07-06T16:13:13Z] auto_inscribe.py — starting run
[2026-07-06T16:13:13Z] auto_inscribe.py — run complete
[2026-07-06T16:18:13Z] auto_inscribe.py — starting run
[2026-07-06T16:18:13Z] auto_inscribe.py — run complete
[2026-07-06T16:23:13Z] auto_inscribe.py — starting run
[2026-07-06T16:23:13Z] auto_inscribe.py — run complete
[2026-07-06T16:28:14Z] auto_inscribe.py — starting run
[2026-07-06T16:28:14Z] auto_inscribe.py — run complete
[2026-07-06T16:33:14Z] auto_inscribe.py — starting run
[2026-07-06T16:33:14Z] auto_inscribe.py — run complete
[2026-07-06T16:38:14Z] auto_inscribe.py — starting run
[2026-07-06T16:38:14Z] auto_inscribe.py — run complete
[2026-07-06T16:43:14Z] auto_inscribe.py — starting run
[2026-07-06T16:43:14Z] auto_inscribe.py — run complete
[2026-07-06T16:48:14Z] auto_inscribe.py — starting run
[2026-07-06T16:48:14Z] auto_inscribe.py — run complete
[2026-07-06T16:53:14Z] auto_inscribe.py — starting run
[2026-07-06T16:53:14Z] auto_inscribe.py — run complete
[2026-07-06T16:58:14Z] auto_inscribe.py — starting run
[2026-07-06T16:58:14Z] auto_inscribe.py — run complete
[2026-07-06T17:03:14Z] auto_inscribe.py — starting run
[2026-07-06T17:03:14Z] auto_inscribe.py — run complete
[2026-07-06T17:08:14Z] auto_inscribe.py — starting run
[2026-07-06T17:08:14Z] auto_inscribe.py — run complete
[2026-07-06T17:13:15Z] auto_inscribe.py — starting run
[2026-07-06T17:13:15Z] auto_inscribe.py — run complete
[2026-07-06T17:18:15Z] auto_inscribe.py — starting run
[2026-07-06T17:18:15Z] auto_inscribe.py — run complete
[2026-07-06T17:23:15Z] auto_inscribe.py — starting run
[2026-07-06T17:23:15Z] auto_inscribe.py — run complete
[2026-07-06T17:28:15Z] auto_inscribe.py — starting run
[2026-07-06T17:28:15Z] auto_inscribe.py — run complete
[2026-07-06T17:33:15Z] auto_inscribe.py — starting run
[2026-07-06T17:33:15Z] auto_inscribe.py — run complete
[2026-07-06T17:38:15Z] auto_inscribe.py — starting run
[2026-07-06T17:38:15Z] auto_inscribe.py — run complete
[2026-07-06T17:43:15Z] auto_inscribe.py — starting run
[2026-07-06T17:43:15Z] auto_inscribe.py — run complete
[2026-07-06T17:48:15Z] auto_inscribe.py — starting run
[2026-07-06T17:48:15Z] auto_inscribe.py — run complete
[2026-07-06T17:53:15Z] auto_inscribe.py — starting run
[2026-07-06T17:53:15Z] auto_inscribe.py — run complete
[2026-07-06T17:58:16Z] auto_inscribe.py — starting run
[2026-07-06T17:58:16Z] auto_inscribe.py — run complete
[2026-07-06T18:03:16Z] auto_inscribe.py — starting run
[2026-07-06T18:03:16Z] auto_inscribe.py — run complete
[2026-07-06T18:08:16Z] auto_inscribe.py — starting run
[2026-07-06T18:08:16Z] auto_inscribe.py — run complete
[2026-07-06T18:13:16Z] auto_inscribe.py — starting run
[2026-07-06T18:13:16Z] auto_inscribe.py — run complete
[2026-07-06T18:18:16Z] auto_inscribe.py — starting run
[2026-07-06T18:18:16Z] auto_inscribe.py — run complete
[2026-07-06T18:23:16Z] auto_inscribe.py — starting run
[2026-07-06T18:23:16Z] auto_inscribe.py — run complete
[2026-07-06T18:28:16Z] auto_inscribe.py — starting run
[2026-07-06T18:28:16Z] auto_inscribe.py — run complete
[2026-07-06T18:33:16Z] auto_inscribe.py — starting run
[2026-07-06T18:33:16Z] auto_inscribe.py — run complete
[2026-07-06T18:38:17Z] auto_inscribe.py — starting run
[2026-07-06T18:38:17Z] auto_inscribe.py — run complete
[2026-07-06T18:43:17Z] auto_inscribe.py — starting run
[2026-07-06T18:43:17Z] auto_inscribe.py — run complete
[2026-07-06T18:48:17Z] auto_inscribe.py — starting run
[2026-07-06T18:48:17Z] auto_inscribe.py — run complete
[2026-07-06T18:53:17Z] auto_inscribe.py — starting run
[2026-07-06T18:53:17Z] auto_inscribe.py — run complete
[2026-07-06T18:58:17Z] auto_inscribe.py — starting run
[2026-07-06T18:58:17Z] auto_inscribe.py — run complete
[2026-07-06T19:03:17Z] auto_inscribe.py — starting run
[2026-07-06T19:03:17Z] auto_inscribe.py — run complete
[2026-07-06T19:08:17Z] auto_inscribe.py — starting run
[2026-07-06T19:08:17Z] auto_inscribe.py — run complete
[2026-07-06T19:13:17Z] auto_inscribe.py — starting run
[2026-07-06T19:13:17Z] auto_inscribe.py — run complete
[2026-07-06T19:18:17Z] auto_inscribe.py — starting run
[2026-07-06T19:18:17Z] auto_inscribe.py — run complete
[2026-07-06T19:23:18Z] auto_inscribe.py — starting run
[2026-07-06T19:23:18Z] auto_inscribe.py — run complete
[2026-07-06T19:28:18Z] auto_inscribe.py — starting run
[2026-07-06T19:28:18Z] auto_inscribe.py — run complete
[2026-07-06T19:33:18Z] auto_inscribe.py — starting run
[2026-07-06T19:33:18Z] auto_inscribe.py — run complete
[2026-07-06T19:38:18Z] auto_inscribe.py — starting run
[2026-07-06T19:38:18Z] auto_inscribe.py — run complete
[2026-07-06T19:43:18Z] auto_inscribe.py — starting run
[2026-07-06T19:43:18Z] auto_inscribe.py — run complete
[2026-07-06T19:48:18Z] auto_inscribe.py — starting run
[2026-07-06T19:48:18Z] auto_inscribe.py — run complete
[2026-07-06T19:53:18Z] auto_inscribe.py — starting run
[2026-07-06T19:53:18Z] auto_inscribe.py — run complete
[2026-07-06T19:58:18Z] auto_inscribe.py — starting run
[2026-07-06T19:58:18Z] auto_inscribe.py — run complete
[2026-07-06T20:03:18Z] auto_inscribe.py — starting run
[2026-07-06T20:03:18Z] auto_inscribe.py — run complete
[2026-07-06T20:08:18Z] auto_inscribe.py — starting run
[2026-07-06T20:08:18Z] auto_inscribe.py — run complete
[2026-07-06T20:13:19Z] auto_inscribe.py — starting run
[2026-07-06T20:13:19Z] auto_inscribe.py — run complete
[2026-07-06T20:18:19Z] auto_inscribe.py — starting run
[2026-07-06T20:18:19Z] auto_inscribe.py — run complete
[2026-07-06T20:23:19Z] auto_inscribe.py — starting run
[2026-07-06T20:23:19Z] auto_inscribe.py — run complete
[2026-07-06T20:28:19Z] auto_inscribe.py — starting run
[2026-07-06T20:28:19Z] auto_inscribe.py — run complete
[2026-07-06T20:33:19Z] auto_inscribe.py — starting run
[2026-07-06T20:33:19Z] auto_inscribe.py — run complete
[2026-07-06T20:38:19Z] auto_inscribe.py — starting run
[2026-07-06T20:38:19Z] auto_inscribe.py — run complete
[2026-07-06T20:43:19Z] auto_inscribe.py — starting run
[2026-07-06T20:43:19Z] auto_inscribe.py — run complete
[2026-07-06T20:48:19Z] auto_inscribe.py — starting run
[2026-07-06T20:48:19Z] auto_inscribe.py — run complete
[2026-07-06T20:53:19Z] auto_inscribe.py — starting run
[2026-07-06T20:53:19Z] auto_inscribe.py — run complete
[2026-07-06T20:58:20Z] auto_inscribe.py — starting run
[2026-07-06T20:58:20Z] auto_inscribe.py — run complete
[2026-07-06T21:03:20Z] auto_inscribe.py — starting run
[2026-07-06T21:03:20Z] auto_inscribe.py — run complete
[2026-07-06T21:08:20Z] auto_inscribe.py — starting run
[2026-07-06T21:08:20Z] auto_inscribe.py — run complete
[2026-07-06T21:13:20Z] auto_inscribe.py — starting run
[2026-07-06T21:13:20Z] auto_inscribe.py — run complete
[2026-07-06T21:18:20Z] auto_inscribe.py — starting run
[2026-07-06T21:18:20Z] auto_inscribe.py — run complete
[2026-07-06T21:23:20Z] auto_inscribe.py — starting run
[2026-07-06T21:23:20Z] auto_inscribe.py — run complete
[2026-07-06T21:28:20Z] auto_inscribe.py — starting run
[2026-07-06T21:28:20Z] auto_inscribe.py — run complete
[2026-07-06T21:33:20Z] auto_inscribe.py — starting run
[2026-07-06T21:33:20Z] auto_inscribe.py — run complete
[2026-07-06T21:38:20Z] auto_inscribe.py — starting run
[2026-07-06T21:38:20Z] auto_inscribe.py — run complete
[2026-07-06T21:43:21Z] auto_inscribe.py — starting run
[2026-07-06T21:43:21Z] auto_inscribe.py — run complete
[2026-07-06T21:48:21Z] auto_inscribe.py — starting run
[2026-07-06T21:48:21Z] auto_inscribe.py — run complete
[2026-07-06T21:53:21Z] auto_inscribe.py — starting run
[2026-07-06T21:53:21Z] auto_inscribe.py — run complete
[2026-07-06T21:58:21Z] auto_inscribe.py — starting run
[2026-07-06T21:58:21Z] auto_inscribe.py — run complete
[2026-07-06T22:03:21Z] auto_inscribe.py — starting run
[2026-07-06T22:03:21Z] auto_inscribe.py — run complete
[2026-07-06T22:08:21Z] auto_inscribe.py — starting run
[2026-07-06T22:08:21Z] auto_inscribe.py — run complete
[2026-07-06T22:13:21Z] auto_inscribe.py — starting run
[2026-07-06T22:13:21Z] auto_inscribe.py — run complete
[2026-07-06T22:18:21Z] auto_inscribe.py — starting run
[2026-07-06T22:18:21Z] auto_inscribe.py — run complete
[2026-07-06T22:23:21Z] auto_inscribe.py — starting run
[2026-07-06T22:23:21Z] auto_inscribe.py — run complete
[2026-07-06T22:28:22Z] auto_inscribe.py — starting run
[2026-07-06T22:28:22Z] auto_inscribe.py — run complete
[2026-07-06T22:33:22Z] auto_inscribe.py — starting run
[2026-07-06T22:33:22Z] auto_inscribe.py — run complete
[2026-07-06T22:38:22Z] auto_inscribe.py — starting run
[2026-07-06T22:38:22Z] auto_inscribe.py — run complete
[2026-07-06T22:43:22Z] auto_inscribe.py — starting run
[2026-07-06T22:43:22Z] auto_inscribe.py — run complete
[2026-07-06T22:48:22Z] auto_inscribe.py — starting run
[2026-07-06T22:48:22Z] auto_inscribe.py — run complete
[2026-07-06T22:53:22Z] auto_inscribe.py — starting run
[2026-07-06T22:53:22Z] auto_inscribe.py — run complete
[2026-07-06T22:58:22Z] auto_inscribe.py — starting run
[2026-07-06T22:58:22Z] auto_inscribe.py — run complete
[2026-07-06T23:03:22Z] auto_inscribe.py — starting run
[2026-07-06T23:03:22Z] auto_inscribe.py — run complete
[2026-07-06T23:08:22Z] auto_inscribe.py — starting run
[2026-07-06T23:08:22Z] auto_inscribe.py — run complete
[2026-07-06T23:13:23Z] auto_inscribe.py — starting run
[2026-07-06T23:13:23Z] auto_inscribe.py — run complete
[2026-07-06T23:18:23Z] auto_inscribe.py — starting run
[2026-07-06T23:18:23Z] auto_inscribe.py — run complete
[2026-07-06T23:23:23Z] auto_inscribe.py — starting run
[2026-07-06T23:23:23Z] auto_inscribe.py — run complete
[2026-07-06T23:28:23Z] auto_inscribe.py — starting run
[2026-07-06T23:28:23Z] auto_inscribe.py — run complete
[2026-07-06T23:33:23Z] auto_inscribe.py — starting run
[2026-07-06T23:33:23Z] auto_inscribe.py — run complete
[2026-07-06T23:38:23Z] auto_inscribe.py — starting run
[2026-07-06T23:38:23Z] auto_inscribe.py — run complete
[2026-07-06T23:43:23Z] auto_inscribe.py — starting run
[2026-07-06T23:43:23Z] auto_inscribe.py — run complete
[2026-07-06T23:48:23Z] auto_inscribe.py — starting run
[2026-07-06T23:48:23Z] auto_inscribe.py — run complete
[2026-07-06T23:53:23Z] auto_inscribe.py — starting run
[2026-07-06T23:53:23Z] auto_inscribe.py — run complete
[2026-07-06T23:58:24Z] auto_inscribe.py — starting run
[2026-07-06T23:58:24Z] auto_inscribe.py — run complete
[2026-07-07T00:03:24Z] auto_inscribe.py — starting run
[2026-07-07T00:03:24Z] auto_inscribe.py — run complete
[2026-07-07T00:08:24Z] auto_inscribe.py — starting run
[2026-07-07T00:08:24Z] auto_inscribe.py — run complete
[2026-07-07T00:13:24Z] auto_inscribe.py — starting run
[2026-07-07T00:13:24Z] auto_inscribe.py — run complete
[2026-07-07T00:18:24Z] auto_inscribe.py — starting run
[2026-07-07T00:18:24Z] auto_inscribe.py — run complete
[2026-07-07T00:23:24Z] auto_inscribe.py — starting run
[2026-07-07T00:23:24Z] auto_inscribe.py — run complete
[2026-07-07T00:28:24Z] auto_inscribe.py — starting run
[2026-07-07T00:28:24Z] auto_inscribe.py — run complete
[2026-07-07T00:33:24Z] auto_inscribe.py — starting run
[2026-07-07T00:33:24Z] auto_inscribe.py — run complete
[2026-07-07T00:38:25Z] auto_inscribe.py — starting run
[2026-07-07T00:38:25Z] auto_inscribe.py — run complete
[2026-07-07T00:43:25Z] auto_inscribe.py — starting run
[2026-07-07T00:43:25Z] auto_inscribe.py — run complete
[2026-07-07T00:48:25Z] auto_inscribe.py — starting run
[2026-07-07T00:48:25Z] auto_inscribe.py — run complete
[2026-07-07T00:53:25Z] auto_inscribe.py — starting run
[2026-07-07T00:53:25Z] auto_inscribe.py — run complete
[2026-07-07T00:58:25Z] auto_inscribe.py — starting run
[2026-07-07T00:58:25Z] auto_inscribe.py — run complete
[2026-07-07T01:03:25Z] auto_inscribe.py — starting run
[2026-07-07T01:03:25Z] auto_inscribe.py — run complete
[2026-07-07T01:08:25Z] auto_inscribe.py — starting run
[2026-07-07T01:08:25Z] auto_inscribe.py — run complete
[2026-07-07T01:13:25Z] auto_inscribe.py — starting run
[2026-07-07T01:13:25Z] auto_inscribe.py — run complete
[2026-07-07T01:18:25Z] auto_inscribe.py — starting run
[2026-07-07T01:18:25Z] auto_inscribe.py — run complete
[2026-07-07T01:23:26Z] auto_inscribe.py — starting run
[2026-07-07T01:23:26Z] auto_inscribe.py — run complete
[2026-07-07T01:28:26Z] auto_inscribe.py — starting run
[2026-07-07T01:28:26Z] auto_inscribe.py — run complete
[2026-07-07T01:33:26Z] auto_inscribe.py — starting run
[2026-07-07T01:33:26Z] auto_inscribe.py — run complete
[2026-07-07T01:38:26Z] auto_inscribe.py — starting run
[2026-07-07T01:38:26Z] auto_inscribe.py — run complete
[2026-07-07T01:43:26Z] auto_inscribe.py — starting run
[2026-07-07T01:43:26Z] auto_inscribe.py — run complete
[2026-07-07T01:48:26Z] auto_inscribe.py — starting run
[2026-07-07T01:48:26Z] auto_inscribe.py — run complete
[2026-07-07T01:53:26Z] auto_inscribe.py — starting run
[2026-07-07T01:53:26Z] auto_inscribe.py — run complete
[2026-07-07T01:58:26Z] auto_inscribe.py — starting run
[2026-07-07T01:58:26Z] auto_inscribe.py — run complete
[2026-07-07T02:03:26Z] auto_inscribe.py — starting run
[2026-07-07T02:03:26Z] auto_inscribe.py — run complete
[2026-07-07T02:08:27Z] auto_inscribe.py — starting run
[2026-07-07T02:08:27Z] auto_inscribe.py — run complete
[2026-07-07T02:13:27Z] auto_inscribe.py — starting run
[2026-07-07T02:13:27Z] auto_inscribe.py — run complete
[2026-07-07T02:18:27Z] auto_inscribe.py — starting run
[2026-07-07T02:18:27Z] auto_inscribe.py — run complete
[2026-07-07T02:23:27Z] auto_inscribe.py — starting run
[2026-07-07T02:23:27Z] auto_inscribe.py — run complete
[2026-07-07T02:28:27Z] auto_inscribe.py — starting run
[2026-07-07T02:28:27Z] auto_inscribe.py — run complete
[2026-07-07T02:33:27Z] auto_inscribe.py — starting run
[2026-07-07T02:33:27Z] auto_inscribe.py — run complete
[2026-07-07T02:38:27Z] auto_inscribe.py — starting run
[2026-07-07T02:38:27Z] auto_inscribe.py — run complete
[2026-07-07T02:43:27Z] auto_inscribe.py — starting run
[2026-07-07T02:43:27Z] auto_inscribe.py — run complete
[2026-07-07T02:48:27Z] auto_inscribe.py — starting run
[2026-07-07T02:48:27Z] auto_inscribe.py — run complete
[2026-07-07T02:53:28Z] auto_inscribe.py — starting run
[2026-07-07T02:53:28Z] auto_inscribe.py — run complete
[2026-07-07T02:58:28Z] auto_inscribe.py — starting run
[2026-07-07T02:58:28Z] auto_inscribe.py — run complete
[2026-07-07T03:03:28Z] auto_inscribe.py — starting run
[2026-07-07T03:03:28Z] auto_inscribe.py — run complete
[2026-07-07T03:08:28Z] auto_inscribe.py — starting run
[2026-07-07T03:08:28Z] auto_inscribe.py — run complete
[2026-07-07T03:13:28Z] auto_inscribe.py — starting run
[2026-07-07T03:13:28Z] auto_inscribe.py — run complete
[2026-07-07T03:18:28Z] auto_inscribe.py — starting run
[2026-07-07T03:18:28Z] auto_inscribe.py — run complete
[2026-07-07T03:23:28Z] auto_inscribe.py — starting run
[2026-07-07T03:23:28Z] auto_inscribe.py — run complete
[2026-07-07T03:28:28Z] auto_inscribe.py — starting run
[2026-07-07T03:28:28Z] auto_inscribe.py — run complete
[2026-07-07T03:33:28Z] auto_inscribe.py — starting run
[2026-07-07T03:33:28Z] auto_inscribe.py — run complete
[2026-07-07T03:38:28Z] auto_inscribe.py — starting run
[2026-07-07T03:38:28Z] auto_inscribe.py — run complete
[2026-07-07T03:43:29Z] auto_inscribe.py — starting run
[2026-07-07T03:43:29Z] auto_inscribe.py — run complete
[2026-07-07T03:48:29Z] auto_inscribe.py — starting run
[2026-07-07T03:48:29Z] auto_inscribe.py — run complete
[2026-07-07T03:53:29Z] auto_inscribe.py — starting run
[2026-07-07T03:53:29Z] auto_inscribe.py — run complete
[2026-07-07T03:58:29Z] auto_inscribe.py — starting run
[2026-07-07T03:58:29Z] auto_inscribe.py — run complete
[2026-07-07T04:03:29Z] auto_inscribe.py — starting run
[2026-07-07T04:03:29Z] auto_inscribe.py — run complete
[2026-07-07T04:08:29Z] auto_inscribe.py — starting run
[2026-07-07T04:08:29Z] auto_inscribe.py — run complete
[2026-07-07T04:13:29Z] auto_inscribe.py — starting run
[2026-07-07T04:13:29Z] auto_inscribe.py — run complete
[2026-07-07T04:18:29Z] auto_inscribe.py — starting run
[2026-07-07T04:18:29Z] auto_inscribe.py — run complete
[2026-07-07T04:23:29Z] auto_inscribe.py — starting run
[2026-07-07T04:23:29Z] auto_inscribe.py — run complete
[2026-07-07T04:28:30Z] auto_inscribe.py — starting run
[2026-07-07T04:28:30Z] auto_inscribe.py — run complete
[2026-07-07T04:33:30Z] auto_inscribe.py — starting run
[2026-07-07T04:33:30Z] auto_inscribe.py — run complete
[2026-07-07T04:38:30Z] auto_inscribe.py — starting run
[2026-07-07T04:38:30Z] auto_inscribe.py — run complete
[2026-07-07T04:43:30Z] auto_inscribe.py — starting run
[2026-07-07T04:43:30Z] auto_inscribe.py — run complete
[2026-07-07T04:48:30Z] auto_inscribe.py — starting run
[2026-07-07T04:48:30Z] auto_inscribe.py — run complete
[2026-07-07T04:53:30Z] auto_inscribe.py — starting run
[2026-07-07T04:53:30Z] auto_inscribe.py — run complete
[2026-07-07T04:58:31Z] auto_inscribe.py — starting run
[2026-07-07T04:58:31Z] auto_inscribe.py — run complete
[2026-07-07T05:03:31Z] auto_inscribe.py — starting run
[2026-07-07T05:03:31Z] auto_inscribe.py — run complete
[2026-07-07T05:08:31Z] auto_inscribe.py — starting run
[2026-07-07T05:08:31Z] auto_inscribe.py — run complete
[2026-07-07T05:13:31Z] auto_inscribe.py — starting run
[2026-07-07T05:13:31Z] auto_inscribe.py — run complete
[2026-07-07T05:18:31Z] auto_inscribe.py — starting run
[2026-07-07T05:18:31Z] auto_inscribe.py — run complete
[2026-07-07T05:23:31Z] auto_inscribe.py — starting run
[2026-07-07T05:23:31Z] auto_inscribe.py — run complete
[2026-07-07T05:28:32Z] auto_inscribe.py — starting run
[2026-07-07T05:28:32Z] auto_inscribe.py — run complete
[2026-07-07T05:33:32Z] auto_inscribe.py — starting run
[2026-07-07T05:33:32Z] auto_inscribe.py — run complete
[2026-07-07T05:38:32Z] auto_inscribe.py — starting run
[2026-07-07T05:38:32Z] auto_inscribe.py — run complete
[2026-07-07T05:43:32Z] auto_inscribe.py — starting run
[2026-07-07T05:43:32Z] auto_inscribe.py — run complete
[2026-07-07T05:48:32Z] auto_inscribe.py — starting run
[2026-07-07T05:48:32Z] auto_inscribe.py — run complete
[2026-07-07T05:53:32Z] auto_inscribe.py — starting run
[2026-07-07T05:53:32Z] auto_inscribe.py — run complete
[2026-07-07T05:58:32Z] auto_inscribe.py — starting run
[2026-07-07T05:58:32Z] auto_inscribe.py — run complete
[2026-07-07T06:03:32Z] auto_inscribe.py — starting run
[2026-07-07T06:03:32Z] auto_inscribe.py — run complete
[2026-07-07T06:08:32Z] auto_inscribe.py — starting run
[2026-07-07T06:08:32Z] auto_inscribe.py — run complete
[2026-07-07T06:13:33Z] auto_inscribe.py — starting run
[2026-07-07T06:13:33Z] auto_inscribe.py — run complete
[2026-07-07T06:18:33Z] auto_inscribe.py — starting run
[2026-07-07T06:18:33Z] auto_inscribe.py — run complete
[2026-07-07T06:23:33Z] auto_inscribe.py — starting run
[2026-07-07T06:23:33Z] auto_inscribe.py — run complete
[2026-07-07T06:28:33Z] auto_inscribe.py — starting run
[2026-07-07T06:28:33Z] auto_inscribe.py — run complete
[2026-07-07T06:33:33Z] auto_inscribe.py — starting run
[2026-07-07T06:33:33Z] auto_inscribe.py — run complete
[2026-07-07T06:38:33Z] auto_inscribe.py — starting run
[2026-07-07T06:38:33Z] auto_inscribe.py — run complete
[2026-07-07T06:43:33Z] auto_inscribe.py — starting run
[2026-07-07T06:43:33Z] auto_inscribe.py — run complete
[2026-07-07T06:48:33Z] auto_inscribe.py — starting run
[2026-07-07T06:48:33Z] auto_inscribe.py — run complete
[2026-07-07T06:53:33Z] auto_inscribe.py — starting run
[2026-07-07T06:53:33Z] auto_inscribe.py — run complete
[2026-07-07T06:58:34Z] auto_inscribe.py — starting run
[2026-07-07T06:58:34Z] auto_inscribe.py — run complete
[2026-07-07T07:03:34Z] auto_inscribe.py — starting run
[2026-07-07T07:03:34Z] auto_inscribe.py — run complete
[2026-07-07T07:08:34Z] auto_inscribe.py — starting run
[2026-07-07T07:08:34Z] auto_inscribe.py — run complete
[2026-07-07T07:13:34Z] auto_inscribe.py — starting run
[2026-07-07T07:13:34Z] auto_inscribe.py — run complete
[2026-07-07T07:18:34Z] auto_inscribe.py — starting run
[2026-07-07T07:18:34Z] auto_inscribe.py — run complete
[2026-07-07T07:23:34Z] auto_inscribe.py — starting run
[2026-07-07T07:23:34Z] auto_inscribe.py — run complete
[2026-07-07T07:28:34Z] auto_inscribe.py — starting run
[2026-07-07T07:28:34Z] auto_inscribe.py — run complete
[2026-07-07T07:33:34Z] auto_inscribe.py — starting run
[2026-07-07T07:33:34Z] auto_inscribe.py — run complete
[2026-07-07T07:38:34Z] auto_inscribe.py — starting run
[2026-07-07T07:38:34Z] auto_inscribe.py — run complete
[2026-07-07T07:43:34Z] auto_inscribe.py — starting run
[2026-07-07T07:43:34Z] auto_inscribe.py — run complete
[2026-07-07T07:48:35Z] auto_inscribe.py — starting run
[2026-07-07T07:48:35Z] auto_inscribe.py — run complete
[2026-07-07T07:53:35Z] auto_inscribe.py — starting run
[2026-07-07T07:53:35Z] auto_inscribe.py — run complete
[2026-07-07T07:58:35Z] auto_inscribe.py — starting run
[2026-07-07T07:58:35Z] auto_inscribe.py — run complete
[2026-07-07T08:03:35Z] auto_inscribe.py — starting run
[2026-07-07T08:03:35Z] auto_inscribe.py — run complete
[2026-07-07T08:08:35Z] auto_inscribe.py — starting run
[2026-07-07T08:08:35Z] auto_inscribe.py — run complete
[2026-07-07T08:13:35Z] auto_inscribe.py — starting run
[2026-07-07T08:13:35Z] auto_inscribe.py — run complete
[2026-07-07T08:18:35Z] auto_inscribe.py — starting run
[2026-07-07T08:18:35Z] auto_inscribe.py — run complete
[2026-07-07T08:23:35Z] auto_inscribe.py — starting run
[2026-07-07T08:23:35Z] auto_inscribe.py — run complete
[2026-07-07T08:28:35Z] auto_inscribe.py — starting run
[2026-07-07T08:28:35Z] auto_inscribe.py — run complete
[2026-07-07T08:33:36Z] auto_inscribe.py — starting run
[2026-07-07T08:33:36Z] auto_inscribe.py — run complete
[2026-07-07T08:38:36Z] auto_inscribe.py — starting run
[2026-07-07T08:38:36Z] auto_inscribe.py — run complete
[2026-07-07T08:43:36Z] auto_inscribe.py — starting run
[2026-07-07T08:43:36Z] auto_inscribe.py — run complete
[2026-07-07T08:48:36Z] auto_inscribe.py — starting run
[2026-07-07T08:48:36Z] auto_inscribe.py — run complete
[2026-07-07T08:53:36Z] auto_inscribe.py — starting run
[2026-07-07T08:53:36Z] auto_inscribe.py — run complete
[2026-07-07T08:58:36Z] auto_inscribe.py — starting run
[2026-07-07T08:58:36Z] auto_inscribe.py — run complete
[2026-07-07T09:03:36Z] auto_inscribe.py — starting run
[2026-07-07T09:03:36Z] auto_inscribe.py — run complete
[2026-07-07T09:08:36Z] auto_inscribe.py — starting run
[2026-07-07T09:08:36Z] auto_inscribe.py — run complete
[2026-07-07T09:13:36Z] auto_inscribe.py — starting run
[2026-07-07T09:13:36Z] auto_inscribe.py — run complete
[2026-07-07T09:18:37Z] auto_inscribe.py — starting run
[2026-07-07T09:18:37Z] auto_inscribe.py — run complete
[2026-07-07T09:23:37Z] auto_inscribe.py — starting run
[2026-07-07T09:23:37Z] auto_inscribe.py — run complete
[2026-07-07T09:28:37Z] auto_inscribe.py — starting run
[2026-07-07T09:28:37Z] auto_inscribe.py — run complete
[2026-07-07T09:33:37Z] auto_inscribe.py — starting run
[2026-07-07T09:33:37Z] auto_inscribe.py — run complete
[2026-07-07T09:38:37Z] auto_inscribe.py — starting run
[2026-07-07T09:38:37Z] auto_inscribe.py — run complete
[2026-07-07T09:43:37Z] auto_inscribe.py — starting run
[2026-07-07T09:43:37Z] auto_inscribe.py — run complete
[2026-07-07T09:48:37Z] auto_inscribe.py — starting run
[2026-07-07T09:48:37Z] auto_inscribe.py — run complete
[2026-07-07T09:53:37Z] auto_inscribe.py — starting run
[2026-07-07T09:53:37Z] auto_inscribe.py — run complete
[2026-07-07T09:58:38Z] auto_inscribe.py — starting run
[2026-07-07T09:58:38Z] auto_inscribe.py — run complete
[2026-07-07T10:03:38Z] auto_inscribe.py — starting run
[2026-07-07T10:03:38Z] auto_inscribe.py — run complete
[2026-07-07T10:08:38Z] auto_inscribe.py — starting run
[2026-07-07T10:08:38Z] auto_inscribe.py — run complete
[2026-07-07T10:13:38Z] auto_inscribe.py — starting run
[2026-07-07T10:13:38Z] auto_inscribe.py — run complete
[2026-07-07T10:18:38Z] auto_inscribe.py — starting run
[2026-07-07T10:18:38Z] auto_inscribe.py — run complete
[2026-07-07T10:23:38Z] auto_inscribe.py — starting run
[2026-07-07T10:23:38Z] auto_inscribe.py — run complete
[2026-07-07T10:28:38Z] auto_inscribe.py — starting run
[2026-07-07T10:28:38Z] auto_inscribe.py — run complete
[2026-07-07T10:33:38Z] auto_inscribe.py — starting run
[2026-07-07T10:33:38Z] auto_inscribe.py — run complete
[2026-07-07T10:38:38Z] auto_inscribe.py — starting run
[2026-07-07T10:38:38Z] auto_inscribe.py — run complete
[2026-07-07T10:43:38Z] auto_inscribe.py — starting run
[2026-07-07T10:43:38Z] auto_inscribe.py — run complete
[2026-07-07T10:48:39Z] auto_inscribe.py — starting run
[2026-07-07T10:48:39Z] auto_inscribe.py — run complete
[2026-07-07T10:53:39Z] auto_inscribe.py — starting run
[2026-07-07T10:53:39Z] auto_inscribe.py — run complete
[2026-07-07T10:58:39Z] auto_inscribe.py — starting run
[2026-07-07T10:58:39Z] auto_inscribe.py — run complete
[2026-07-07T11:03:39Z] auto_inscribe.py — starting run
[2026-07-07T11:03:39Z] auto_inscribe.py — run complete
[2026-07-07T11:08:39Z] auto_inscribe.py — starting run
[2026-07-07T11:08:39Z] auto_inscribe.py — run complete
[2026-07-07T11:13:39Z] auto_inscribe.py — starting run
[2026-07-07T11:13:39Z] auto_inscribe.py — run complete
[2026-07-07T11:18:39Z] auto_inscribe.py — starting run
[2026-07-07T11:18:39Z] auto_inscribe.py — run complete
[2026-07-07T11:23:39Z] auto_inscribe.py — starting run
[2026-07-07T11:23:39Z] auto_inscribe.py — run complete
[2026-07-07T11:28:40Z] auto_inscribe.py — starting run
[2026-07-07T11:28:40Z] auto_inscribe.py — run complete
[2026-07-07T11:33:40Z] auto_inscribe.py — starting run
[2026-07-07T11:33:40Z] auto_inscribe.py — run complete
[2026-07-07T11:38:40Z] auto_inscribe.py — starting run
[2026-07-07T11:38:40Z] auto_inscribe.py — run complete
[2026-07-07T11:43:40Z] auto_inscribe.py — starting run
[2026-07-07T11:43:40Z] auto_inscribe.py — run complete
[2026-07-07T11:48:40Z] auto_inscribe.py — starting run
[2026-07-07T11:48:40Z] auto_inscribe.py — run complete
[2026-07-07T11:53:40Z] auto_inscribe.py — starting run
[2026-07-07T11:53:40Z] auto_inscribe.py — run complete
[2026-07-07T11:58:40Z] auto_inscribe.py — starting run
[2026-07-07T11:58:40Z] auto_inscribe.py — run complete
[2026-07-07T12:03:40Z] auto_inscribe.py — starting run
[2026-07-07T12:03:40Z] auto_inscribe.py — run complete
[2026-07-07T12:08:40Z] auto_inscribe.py — starting run
[2026-07-07T12:08:40Z] auto_inscribe.py — run complete
[2026-07-07T12:13:41Z] auto_inscribe.py — starting run
[2026-07-07T12:13:41Z] auto_inscribe.py — run complete
[2026-07-07T12:18:41Z] auto_inscribe.py — starting run
[2026-07-07T12:18:41Z] auto_inscribe.py — run complete
[2026-07-07T12:23:41Z] auto_inscribe.py — starting run
[2026-07-07T12:23:41Z] auto_inscribe.py — run complete
[2026-07-07T12:28:41Z] auto_inscribe.py — starting run
[2026-07-07T12:28:41Z] auto_inscribe.py — run complete
[2026-07-07T12:33:41Z] auto_inscribe.py — starting run
[2026-07-07T12:33:41Z] auto_inscribe.py — run complete
[2026-07-07T12:38:41Z] auto_inscribe.py — starting run
[2026-07-07T12:38:41Z] auto_inscribe.py — run complete
[2026-07-07T12:43:41Z] auto_inscribe.py — starting run
[2026-07-07T12:43:41Z] auto_inscribe.py — run complete
[2026-07-07T12:48:41Z] auto_inscribe.py — starting run
[2026-07-07T12:48:41Z] auto_inscribe.py — run complete
[2026-07-07T12:53:41Z] auto_inscribe.py — starting run
[2026-07-07T12:53:41Z] auto_inscribe.py — run complete
[2026-07-07T12:58:42Z] auto_inscribe.py — starting run
[2026-07-07T12:58:42Z] auto_inscribe.py — run complete
[2026-07-07T13:03:42Z] auto_inscribe.py — starting run
[2026-07-07T13:03:42Z] auto_inscribe.py — run complete
[2026-07-07T13:08:42Z] auto_inscribe.py — starting run
[2026-07-07T13:08:42Z] auto_inscribe.py — run complete
[2026-07-07T13:13:42Z] auto_inscribe.py — starting run
[2026-07-07T13:13:42Z] auto_inscribe.py — run complete
[2026-07-07T13:18:42Z] auto_inscribe.py — starting run
[2026-07-07T13:18:42Z] auto_inscribe.py — run complete
[2026-07-07T13:23:42Z] auto_inscribe.py — starting run
[2026-07-07T13:23:42Z] auto_inscribe.py — run complete
[2026-07-07T13:28:42Z] auto_inscribe.py — starting run
[2026-07-07T13:28:42Z] auto_inscribe.py — run complete
[2026-07-07T13:33:42Z] auto_inscribe.py — starting run
[2026-07-07T13:33:42Z] auto_inscribe.py — run complete
[2026-07-07T13:38:42Z] auto_inscribe.py — starting run
[2026-07-07T13:38:42Z] auto_inscribe.py — run complete
[2026-07-07T13:43:43Z] auto_inscribe.py — starting run
[2026-07-07T13:43:43Z] auto_inscribe.py — run complete
[2026-07-07T13:48:43Z] auto_inscribe.py — starting run
[2026-07-07T13:48:43Z] auto_inscribe.py — run complete
[2026-07-07T13:53:43Z] auto_inscribe.py — starting run
[2026-07-07T13:53:43Z] auto_inscribe.py — run complete
[2026-07-07T13:58:43Z] auto_inscribe.py — starting run
[2026-07-07T13:58:43Z] auto_inscribe.py — run complete
[2026-07-07T14:03:43Z] auto_inscribe.py — starting run
[2026-07-07T14:03:43Z] auto_inscribe.py — run complete
[2026-07-07T14:08:43Z] auto_inscribe.py — starting run
[2026-07-07T14:08:43Z] auto_inscribe.py — run complete
[2026-07-07T14:13:43Z] auto_inscribe.py — starting run
[2026-07-07T14:13:43Z] auto_inscribe.py — run complete
[2026-07-07T14:18:43Z] auto_inscribe.py — starting run
[2026-07-07T14:18:43Z] auto_inscribe.py — run complete
[2026-07-07T14:23:43Z] auto_inscribe.py — starting run
[2026-07-07T14:23:43Z] auto_inscribe.py — run complete
[2026-07-07T14:28:44Z] auto_inscribe.py — starting run
[2026-07-07T14:28:44Z] auto_inscribe.py — run complete
[2026-07-07T14:33:44Z] auto_inscribe.py — starting run
[2026-07-07T14:33:44Z] auto_inscribe.py — run complete
[2026-07-07T14:38:44Z] auto_inscribe.py — starting run
[2026-07-07T14:38:44Z] auto_inscribe.py — run complete
[2026-07-07T14:43:44Z] auto_inscribe.py — starting run
[2026-07-07T14:43:44Z] auto_inscribe.py — run complete
[2026-07-07T14:48:44Z] auto_inscribe.py — starting run
[2026-07-07T14:48:44Z] auto_inscribe.py — run complete
[2026-07-07T14:53:44Z] auto_inscribe.py — starting run
[2026-07-07T14:53:44Z] auto_inscribe.py — run complete
[2026-07-07T14:58:44Z] auto_inscribe.py — starting run
[2026-07-07T14:58:44Z] auto_inscribe.py — run complete
[2026-07-07T15:03:44Z] auto_inscribe.py — starting run
[2026-07-07T15:03:44Z] auto_inscribe.py — run complete
[2026-07-07T15:08:44Z] auto_inscribe.py — starting run
[2026-07-07T15:08:44Z] auto_inscribe.py — run complete
[2026-07-07T15:13:45Z] auto_inscribe.py — starting run
[2026-07-07T15:13:45Z] auto_inscribe.py — run complete
[2026-07-07T15:18:45Z] auto_inscribe.py — starting run
[2026-07-07T15:18:45Z] auto_inscribe.py — run complete
[2026-07-07T15:23:45Z] auto_inscribe.py — starting run
[2026-07-07T15:23:45Z] auto_inscribe.py — run complete
[2026-07-07T15:28:45Z] auto_inscribe.py — starting run
[2026-07-07T15:28:45Z] auto_inscribe.py — run complete
[2026-07-07T15:33:45Z] auto_inscribe.py — starting run
[2026-07-07T15:33:45Z] auto_inscribe.py — run complete
[2026-07-07T15:38:45Z] auto_inscribe.py — starting run
[2026-07-07T15:38:45Z] auto_inscribe.py — run complete
[2026-07-07T15:43:45Z] auto_inscribe.py — starting run
[2026-07-07T15:43:45Z] auto_inscribe.py — run complete
[2026-07-07T15:48:45Z] auto_inscribe.py — starting run
[2026-07-07T15:48:45Z] auto_inscribe.py — run complete
[2026-07-07T15:53:45Z] auto_inscribe.py — starting run
[2026-07-07T15:53:45Z] auto_inscribe.py — run complete
[2026-07-07T15:58:46Z] auto_inscribe.py — starting run
[2026-07-07T15:58:46Z] auto_inscribe.py — run complete
[2026-07-07T16:03:46Z] auto_inscribe.py — starting run
[2026-07-07T16:03:46Z] auto_inscribe.py — run complete
[2026-07-07T16:08:46Z] auto_inscribe.py — starting run
[2026-07-07T16:08:46Z] auto_inscribe.py — run complete
[2026-07-07T16:13:46Z] auto_inscribe.py — starting run
[2026-07-07T16:13:46Z] auto_inscribe.py — run complete
[2026-07-07T16:18:46Z] auto_inscribe.py — starting run
[2026-07-07T16:18:46Z] auto_inscribe.py — run complete
[2026-07-07T16:23:46Z] auto_inscribe.py — starting run
[2026-07-07T16:23:46Z] auto_inscribe.py — run complete
[2026-07-07T16:28:46Z] auto_inscribe.py — starting run
[2026-07-07T16:28:46Z] auto_inscribe.py — run complete
[2026-07-07T16:33:46Z] auto_inscribe.py — starting run
[2026-07-07T16:33:46Z] auto_inscribe.py — run complete
[2026-07-07T16:38:47Z] auto_inscribe.py — starting run
[2026-07-07T16:38:47Z] auto_inscribe.py — run complete
[2026-07-07T16:43:47Z] auto_inscribe.py — starting run
[2026-07-07T16:43:47Z] auto_inscribe.py — run complete
[2026-07-07T16:48:47Z] auto_inscribe.py — starting run
[2026-07-07T16:48:47Z] auto_inscribe.py — run complete
[2026-07-07T16:53:47Z] auto_inscribe.py — starting run
[2026-07-07T16:53:47Z] auto_inscribe.py — run complete
[2026-07-07T16:58:47Z] auto_inscribe.py — starting run
[2026-07-07T16:58:47Z] auto_inscribe.py — run complete
[2026-07-07T17:03:47Z] auto_inscribe.py — starting run
[2026-07-07T17:03:47Z] auto_inscribe.py — run complete
[2026-07-07T17:08:47Z] auto_inscribe.py — starting run
[2026-07-07T17:08:47Z] auto_inscribe.py — run complete
[2026-07-07T17:13:47Z] auto_inscribe.py — starting run
[2026-07-07T17:13:47Z] auto_inscribe.py — run complete
[2026-07-07T17:18:47Z] auto_inscribe.py — starting run
[2026-07-07T17:18:47Z] auto_inscribe.py — run complete
[2026-07-07T17:23:47Z] auto_inscribe.py — starting run
[2026-07-07T17:23:47Z] auto_inscribe.py — run complete
[2026-07-07T17:28:48Z] auto_inscribe.py — starting run
[2026-07-07T17:28:48Z] auto_inscribe.py — run complete
[2026-07-07T17:33:48Z] auto_inscribe.py — starting run
[2026-07-07T17:33:48Z] auto_inscribe.py — run complete
[2026-07-07T17:38:48Z] auto_inscribe.py — starting run
[2026-07-07T17:38:48Z] auto_inscribe.py — run complete
[2026-07-07T17:43:48Z] auto_inscribe.py — starting run
[2026-07-07T17:43:48Z] auto_inscribe.py — run complete
[2026-07-07T17:48:48Z] auto_inscribe.py — starting run
[2026-07-07T17:48:48Z] auto_inscribe.py — run complete
[2026-07-07T17:53:48Z] auto_inscribe.py — starting run
[2026-07-07T17:53:48Z] auto_inscribe.py — run complete
[2026-07-07T17:58:48Z] auto_inscribe.py — starting run
[2026-07-07T17:58:48Z] auto_inscribe.py — run complete
[2026-07-07T18:03:48Z] auto_inscribe.py — starting run
[2026-07-07T18:03:48Z] auto_inscribe.py — run complete
[2026-07-07T18:08:49Z] auto_inscribe.py — starting run
[2026-07-07T18:08:49Z] auto_inscribe.py — run complete
[2026-07-07T18:13:49Z] auto_inscribe.py — starting run
[2026-07-07T18:13:49Z] auto_inscribe.py — run complete
[2026-07-07T18:18:49Z] auto_inscribe.py — starting run
[2026-07-07T18:18:49Z] auto_inscribe.py — run complete
[2026-07-07T18:23:49Z] auto_inscribe.py — starting run
[2026-07-07T18:23:49Z] auto_inscribe.py — run complete
[2026-07-07T18:28:49Z] auto_inscribe.py — starting run
[2026-07-07T18:28:49Z] auto_inscribe.py — run complete
[2026-07-07T18:33:49Z] auto_inscribe.py — starting run
[2026-07-07T18:33:49Z] auto_inscribe.py — run complete
[2026-07-07T18:38:49Z] auto_inscribe.py — starting run
[2026-07-07T18:38:49Z] auto_inscribe.py — run complete
[2026-07-07T18:43:49Z] auto_inscribe.py — starting run
[2026-07-07T18:43:49Z] auto_inscribe.py — run complete
[2026-07-07T18:48:49Z] auto_inscribe.py — starting run
[2026-07-07T18:48:49Z] auto_inscribe.py — run complete
[2026-07-07T18:53:50Z] auto_inscribe.py — starting run
[2026-07-07T18:53:50Z] auto_inscribe.py — run complete
[2026-07-07T18:58:50Z] auto_inscribe.py — starting run
[2026-07-07T18:58:50Z] auto_inscribe.py — run complete
[2026-07-07T19:03:50Z] auto_inscribe.py — starting run
[2026-07-07T19:03:50Z] auto_inscribe.py — run complete
[2026-07-07T19:08:50Z] auto_inscribe.py — starting run
[2026-07-07T19:08:50Z] auto_inscribe.py — run complete
[2026-07-07T19:13:50Z] auto_inscribe.py — starting run
[2026-07-07T19:13:50Z] auto_inscribe.py — run complete
[2026-07-07T19:18:50Z] auto_inscribe.py — starting run
[2026-07-07T19:18:50Z] auto_inscribe.py — run complete
[2026-07-07T19:23:50Z] auto_inscribe.py — starting run
[2026-07-07T19:23:50Z] auto_inscribe.py — run complete
[2026-07-07T19:28:50Z] auto_inscribe.py — starting run
[2026-07-07T19:28:50Z] auto_inscribe.py — run complete
[2026-07-07T19:33:50Z] auto_inscribe.py — starting run
[2026-07-07T19:33:50Z] auto_inscribe.py — run complete
[2026-07-07T19:38:51Z] auto_inscribe.py — starting run
[2026-07-07T19:38:51Z] auto_inscribe.py — run complete
[2026-07-07T19:43:51Z] auto_inscribe.py — starting run
[2026-07-07T19:43:51Z] auto_inscribe.py — run complete
[2026-07-07T19:48:51Z] auto_inscribe.py — starting run
[2026-07-07T19:48:51Z] auto_inscribe.py — run complete
[2026-07-07T19:53:51Z] auto_inscribe.py — starting run
[2026-07-07T19:53:51Z] auto_inscribe.py — run complete
[2026-07-07T19:58:51Z] auto_inscribe.py — starting run
[2026-07-07T19:58:51Z] auto_inscribe.py — run complete
[2026-07-07T20:03:51Z] auto_inscribe.py — starting run
[2026-07-07T20:03:51Z] auto_inscribe.py — run complete
[2026-07-07T20:08:51Z] auto_inscribe.py — starting run
[2026-07-07T20:08:51Z] auto_inscribe.py — run complete
[2026-07-07T20:13:51Z] auto_inscribe.py — starting run
[2026-07-07T20:13:51Z] auto_inscribe.py — run complete
[2026-07-07T20:18:51Z] auto_inscribe.py — starting run
[2026-07-07T20:18:51Z] auto_inscribe.py — run complete
[2026-07-07T20:23:52Z] auto_inscribe.py — starting run
[2026-07-07T20:23:52Z] auto_inscribe.py — run complete
[2026-07-07T20:28:52Z] auto_inscribe.py — starting run
[2026-07-07T20:28:52Z] auto_inscribe.py — run complete
[2026-07-07T20:33:52Z] auto_inscribe.py — starting run
[2026-07-07T20:33:52Z] auto_inscribe.py — run complete
[2026-07-07T20:38:52Z] auto_inscribe.py — starting run
[2026-07-07T20:38:52Z] auto_inscribe.py — run complete
[2026-07-07T20:43:52Z] auto_inscribe.py — starting run
[2026-07-07T20:43:52Z] auto_inscribe.py — run complete
[2026-07-07T20:48:52Z] auto_inscribe.py — starting run
[2026-07-07T20:48:52Z] auto_inscribe.py — run complete
[2026-07-07T20:53:52Z] auto_inscribe.py — starting run
[2026-07-07T20:53:52Z] auto_inscribe.py — run complete
[2026-07-07T20:58:52Z] auto_inscribe.py — starting run
[2026-07-07T20:58:52Z] auto_inscribe.py — run complete
[2026-07-07T21:03:52Z] auto_inscribe.py — starting run
[2026-07-07T21:03:52Z] auto_inscribe.py — run complete
[2026-07-07T21:08:52Z] auto_inscribe.py — starting run
[2026-07-07T21:08:53Z] auto_inscribe.py — run complete
[2026-07-07T21:13:53Z] auto_inscribe.py — starting run
[2026-07-07T21:13:53Z] auto_inscribe.py — run complete
[2026-07-07T21:18:53Z] auto_inscribe.py — starting run
[2026-07-07T21:18:53Z] auto_inscribe.py — run complete
[2026-07-07T21:23:53Z] auto_inscribe.py — starting run
[2026-07-07T21:23:53Z] auto_inscribe.py — run complete
[2026-07-07T21:28:53Z] auto_inscribe.py — starting run
[2026-07-07T21:28:53Z] auto_inscribe.py — run complete
[2026-07-07T21:33:53Z] auto_inscribe.py — starting run
[2026-07-07T21:33:53Z] auto_inscribe.py — run complete
[2026-07-07T21:38:53Z] auto_inscribe.py — starting run
[2026-07-07T21:38:53Z] auto_inscribe.py — run complete
[2026-07-07T21:43:53Z] auto_inscribe.py — starting run
[2026-07-07T21:43:53Z] auto_inscribe.py — run complete
[2026-07-07T21:48:53Z] auto_inscribe.py — starting run
[2026-07-07T21:48:53Z] auto_inscribe.py — run complete
[2026-07-07T21:53:54Z] auto_inscribe.py — starting run
[2026-07-07T21:53:54Z] auto_inscribe.py — run complete
[2026-07-07T21:58:54Z] auto_inscribe.py — starting run
[2026-07-07T21:58:54Z] auto_inscribe.py — run complete
[2026-07-07T22:03:54Z] auto_inscribe.py — starting run
[2026-07-07T22:03:54Z] auto_inscribe.py — run complete
[2026-07-07T22:08:54Z] auto_inscribe.py — starting run
[2026-07-07T22:08:54Z] auto_inscribe.py — run complete
[2026-07-07T22:13:54Z] auto_inscribe.py — starting run
[2026-07-07T22:13:54Z] auto_inscribe.py — run complete
[2026-07-07T22:18:54Z] auto_inscribe.py — starting run
[2026-07-07T22:18:54Z] auto_inscribe.py — run complete
[2026-07-07T22:23:54Z] auto_inscribe.py — starting run
[2026-07-07T22:23:54Z] auto_inscribe.py — run complete
[2026-07-07T22:28:54Z] auto_inscribe.py — starting run
[2026-07-07T22:28:54Z] auto_inscribe.py — run complete
[2026-07-07T22:33:54Z] auto_inscribe.py — starting run
[2026-07-07T22:33:54Z] auto_inscribe.py — run complete
[2026-07-07T22:38:55Z] auto_inscribe.py — starting run
[2026-07-07T22:38:55Z] auto_inscribe.py — run complete
[2026-07-07T22:43:55Z] auto_inscribe.py — starting run
[2026-07-07T22:43:55Z] auto_inscribe.py — run complete
[2026-07-07T22:48:55Z] auto_inscribe.py — starting run
[2026-07-07T22:48:55Z] auto_inscribe.py — run complete
[2026-07-07T22:53:55Z] auto_inscribe.py — starting run
[2026-07-07T22:53:55Z] auto_inscribe.py — run complete
[2026-07-07T22:58:55Z] auto_inscribe.py — starting run
[2026-07-07T22:58:55Z] auto_inscribe.py — run complete
[2026-07-07T23:03:55Z] auto_inscribe.py — starting run
[2026-07-07T23:03:55Z] auto_inscribe.py — run complete
[2026-07-07T23:08:55Z] auto_inscribe.py — starting run
[2026-07-07T23:08:55Z] auto_inscribe.py — run complete
[2026-07-07T23:13:55Z] auto_inscribe.py — starting run
[2026-07-07T23:13:55Z] auto_inscribe.py — run complete
[2026-07-07T23:18:55Z] auto_inscribe.py — starting run
[2026-07-07T23:18:55Z] auto_inscribe.py — run complete
[2026-07-07T23:23:56Z] auto_inscribe.py — starting run
[2026-07-07T23:23:56Z] auto_inscribe.py — run complete
[2026-07-07T23:28:56Z] auto_inscribe.py — starting run
[2026-07-07T23:28:56Z] auto_inscribe.py — run complete
[2026-07-07T23:33:56Z] auto_inscribe.py — starting run
[2026-07-07T23:33:56Z] auto_inscribe.py — run complete
[2026-07-07T23:38:56Z] auto_inscribe.py — starting run
[2026-07-07T23:38:56Z] auto_inscribe.py — run complete
[2026-07-07T23:43:56Z] auto_inscribe.py — starting run
[2026-07-07T23:43:56Z] auto_inscribe.py — run complete
[2026-07-07T23:48:56Z] auto_inscribe.py — starting run
[2026-07-07T23:48:56Z] auto_inscribe.py — run complete
[2026-07-07T23:53:56Z] auto_inscribe.py — starting run
[2026-07-07T23:53:56Z] auto_inscribe.py — run complete
[2026-07-07T23:58:56Z] auto_inscribe.py — starting run
[2026-07-07T23:58:56Z] auto_inscribe.py — run complete
[2026-07-08T00:03:56Z] auto_inscribe.py — starting run
[2026-07-08T00:03:56Z] auto_inscribe.py — run complete
[2026-07-08T00:08:57Z] auto_inscribe.py — starting run
[2026-07-08T00:08:57Z] auto_inscribe.py — run complete
[2026-07-08T00:13:57Z] auto_inscribe.py — starting run
[2026-07-08T00:13:57Z] auto_inscribe.py — run complete
[2026-07-08T00:18:57Z] auto_inscribe.py — starting run
[2026-07-08T00:18:57Z] auto_inscribe.py — run complete
[2026-07-08T00:23:57Z] auto_inscribe.py — starting run
[2026-07-08T00:23:57Z] auto_inscribe.py — run complete
[2026-07-08T00:28:57Z] auto_inscribe.py — starting run
[2026-07-08T00:28:57Z] auto_inscribe.py — run complete
[2026-07-08T00:33:57Z] auto_inscribe.py — starting run
[2026-07-08T00:33:57Z] auto_inscribe.py — run complete
[2026-07-08T00:38:57Z] auto_inscribe.py — starting run
[2026-07-08T00:38:57Z] auto_inscribe.py — run complete
[2026-07-08T00:43:57Z] auto_inscribe.py — starting run
[2026-07-08T00:43:57Z] auto_inscribe.py — run complete
[2026-07-08T00:48:57Z] auto_inscribe.py — starting run
[2026-07-08T00:48:57Z] auto_inscribe.py — run complete
[2026-07-08T00:53:58Z] auto_inscribe.py — starting run
[2026-07-08T00:53:58Z] auto_inscribe.py — run complete
[2026-07-08T00:58:58Z] auto_inscribe.py — starting run
[2026-07-08T00:58:58Z] auto_inscribe.py — run complete
[2026-07-08T01:03:58Z] auto_inscribe.py — starting run
[2026-07-08T01:03:58Z] auto_inscribe.py — run complete
[2026-07-08T01:08:58Z] auto_inscribe.py — starting run
[2026-07-08T01:08:58Z] auto_inscribe.py — run complete
[2026-07-08T01:13:58Z] auto_inscribe.py — starting run
[2026-07-08T01:13:58Z] auto_inscribe.py — run complete
[2026-07-08T01:18:58Z] auto_inscribe.py — starting run
[2026-07-08T01:18:58Z] auto_inscribe.py — run complete
[2026-07-08T01:23:58Z] auto_inscribe.py — starting run
[2026-07-08T01:23:58Z] auto_inscribe.py — run complete
[2026-07-08T01:28:58Z] auto_inscribe.py — starting run
[2026-07-08T01:28:58Z] auto_inscribe.py — run complete
[2026-07-08T01:33:58Z] auto_inscribe.py — starting run
[2026-07-08T01:33:58Z] auto_inscribe.py — run complete
[2026-07-08T01:38:59Z] auto_inscribe.py — starting run
[2026-07-08T01:38:59Z] auto_inscribe.py — run complete
[2026-07-08T01:43:59Z] auto_inscribe.py — starting run
[2026-07-08T01:43:59Z] auto_inscribe.py — run complete
[2026-07-08T01:48:59Z] auto_inscribe.py — starting run
[2026-07-08T01:48:59Z] auto_inscribe.py — run complete
[2026-07-08T01:53:59Z] auto_inscribe.py — starting run
[2026-07-08T01:53:59Z] auto_inscribe.py — run complete
[2026-07-08T01:58:59Z] auto_inscribe.py — starting run
[2026-07-08T01:58:59Z] auto_inscribe.py — run complete
[2026-07-08T02:03:59Z] auto_inscribe.py — starting run
[2026-07-08T02:03:59Z] auto_inscribe.py — run complete
[2026-07-08T02:08:59Z] auto_inscribe.py — starting run
[2026-07-08T02:08:59Z] auto_inscribe.py — run complete
[2026-07-08T02:13:59Z] auto_inscribe.py — starting run
[2026-07-08T02:13:59Z] auto_inscribe.py — run complete
[2026-07-08T02:18:59Z] auto_inscribe.py — starting run
[2026-07-08T02:18:59Z] auto_inscribe.py — run complete
[2026-07-08T02:24:00Z] auto_inscribe.py — starting run
[2026-07-08T02:24:00Z] auto_inscribe.py — run complete
[2026-07-08T02:29:00Z] auto_inscribe.py — starting run
[2026-07-08T02:29:00Z] auto_inscribe.py — run complete
[2026-07-08T02:34:00Z] auto_inscribe.py — starting run
[2026-07-08T02:34:00Z] auto_inscribe.py — run complete
[2026-07-08T02:39:00Z] auto_inscribe.py — starting run
[2026-07-08T02:39:00Z] auto_inscribe.py — run complete
[2026-07-08T02:44:00Z] auto_inscribe.py — starting run
[2026-07-08T02:44:00Z] auto_inscribe.py — run complete
[2026-07-08T02:49:00Z] auto_inscribe.py — starting run
[2026-07-08T02:49:00Z] auto_inscribe.py — run complete
[2026-07-08T02:54:00Z] auto_inscribe.py — starting run
[2026-07-08T02:54:00Z] auto_inscribe.py — run complete
[2026-07-08T02:59:00Z] auto_inscribe.py — starting run
[2026-07-08T02:59:00Z] auto_inscribe.py — run complete
[2026-07-08T03:04:00Z] auto_inscribe.py — starting run
[2026-07-08T03:04:00Z] auto_inscribe.py — run complete
[2026-07-08T03:09:00Z] auto_inscribe.py — starting run
[2026-07-08T03:09:00Z] auto_inscribe.py — run complete
[2026-07-08T03:14:01Z] auto_inscribe.py — starting run
[2026-07-08T03:14:01Z] auto_inscribe.py — run complete
[2026-07-08T03:19:01Z] auto_inscribe.py — starting run
[2026-07-08T03:19:01Z] auto_inscribe.py — run complete
[2026-07-08T03:24:01Z] auto_inscribe.py — starting run
[2026-07-08T03:24:01Z] auto_inscribe.py — run complete
[2026-07-08T03:29:01Z] auto_inscribe.py — starting run
[2026-07-08T03:29:01Z] auto_inscribe.py — run complete
[2026-07-08T03:34:01Z] auto_inscribe.py — starting run
[2026-07-08T03:34:01Z] auto_inscribe.py — run complete
[2026-07-08T03:39:01Z] auto_inscribe.py — starting run
[2026-07-08T03:39:01Z] auto_inscribe.py — run complete
[2026-07-08T03:44:01Z] auto_inscribe.py — starting run
[2026-07-08T03:44:01Z] auto_inscribe.py — run complete
[2026-07-08T03:49:01Z] auto_inscribe.py — starting run
[2026-07-08T03:49:01Z] auto_inscribe.py — run complete
[2026-07-08T03:54:01Z] auto_inscribe.py — starting run
[2026-07-08T03:54:01Z] auto_inscribe.py — run complete
[2026-07-08T03:59:02Z] auto_inscribe.py — starting run
[2026-07-08T03:59:02Z] auto_inscribe.py — run complete
[2026-07-08T04:04:02Z] auto_inscribe.py — starting run
[2026-07-08T04:04:02Z] auto_inscribe.py — run complete
[2026-07-08T04:09:02Z] auto_inscribe.py — starting run
[2026-07-08T04:09:02Z] auto_inscribe.py — run complete
[2026-07-08T04:14:02Z] auto_inscribe.py — starting run
[2026-07-08T04:14:02Z] auto_inscribe.py — run complete
[2026-07-08T04:19:02Z] auto_inscribe.py — starting run
[2026-07-08T04:19:02Z] auto_inscribe.py — run complete
[2026-07-08T04:24:02Z] auto_inscribe.py — starting run
[2026-07-08T04:24:02Z] auto_inscribe.py — run complete
[2026-07-08T04:29:02Z] auto_inscribe.py — starting run
[2026-07-08T04:29:02Z] auto_inscribe.py — run complete
[2026-07-08T04:34:02Z] auto_inscribe.py — starting run
[2026-07-08T04:34:02Z] auto_inscribe.py — run complete
[2026-07-08T04:39:02Z] auto_inscribe.py — starting run
[2026-07-08T04:39:02Z] auto_inscribe.py — run complete
[2026-07-08T04:44:03Z] auto_inscribe.py — starting run
[2026-07-08T04:44:03Z] auto_inscribe.py — run complete
[2026-07-08T04:49:03Z] auto_inscribe.py — starting run
[2026-07-08T04:49:03Z] auto_inscribe.py — run complete
[2026-07-08T04:54:03Z] auto_inscribe.py — starting run
[2026-07-08T04:54:03Z] auto_inscribe.py — run complete
[2026-07-08T04:59:03Z] auto_inscribe.py — starting run
[2026-07-08T04:59:03Z] auto_inscribe.py — run complete
[2026-07-08T05:04:03Z] auto_inscribe.py — starting run
[2026-07-08T05:04:03Z] auto_inscribe.py — run complete
[2026-07-08T05:09:03Z] auto_inscribe.py — starting run
[2026-07-08T05:09:03Z] auto_inscribe.py — run complete
[2026-07-08T05:14:03Z] auto_inscribe.py — starting run
[2026-07-08T05:14:03Z] auto_inscribe.py — run complete
[2026-07-08T05:19:03Z] auto_inscribe.py — starting run
[2026-07-08T05:19:03Z] auto_inscribe.py — run complete
[2026-07-08T05:24:03Z] auto_inscribe.py — starting run
[2026-07-08T05:24:03Z] auto_inscribe.py — run complete
[2026-07-08T05:29:03Z] auto_inscribe.py — starting run
[2026-07-08T05:29:03Z] auto_inscribe.py — run complete
[2026-07-08T05:34:04Z] auto_inscribe.py — starting run
[2026-07-08T05:34:04Z] auto_inscribe.py — run complete
[2026-07-08T05:39:04Z] auto_inscribe.py — starting run
[2026-07-08T05:39:04Z] auto_inscribe.py — run complete
[2026-07-08T05:44:04Z] auto_inscribe.py — starting run
[2026-07-08T05:44:04Z] auto_inscribe.py — run complete
[2026-07-08T05:49:04Z] auto_inscribe.py — starting run
[2026-07-08T05:49:04Z] auto_inscribe.py — run complete
[2026-07-08T05:54:04Z] auto_inscribe.py — starting run
[2026-07-08T05:54:04Z] auto_inscribe.py — run complete
[2026-07-08T05:59:04Z] auto_inscribe.py — starting run
[2026-07-08T05:59:04Z] auto_inscribe.py — run complete
[2026-07-08T06:04:04Z] auto_inscribe.py — starting run
[2026-07-08T06:04:04Z] auto_inscribe.py — run complete
[2026-07-08T06:09:04Z] auto_inscribe.py — starting run
[2026-07-08T06:09:04Z] auto_inscribe.py — run complete
[2026-07-08T06:14:04Z] auto_inscribe.py — starting run
[2026-07-08T06:14:04Z] auto_inscribe.py — run complete
[2026-07-08T06:19:04Z] auto_inscribe.py — starting run
[2026-07-08T06:19:04Z] auto_inscribe.py — run complete
[2026-07-08T06:24:05Z] auto_inscribe.py — starting run
[2026-07-08T06:24:05Z] auto_inscribe.py — run complete
[2026-07-08T06:29:05Z] auto_inscribe.py — starting run
[2026-07-08T06:29:05Z] auto_inscribe.py — run complete
[2026-07-08T06:34:05Z] auto_inscribe.py — starting run
[2026-07-08T06:34:05Z] auto_inscribe.py — run complete
[2026-07-08T06:39:05Z] auto_inscribe.py — starting run
[2026-07-08T06:39:05Z] auto_inscribe.py — run complete
[2026-07-08T06:44:05Z] auto_inscribe.py — starting run
[2026-07-08T06:44:05Z] auto_inscribe.py — run complete
[2026-07-08T06:49:05Z] auto_inscribe.py — starting run
[2026-07-08T06:49:05Z] auto_inscribe.py — run complete
[2026-07-08T06:54:05Z] auto_inscribe.py — starting run
[2026-07-08T06:54:05Z] auto_inscribe.py — run complete
[2026-07-08T06:59:05Z] auto_inscribe.py — starting run
[2026-07-08T06:59:05Z] auto_inscribe.py — run complete
[2026-07-08T07:04:06Z] auto_inscribe.py — starting run
[2026-07-08T07:04:06Z] auto_inscribe.py — run complete
[2026-07-08T07:09:06Z] auto_inscribe.py — starting run
[2026-07-08T07:09:06Z] auto_inscribe.py — run complete
[2026-07-08T07:14:06Z] auto_inscribe.py — starting run
[2026-07-08T07:14:06Z] auto_inscribe.py — run complete
[2026-07-08T07:19:06Z] auto_inscribe.py — starting run
[2026-07-08T07:19:06Z] auto_inscribe.py — run complete
[2026-07-08T07:24:06Z] auto_inscribe.py — starting run
[2026-07-08T07:24:06Z] auto_inscribe.py — run complete
[2026-07-08T07:29:06Z] auto_inscribe.py — starting run
[2026-07-08T07:29:06Z] auto_inscribe.py — run complete
[2026-07-08T07:34:06Z] auto_inscribe.py — starting run
[2026-07-08T07:34:06Z] auto_inscribe.py — run complete
[2026-07-08T07:39:06Z] auto_inscribe.py — starting run
[2026-07-08T07:39:06Z] auto_inscribe.py — run complete
[2026-07-08T07:44:06Z] auto_inscribe.py — starting run
[2026-07-08T07:44:06Z] auto_inscribe.py — run complete
[2026-07-08T07:49:07Z] auto_inscribe.py — starting run
[2026-07-08T07:49:07Z] auto_inscribe.py — run complete
[2026-07-08T07:54:07Z] auto_inscribe.py — starting run
[2026-07-08T07:54:07Z] auto_inscribe.py — run complete
[2026-07-08T07:59:07Z] auto_inscribe.py — starting run
[2026-07-08T07:59:07Z] auto_inscribe.py — run complete
[2026-07-08T08:04:07Z] auto_inscribe.py — starting run
[2026-07-08T08:04:07Z] auto_inscribe.py — run complete
[2026-07-08T08:09:07Z] auto_inscribe.py — starting run
[2026-07-08T08:09:07Z] auto_inscribe.py — run complete
[2026-07-08T08:14:07Z] auto_inscribe.py — starting run
[2026-07-08T08:14:07Z] auto_inscribe.py — run complete
[2026-07-08T08:19:07Z] auto_inscribe.py — starting run
[2026-07-08T08:19:07Z] auto_inscribe.py — run complete
[2026-07-08T08:24:07Z] auto_inscribe.py — starting run
[2026-07-08T08:24:07Z] auto_inscribe.py — run complete
[2026-07-08T08:29:07Z] auto_inscribe.py — starting run
[2026-07-08T08:29:07Z] auto_inscribe.py — run complete
[2026-07-08T08:34:08Z] auto_inscribe.py — starting run
[2026-07-08T08:34:08Z] auto_inscribe.py — run complete
[2026-07-08T08:39:08Z] auto_inscribe.py — starting run
[2026-07-08T08:39:08Z] auto_inscribe.py — run complete
[2026-07-08T08:44:08Z] auto_inscribe.py — starting run
[2026-07-08T08:44:08Z] auto_inscribe.py — run complete
[2026-07-08T08:49:08Z] auto_inscribe.py — starting run
[2026-07-08T08:49:08Z] auto_inscribe.py — run complete
[2026-07-08T08:54:08Z] auto_inscribe.py — starting run
[2026-07-08T08:54:08Z] auto_inscribe.py — run complete
[2026-07-08T08:59:08Z] auto_inscribe.py — starting run
[2026-07-08T08:59:08Z] auto_inscribe.py — run complete
[2026-07-08T09:04:08Z] auto_inscribe.py — starting run
[2026-07-08T09:04:08Z] auto_inscribe.py — run complete
[2026-07-08T09:09:08Z] auto_inscribe.py — starting run
[2026-07-08T09:09:08Z] auto_inscribe.py — run complete
[2026-07-08T09:14:08Z] auto_inscribe.py — starting run
[2026-07-08T09:14:08Z] auto_inscribe.py — run complete
[2026-07-08T09:19:08Z] auto_inscribe.py — starting run
[2026-07-08T09:19:08Z] auto_inscribe.py — run complete
[2026-07-08T09:24:09Z] auto_inscribe.py — starting run
[2026-07-08T09:24:09Z] auto_inscribe.py — run complete
[2026-07-08T09:29:09Z] auto_inscribe.py — starting run
[2026-07-08T09:29:09Z] auto_inscribe.py — run complete
[2026-07-08T09:34:09Z] auto_inscribe.py — starting run
[2026-07-08T09:34:09Z] auto_inscribe.py — run complete
[2026-07-08T09:39:09Z] auto_inscribe.py — starting run
[2026-07-08T09:39:09Z] auto_inscribe.py — run complete
[2026-07-08T09:44:09Z] auto_inscribe.py — starting run
[2026-07-08T09:44:09Z] auto_inscribe.py — run complete
[2026-07-08T09:49:09Z] auto_inscribe.py — starting run
[2026-07-08T09:49:09Z] auto_inscribe.py — run complete
[2026-07-08T09:54:09Z] auto_inscribe.py — starting run
[2026-07-08T09:54:09Z] auto_inscribe.py — run complete
[2026-07-08T09:59:09Z] auto_inscribe.py — starting run
[2026-07-08T09:59:09Z] auto_inscribe.py — run complete
[2026-07-08T10:04:10Z] auto_inscribe.py — starting run
[2026-07-08T10:04:10Z] auto_inscribe.py — run complete
[2026-07-08T10:09:10Z] auto_inscribe.py — starting run
[2026-07-08T10:09:10Z] auto_inscribe.py — run complete
[2026-07-08T10:14:10Z] auto_inscribe.py — starting run
[2026-07-08T10:14:10Z] auto_inscribe.py — run complete
[2026-07-08T10:19:10Z] auto_inscribe.py — starting run
[2026-07-08T10:19:10Z] auto_inscribe.py — run complete
[2026-07-08T10:24:10Z] auto_inscribe.py — starting run
[2026-07-08T10:24:10Z] auto_inscribe.py — run complete
[2026-07-08T10:29:10Z] auto_inscribe.py — starting run
[2026-07-08T10:29:10Z] auto_inscribe.py — run complete
[2026-07-08T10:34:10Z] auto_inscribe.py — starting run
[2026-07-08T10:34:10Z] auto_inscribe.py — run complete
[2026-07-08T10:39:10Z] auto_inscribe.py — starting run
[2026-07-08T10:39:10Z] auto_inscribe.py — run complete
[2026-07-08T10:44:10Z] auto_inscribe.py — starting run
[2026-07-08T10:44:10Z] auto_inscribe.py — run complete
[2026-07-08T10:49:11Z] auto_inscribe.py — starting run
[2026-07-08T10:49:11Z] auto_inscribe.py — run complete
[2026-07-08T10:54:11Z] auto_inscribe.py — starting run
[2026-07-08T10:54:11Z] auto_inscribe.py — run complete
[2026-07-08T10:59:11Z] auto_inscribe.py — starting run
[2026-07-08T10:59:11Z] auto_inscribe.py — run complete
[2026-07-08T11:04:11Z] auto_inscribe.py — starting run
[2026-07-08T11:04:11Z] auto_inscribe.py — run complete
[2026-07-08T11:09:11Z] auto_inscribe.py — starting run
[2026-07-08T11:09:11Z] auto_inscribe.py — run complete
[2026-07-08T11:14:11Z] auto_inscribe.py — starting run
[2026-07-08T11:14:11Z] auto_inscribe.py — run complete
[2026-07-08T11:19:11Z] auto_inscribe.py — starting run
[2026-07-08T11:19:11Z] auto_inscribe.py — run complete
[2026-07-08T11:24:11Z] auto_inscribe.py — starting run
[2026-07-08T11:24:11Z] auto_inscribe.py — run complete
[2026-07-08T11:29:11Z] auto_inscribe.py — starting run
[2026-07-08T11:29:11Z] auto_inscribe.py — run complete
[2026-07-08T11:34:12Z] auto_inscribe.py — starting run
[2026-07-08T11:34:12Z] auto_inscribe.py — run complete
[2026-07-08T11:39:12Z] auto_inscribe.py — starting run
[2026-07-08T11:39:12Z] auto_inscribe.py — run complete
[2026-07-08T11:44:12Z] auto_inscribe.py — starting run
[2026-07-08T11:44:12Z] auto_inscribe.py — run complete
[2026-07-08T11:49:12Z] auto_inscribe.py — starting run
[2026-07-08T11:49:12Z] auto_inscribe.py — run complete
[2026-07-08T11:54:12Z] auto_inscribe.py — starting run
[2026-07-08T11:54:12Z] auto_inscribe.py — run complete
[2026-07-08T11:59:12Z] auto_inscribe.py — starting run
[2026-07-08T11:59:12Z] auto_inscribe.py — run complete
[2026-07-08T12:04:12Z] auto_inscribe.py — starting run
[2026-07-08T12:04:12Z] auto_inscribe.py — run complete
[2026-07-08T12:09:12Z] auto_inscribe.py — starting run
[2026-07-08T12:09:12Z] auto_inscribe.py — run complete
[2026-07-08T12:14:12Z] auto_inscribe.py — starting run
[2026-07-08T12:14:13Z] auto_inscribe.py — run complete
[2026-07-08T12:19:13Z] auto_inscribe.py — starting run
[2026-07-08T12:19:13Z] auto_inscribe.py — run complete
[2026-07-08T12:24:13Z] auto_inscribe.py — starting run
[2026-07-08T12:24:13Z] auto_inscribe.py — run complete
[2026-07-08T12:29:13Z] auto_inscribe.py — starting run
[2026-07-08T12:29:13Z] auto_inscribe.py — run complete
[2026-07-08T12:34:13Z] auto_inscribe.py — starting run
[2026-07-08T12:34:13Z] auto_inscribe.py — run complete
[2026-07-08T12:39:13Z] auto_inscribe.py — starting run
[2026-07-08T12:39:13Z] auto_inscribe.py — run complete
[2026-07-08T12:44:13Z] auto_inscribe.py — starting run
[2026-07-08T12:44:13Z] auto_inscribe.py — run complete
[2026-07-08T12:49:13Z] auto_inscribe.py — starting run
[2026-07-08T12:49:13Z] auto_inscribe.py — run complete
[2026-07-08T12:54:13Z] auto_inscribe.py — starting run
[2026-07-08T12:54:13Z] auto_inscribe.py — run complete
[2026-07-08T12:59:14Z] auto_inscribe.py — starting run
[2026-07-08T12:59:14Z] auto_inscribe.py — run complete
[2026-07-08T13:04:14Z] auto_inscribe.py — starting run
[2026-07-08T13:04:14Z] auto_inscribe.py — run complete
[2026-07-08T13:09:14Z] auto_inscribe.py — starting run
[2026-07-08T13:09:14Z] auto_inscribe.py — run complete
[2026-07-08T13:14:14Z] auto_inscribe.py — starting run
[2026-07-08T13:14:14Z] auto_inscribe.py — run complete
[2026-07-08T13:19:14Z] auto_inscribe.py — starting run
[2026-07-08T13:19:14Z] auto_inscribe.py — run complete
[2026-07-08T13:24:14Z] auto_inscribe.py — starting run
[2026-07-08T13:24:14Z] auto_inscribe.py — run complete
[2026-07-08T13:29:14Z] auto_inscribe.py — starting run
[2026-07-08T13:29:14Z] auto_inscribe.py — run complete
[2026-07-08T13:34:14Z] auto_inscribe.py — starting run
[2026-07-08T13:34:14Z] auto_inscribe.py — run complete
[2026-07-08T13:39:14Z] auto_inscribe.py — starting run
[2026-07-08T13:39:14Z] auto_inscribe.py — run complete
[2026-07-08T13:44:15Z] auto_inscribe.py — starting run
[2026-07-08T13:44:15Z] auto_inscribe.py — run complete
[2026-07-08T13:49:15Z] auto_inscribe.py — starting run
[2026-07-08T13:49:15Z] auto_inscribe.py — run complete
[2026-07-08T13:54:15Z] auto_inscribe.py — starting run
[2026-07-08T13:54:15Z] auto_inscribe.py — run complete
[2026-07-08T13:59:15Z] auto_inscribe.py — starting run
[2026-07-08T13:59:15Z] auto_inscribe.py — run complete
[2026-07-08T14:04:15Z] auto_inscribe.py — starting run
[2026-07-08T14:04:15Z] auto_inscribe.py — run complete
[2026-07-08T14:09:15Z] auto_inscribe.py — starting run
[2026-07-08T14:09:15Z] auto_inscribe.py — run complete
[2026-07-08T14:14:15Z] auto_inscribe.py — starting run
[2026-07-08T14:14:15Z] auto_inscribe.py — run complete
[2026-07-08T14:19:15Z] auto_inscribe.py — starting run
[2026-07-08T14:19:15Z] auto_inscribe.py — run complete
[2026-07-08T14:24:15Z] auto_inscribe.py — starting run
[2026-07-08T14:24:15Z] auto_inscribe.py — run complete
[2026-07-08T14:29:16Z] auto_inscribe.py — starting run
[2026-07-08T14:29:16Z] auto_inscribe.py — run complete
[2026-07-08T14:34:16Z] auto_inscribe.py — starting run
[2026-07-08T14:34:16Z] auto_inscribe.py — run complete
[2026-07-08T14:39:16Z] auto_inscribe.py — starting run
[2026-07-08T14:39:16Z] auto_inscribe.py — run complete
[2026-07-08T14:44:16Z] auto_inscribe.py — starting run
[2026-07-08T14:44:16Z] auto_inscribe.py — run complete
[2026-07-08T14:49:16Z] auto_inscribe.py — starting run
[2026-07-08T14:49:16Z] auto_inscribe.py — run complete
[2026-07-08T14:54:16Z] auto_inscribe.py — starting run
[2026-07-08T14:54:16Z] auto_inscribe.py — run complete
[2026-07-08T14:59:16Z] auto_inscribe.py — starting run
[2026-07-08T14:59:16Z] auto_inscribe.py — run complete
[2026-07-08T15:04:16Z] auto_inscribe.py — starting run
[2026-07-08T15:04:16Z] auto_inscribe.py — run complete
[2026-07-08T15:09:16Z] auto_inscribe.py — starting run
[2026-07-08T15:09:16Z] auto_inscribe.py — run complete
[2026-07-08T15:14:16Z] auto_inscribe.py — starting run
[2026-07-08T15:14:16Z] auto_inscribe.py — run complete
[2026-07-08T15:19:17Z] auto_inscribe.py — starting run
[2026-07-08T15:19:17Z] auto_inscribe.py — run complete
[2026-07-08T15:24:17Z] auto_inscribe.py — starting run
[2026-07-08T15:24:17Z] auto_inscribe.py — run complete
[2026-07-08T15:29:17Z] auto_inscribe.py — starting run
[2026-07-08T15:29:17Z] auto_inscribe.py — run complete
[2026-07-08T15:34:17Z] auto_inscribe.py — starting run
[2026-07-08T15:34:17Z] auto_inscribe.py — run complete
[2026-07-08T15:39:17Z] auto_inscribe.py — starting run
[2026-07-08T15:39:17Z] auto_inscribe.py — run complete
[2026-07-08T15:44:17Z] auto_inscribe.py — starting run
[2026-07-08T15:44:17Z] auto_inscribe.py — run complete
[2026-07-08T15:49:17Z] auto_inscribe.py — starting run
[2026-07-08T15:49:17Z] auto_inscribe.py — run complete
[2026-07-08T15:54:17Z] auto_inscribe.py — starting run
[2026-07-08T15:54:17Z] auto_inscribe.py — run complete
[2026-07-08T15:59:18Z] auto_inscribe.py — starting run
[2026-07-08T15:59:18Z] auto_inscribe.py — run complete
[2026-07-08T16:04:18Z] auto_inscribe.py — starting run
[2026-07-08T16:04:18Z] auto_inscribe.py — run complete
[2026-07-08T16:09:18Z] auto_inscribe.py — starting run
[2026-07-08T16:09:18Z] auto_inscribe.py — run complete
[2026-07-08T16:14:18Z] auto_inscribe.py — starting run
[2026-07-08T16:14:18Z] auto_inscribe.py — run complete
[2026-07-08T16:19:18Z] auto_inscribe.py — starting run
[2026-07-08T16:19:18Z] auto_inscribe.py — run complete
[2026-07-08T16:24:18Z] auto_inscribe.py — starting run
[2026-07-08T16:24:18Z] auto_inscribe.py — run complete
[2026-07-08T16:29:18Z] auto_inscribe.py — starting run
[2026-07-08T16:29:18Z] auto_inscribe.py — run complete
[2026-07-08T16:34:18Z] auto_inscribe.py — starting run
[2026-07-08T16:34:18Z] auto_inscribe.py — run complete
[2026-07-08T16:39:18Z] auto_inscribe.py — starting run
[2026-07-08T16:39:18Z] auto_inscribe.py — run complete
[2026-07-08T16:44:19Z] auto_inscribe.py — starting run
[2026-07-08T16:44:19Z] auto_inscribe.py — run complete
[2026-07-08T16:49:19Z] auto_inscribe.py — starting run
[2026-07-08T16:49:19Z] auto_inscribe.py — run complete
[2026-07-08T16:54:19Z] auto_inscribe.py — starting run
[2026-07-08T16:54:19Z] auto_inscribe.py — run complete
[2026-07-08T16:59:19Z] auto_inscribe.py — starting run
[2026-07-08T16:59:19Z] auto_inscribe.py — run complete
[2026-07-08T17:04:19Z] auto_inscribe.py — starting run
[2026-07-08T17:04:19Z] auto_inscribe.py — run complete
[2026-07-08T17:09:19Z] auto_inscribe.py — starting run
[2026-07-08T17:09:19Z] auto_inscribe.py — run complete
[2026-07-08T17:14:19Z] auto_inscribe.py — starting run
[2026-07-08T17:14:19Z] auto_inscribe.py — run complete
[2026-07-08T17:19:19Z] auto_inscribe.py — starting run
[2026-07-08T17:19:19Z] auto_inscribe.py — run complete
[2026-07-08T17:24:19Z] auto_inscribe.py — starting run
[2026-07-08T17:24:20Z] auto_inscribe.py — run complete
[2026-07-08T17:29:20Z] auto_inscribe.py — starting run
[2026-07-08T17:29:20Z] auto_inscribe.py — run complete
[2026-07-08T17:34:20Z] auto_inscribe.py — starting run
[2026-07-08T17:34:20Z] auto_inscribe.py — run complete
[2026-07-08T17:39:20Z] auto_inscribe.py — starting run
[2026-07-08T17:39:20Z] auto_inscribe.py — run complete
[2026-07-08T17:44:20Z] auto_inscribe.py — starting run
[2026-07-08T17:44:20Z] auto_inscribe.py — run complete
[2026-07-08T17:49:20Z] auto_inscribe.py — starting run
[2026-07-08T17:49:20Z] auto_inscribe.py — run complete
[2026-07-08T17:54:20Z] auto_inscribe.py — starting run
[2026-07-08T17:54:20Z] auto_inscribe.py — run complete
[2026-07-08T17:59:20Z] auto_inscribe.py — starting run
[2026-07-08T17:59:20Z] auto_inscribe.py — run complete
[2026-07-08T18:04:20Z] auto_inscribe.py — starting run
[2026-07-08T18:04:20Z] auto_inscribe.py — run complete
[2026-07-08T18:09:20Z] auto_inscribe.py — starting run
[2026-07-08T18:09:20Z] auto_inscribe.py — run complete
[2026-07-08T18:14:21Z] auto_inscribe.py — starting run
[2026-07-08T18:14:21Z] auto_inscribe.py — run complete
[2026-07-08T18:19:21Z] auto_inscribe.py — starting run
[2026-07-08T18:19:21Z] auto_inscribe.py — run complete
[2026-07-08T18:24:21Z] auto_inscribe.py — starting run
[2026-07-08T18:24:21Z] auto_inscribe.py — run complete
[2026-07-08T18:29:21Z] auto_inscribe.py — starting run
[2026-07-08T18:29:21Z] auto_inscribe.py — run complete
[2026-07-08T18:34:21Z] auto_inscribe.py — starting run
[2026-07-08T18:34:21Z] auto_inscribe.py — run complete
[2026-07-08T18:39:21Z] auto_inscribe.py — starting run
[2026-07-08T18:39:21Z] auto_inscribe.py — run complete
[2026-07-08T18:44:21Z] auto_inscribe.py — starting run
[2026-07-08T18:44:21Z] auto_inscribe.py — run complete
[2026-07-08T18:49:21Z] auto_inscribe.py — starting run
[2026-07-08T18:49:21Z] auto_inscribe.py — run complete
[2026-07-08T18:54:21Z] auto_inscribe.py — starting run
[2026-07-08T18:54:21Z] auto_inscribe.py — run complete
[2026-07-08T18:59:22Z] auto_inscribe.py — starting run
[2026-07-08T18:59:22Z] auto_inscribe.py — run complete
[2026-07-08T19:04:22Z] auto_inscribe.py — starting run
[2026-07-08T19:04:22Z] auto_inscribe.py — run complete
[2026-07-08T19:09:22Z] auto_inscribe.py — starting run
[2026-07-08T19:09:22Z] auto_inscribe.py — run complete
[2026-07-08T19:14:22Z] auto_inscribe.py — starting run
[2026-07-08T19:14:22Z] auto_inscribe.py — run complete
[2026-07-08T19:19:22Z] auto_inscribe.py — starting run
[2026-07-08T19:19:22Z] auto_inscribe.py — run complete
[2026-07-08T19:24:22Z] auto_inscribe.py — starting run
[2026-07-08T19:24:22Z] auto_inscribe.py — run complete
[2026-07-08T19:29:22Z] auto_inscribe.py — starting run
[2026-07-08T19:29:22Z] auto_inscribe.py — run complete
[2026-07-08T19:34:22Z] auto_inscribe.py — starting run
[2026-07-08T19:34:22Z] auto_inscribe.py — run complete
[2026-07-08T19:39:23Z] auto_inscribe.py — starting run
[2026-07-08T19:39:23Z] auto_inscribe.py — run complete
[2026-07-08T19:44:23Z] auto_inscribe.py — starting run
[2026-07-08T19:44:23Z] auto_inscribe.py — run complete
[2026-07-08T19:49:23Z] auto_inscribe.py — starting run
[2026-07-08T19:49:23Z] auto_inscribe.py — run complete
[2026-07-08T19:54:23Z] auto_inscribe.py — starting run
[2026-07-08T19:54:23Z] auto_inscribe.py — run complete
[2026-07-08T19:59:23Z] auto_inscribe.py — starting run
[2026-07-08T19:59:23Z] auto_inscribe.py — run complete
[2026-07-08T20:04:23Z] auto_inscribe.py — starting run
[2026-07-08T20:04:23Z] auto_inscribe.py — run complete
[2026-07-08T20:09:23Z] auto_inscribe.py — starting run
[2026-07-08T20:09:23Z] auto_inscribe.py — run complete
[2026-07-08T20:14:23Z] auto_inscribe.py — starting run
[2026-07-08T20:14:23Z] auto_inscribe.py — run complete
[2026-07-08T20:19:23Z] auto_inscribe.py — starting run
[2026-07-08T20:19:23Z] auto_inscribe.py — run complete
[2026-07-08T20:24:24Z] auto_inscribe.py — starting run
[2026-07-08T20:24:24Z] auto_inscribe.py — run complete
[2026-07-08T20:29:24Z] auto_inscribe.py — starting run
[2026-07-08T20:29:24Z] auto_inscribe.py — run complete
[2026-07-08T20:34:24Z] auto_inscribe.py — starting run
[2026-07-08T20:34:24Z] auto_inscribe.py — run complete
[2026-07-08T20:39:24Z] auto_inscribe.py — starting run
[2026-07-08T20:39:24Z] auto_inscribe.py — run complete
[2026-07-08T20:44:24Z] auto_inscribe.py — starting run
[2026-07-08T20:44:24Z] auto_inscribe.py — run complete
[2026-07-08T20:49:24Z] auto_inscribe.py — starting run
[2026-07-08T20:49:24Z] auto_inscribe.py — run complete
[2026-07-08T20:54:24Z] auto_inscribe.py — starting run
[2026-07-08T20:54:24Z] auto_inscribe.py — run complete
[2026-07-08T20:59:24Z] auto_inscribe.py — starting run
[2026-07-08T20:59:24Z] auto_inscribe.py — run complete
[2026-07-08T21:04:24Z] auto_inscribe.py — starting run
[2026-07-08T21:04:24Z] auto_inscribe.py — run complete
[2026-07-08T21:09:25Z] auto_inscribe.py — starting run
[2026-07-08T21:09:25Z] auto_inscribe.py — run complete
[2026-07-08T21:14:25Z] auto_inscribe.py — starting run
[2026-07-08T21:14:25Z] auto_inscribe.py — run complete
[2026-07-08T21:19:25Z] auto_inscribe.py — starting run
[2026-07-08T21:19:25Z] auto_inscribe.py — run complete
[2026-07-08T21:24:25Z] auto_inscribe.py — starting run
[2026-07-08T21:24:25Z] auto_inscribe.py — run complete
[2026-07-08T21:29:25Z] auto_inscribe.py — starting run
[2026-07-08T21:29:25Z] auto_inscribe.py — run complete
[2026-07-08T21:34:25Z] auto_inscribe.py — starting run
[2026-07-08T21:34:25Z] auto_inscribe.py — run complete
[2026-07-08T21:39:25Z] auto_inscribe.py — starting run
[2026-07-08T21:39:25Z] auto_inscribe.py — run complete
[2026-07-08T21:44:25Z] auto_inscribe.py — starting run
[2026-07-08T21:44:25Z] auto_inscribe.py — run complete
[2026-07-08T21:49:25Z] auto_inscribe.py — starting run
[2026-07-08T21:49:25Z] auto_inscribe.py — run complete
[2026-07-08T21:54:26Z] auto_inscribe.py — starting run
[2026-07-08T21:54:26Z] auto_inscribe.py — run complete
[2026-07-08T21:59:26Z] auto_inscribe.py — starting run
[2026-07-08T21:59:26Z] auto_inscribe.py — run complete
[2026-07-08T22:04:26Z] auto_inscribe.py — starting run
[2026-07-08T22:04:26Z] auto_inscribe.py — run complete
[2026-07-08T22:09:26Z] auto_inscribe.py — starting run
[2026-07-08T22:09:26Z] auto_inscribe.py — run complete
[2026-07-08T22:14:26Z] auto_inscribe.py — starting run
[2026-07-08T22:14:26Z] auto_inscribe.py — run complete
[2026-07-08T22:19:26Z] auto_inscribe.py — starting run
[2026-07-08T22:19:26Z] auto_inscribe.py — run complete
[2026-07-08T22:24:26Z] auto_inscribe.py — starting run
[2026-07-08T22:24:26Z] auto_inscribe.py — run complete
[2026-07-08T22:29:26Z] auto_inscribe.py — starting run
[2026-07-08T22:29:26Z] auto_inscribe.py — run complete
[2026-07-08T22:34:26Z] auto_inscribe.py — starting run
[2026-07-08T22:34:26Z] auto_inscribe.py — run complete
[2026-07-08T22:39:27Z] auto_inscribe.py — starting run
[2026-07-08T22:39:27Z] auto_inscribe.py — run complete
[2026-07-08T22:44:27Z] auto_inscribe.py — starting run
[2026-07-08T22:44:27Z] auto_inscribe.py — run complete
[2026-07-08T22:49:27Z] auto_inscribe.py — starting run
[2026-07-08T22:49:27Z] auto_inscribe.py — run complete
[2026-07-08T22:54:27Z] auto_inscribe.py — starting run
[2026-07-08T22:54:27Z] auto_inscribe.py — run complete
[2026-07-08T22:59:27Z] auto_inscribe.py — starting run
[2026-07-08T22:59:27Z] auto_inscribe.py — run complete
[2026-07-08T23:04:27Z] auto_inscribe.py — starting run
[2026-07-08T23:04:27Z] auto_inscribe.py — run complete
[2026-07-08T23:09:27Z] auto_inscribe.py — starting run
[2026-07-08T23:09:27Z] auto_inscribe.py — run complete
[2026-07-08T23:14:27Z] auto_inscribe.py — starting run
[2026-07-08T23:14:27Z] auto_inscribe.py — run complete
[2026-07-08T23:19:27Z] auto_inscribe.py — starting run
[2026-07-08T23:19:27Z] auto_inscribe.py — run complete
[2026-07-08T23:24:28Z] auto_inscribe.py — starting run
[2026-07-08T23:24:28Z] auto_inscribe.py — run complete
[2026-07-08T23:29:28Z] auto_inscribe.py — starting run
[2026-07-08T23:29:28Z] auto_inscribe.py — run complete
[2026-07-08T23:34:28Z] auto_inscribe.py — starting run
[2026-07-08T23:34:28Z] auto_inscribe.py — run complete
[2026-07-08T23:39:28Z] auto_inscribe.py — starting run
[2026-07-08T23:39:28Z] auto_inscribe.py — run complete
[2026-07-08T23:44:28Z] auto_inscribe.py — starting run
[2026-07-08T23:44:28Z] auto_inscribe.py — run complete
[2026-07-08T23:49:28Z] auto_inscribe.py — starting run
[2026-07-08T23:49:28Z] auto_inscribe.py — run complete
[2026-07-08T23:54:28Z] auto_inscribe.py — starting run
[2026-07-08T23:54:28Z] auto_inscribe.py — run complete
[2026-07-08T23:59:28Z] auto_inscribe.py — starting run
[2026-07-08T23:59:28Z] auto_inscribe.py — run complete
[2026-07-09T00:04:28Z] auto_inscribe.py — starting run
[2026-07-09T00:04:28Z] auto_inscribe.py — run complete
[2026-07-09T00:09:29Z] auto_inscribe.py — starting run
[2026-07-09T00:09:29Z] auto_inscribe.py — run complete
[2026-07-09T00:14:29Z] auto_inscribe.py — starting run
[2026-07-09T00:14:29Z] auto_inscribe.py — run complete
[2026-07-09T00:19:29Z] auto_inscribe.py — starting run
[2026-07-09T00:19:29Z] auto_inscribe.py — run complete
[2026-07-09T00:24:29Z] auto_inscribe.py — starting run
[2026-07-09T00:24:29Z] auto_inscribe.py — run complete
[2026-07-09T00:29:29Z] auto_inscribe.py — starting run
[2026-07-09T00:29:29Z] auto_inscribe.py — run complete
[2026-07-09T00:34:29Z] auto_inscribe.py — starting run
[2026-07-09T00:34:29Z] auto_inscribe.py — run complete
[2026-07-09T00:39:29Z] auto_inscribe.py — starting run
[2026-07-09T00:39:29Z] auto_inscribe.py — run complete
[2026-07-09T00:44:29Z] auto_inscribe.py — starting run
[2026-07-09T00:44:29Z] auto_inscribe.py — run complete
[2026-07-09T00:49:29Z] auto_inscribe.py — starting run
[2026-07-09T00:49:29Z] auto_inscribe.py — run complete
[2026-07-09T00:54:30Z] auto_inscribe.py — starting run
[2026-07-09T00:54:30Z] auto_inscribe.py — run complete
[2026-07-09T00:59:30Z] auto_inscribe.py — starting run
[2026-07-09T00:59:30Z] auto_inscribe.py — run complete
[2026-07-09T01:04:30Z] auto_inscribe.py — starting run
[2026-07-09T01:04:30Z] auto_inscribe.py — run complete
[2026-07-09T01:09:30Z] auto_inscribe.py — starting run
[2026-07-09T01:09:30Z] auto_inscribe.py — run complete
[2026-07-09T01:14:30Z] auto_inscribe.py — starting run
[2026-07-09T01:14:30Z] auto_inscribe.py — run complete
[2026-07-09T01:19:30Z] auto_inscribe.py — starting run
[2026-07-09T01:19:30Z] auto_inscribe.py — run complete
[2026-07-09T01:24:30Z] auto_inscribe.py — starting run
[2026-07-09T01:24:30Z] auto_inscribe.py — run complete
[2026-07-09T01:29:30Z] auto_inscribe.py — starting run
[2026-07-09T01:29:30Z] auto_inscribe.py — run complete
[2026-07-09T01:34:30Z] auto_inscribe.py — starting run
[2026-07-09T01:34:30Z] auto_inscribe.py — run complete
[2026-07-09T01:39:31Z] auto_inscribe.py — starting run
[2026-07-09T01:39:31Z] auto_inscribe.py — run complete
[2026-07-09T01:44:31Z] auto_inscribe.py — starting run
[2026-07-09T01:44:31Z] auto_inscribe.py — run complete
[2026-07-09T01:49:31Z] auto_inscribe.py — starting run
[2026-07-09T01:49:31Z] auto_inscribe.py — run complete
[2026-07-09T01:54:31Z] auto_inscribe.py — starting run
[2026-07-09T01:54:31Z] auto_inscribe.py — run complete
[2026-07-09T01:59:31Z] auto_inscribe.py — starting run
[2026-07-09T01:59:31Z] auto_inscribe.py — run complete
[2026-07-09T02:04:31Z] auto_inscribe.py — starting run
[2026-07-09T02:04:31Z] auto_inscribe.py — run complete
[2026-07-09T02:09:31Z] auto_inscribe.py — starting run
[2026-07-09T02:09:31Z] auto_inscribe.py — run complete
[2026-07-09T02:14:31Z] auto_inscribe.py — starting run
[2026-07-09T02:14:31Z] auto_inscribe.py — run complete
[2026-07-09T02:19:31Z] auto_inscribe.py — starting run
[2026-07-09T02:19:31Z] auto_inscribe.py — run complete
[2026-07-09T02:24:32Z] auto_inscribe.py — starting run
[2026-07-09T02:24:32Z] auto_inscribe.py — run complete
[2026-07-09T02:29:32Z] auto_inscribe.py — starting run
[2026-07-09T02:29:32Z] auto_inscribe.py — run complete
[2026-07-09T02:34:32Z] auto_inscribe.py — starting run
[2026-07-09T02:34:32Z] auto_inscribe.py — run complete
[2026-07-09T02:39:32Z] auto_inscribe.py — starting run
[2026-07-09T02:39:32Z] auto_inscribe.py — run complete
[2026-07-09T02:44:32Z] auto_inscribe.py — starting run
[2026-07-09T02:44:32Z] auto_inscribe.py — run complete
[2026-07-09T02:49:32Z] auto_inscribe.py — starting run
[2026-07-09T02:49:32Z] auto_inscribe.py — run complete
[2026-07-09T02:54:32Z] auto_inscribe.py — starting run
[2026-07-09T02:54:32Z] auto_inscribe.py — run complete
[2026-07-09T02:59:32Z] auto_inscribe.py — starting run
[2026-07-09T02:59:32Z] auto_inscribe.py — run complete
[2026-07-09T03:04:32Z] auto_inscribe.py — starting run
[2026-07-09T03:04:32Z] auto_inscribe.py — run complete
[2026-07-09T03:09:33Z] auto_inscribe.py — starting run
[2026-07-09T03:09:33Z] auto_inscribe.py — run complete
[2026-07-09T03:14:33Z] auto_inscribe.py — starting run
[2026-07-09T03:14:33Z] auto_inscribe.py — run complete
[2026-07-09T03:19:33Z] auto_inscribe.py — starting run
[2026-07-09T03:19:33Z] auto_inscribe.py — run complete
[2026-07-09T03:24:33Z] auto_inscribe.py — starting run
[2026-07-09T03:24:33Z] auto_inscribe.py — run complete
[2026-07-09T03:29:33Z] auto_inscribe.py — starting run
[2026-07-09T03:29:33Z] auto_inscribe.py — run complete
[2026-07-09T03:34:33Z] auto_inscribe.py — starting run
[2026-07-09T03:34:33Z] auto_inscribe.py — run complete
[2026-07-09T03:39:33Z] auto_inscribe.py — starting run
[2026-07-09T03:39:33Z] auto_inscribe.py — run complete
[2026-07-09T03:44:33Z] auto_inscribe.py — starting run
[2026-07-09T03:44:33Z] auto_inscribe.py — run complete
[2026-07-09T03:49:33Z] auto_inscribe.py — starting run
[2026-07-09T03:49:33Z] auto_inscribe.py — run complete
[2026-07-09T03:54:34Z] auto_inscribe.py — starting run
[2026-07-09T03:54:34Z] auto_inscribe.py — run complete
[2026-07-09T03:59:34Z] auto_inscribe.py — starting run
[2026-07-09T03:59:34Z] auto_inscribe.py — run complete
[2026-07-09T04:04:34Z] auto_inscribe.py — starting run
[2026-07-09T04:04:34Z] auto_inscribe.py — run complete
[2026-07-09T04:09:34Z] auto_inscribe.py — starting run
[2026-07-09T04:09:34Z] auto_inscribe.py — run complete
[2026-07-09T04:14:34Z] auto_inscribe.py — starting run
[2026-07-09T04:14:34Z] auto_inscribe.py — run complete
[2026-07-09T04:19:34Z] auto_inscribe.py — starting run
[2026-07-09T04:19:34Z] auto_inscribe.py — run complete
[2026-07-09T04:24:34Z] auto_inscribe.py — starting run
[2026-07-09T04:24:34Z] auto_inscribe.py — run complete
[2026-07-09T04:29:34Z] auto_inscribe.py — starting run
[2026-07-09T04:29:34Z] auto_inscribe.py — run complete
[2026-07-09T04:34:34Z] auto_inscribe.py — starting run
[2026-07-09T04:34:34Z] auto_inscribe.py — run complete
[2026-07-09T04:39:34Z] auto_inscribe.py — starting run
[2026-07-09T04:39:34Z] auto_inscribe.py — run complete
[2026-07-09T04:44:35Z] auto_inscribe.py — starting run
[2026-07-09T04:44:35Z] auto_inscribe.py — run complete
[2026-07-09T04:49:35Z] auto_inscribe.py — starting run
[2026-07-09T04:49:35Z] auto_inscribe.py — run complete
[2026-07-09T04:54:35Z] auto_inscribe.py — starting run
[2026-07-09T04:54:35Z] auto_inscribe.py — run complete
[2026-07-09T04:59:35Z] auto_inscribe.py — starting run
[2026-07-09T04:59:35Z] auto_inscribe.py — run complete
[2026-07-09T05:04:35Z] auto_inscribe.py — starting run
[2026-07-09T05:04:35Z] auto_inscribe.py — run complete
[2026-07-09T05:09:35Z] auto_inscribe.py — starting run
[2026-07-09T05:09:35Z] auto_inscribe.py — run complete
[2026-07-09T05:14:35Z] auto_inscribe.py — starting run
[2026-07-09T05:14:35Z] auto_inscribe.py — run complete
[2026-07-09T05:19:35Z] auto_inscribe.py — starting run
[2026-07-09T05:19:35Z] auto_inscribe.py — run complete
[2026-07-09T05:24:35Z] auto_inscribe.py — starting run
[2026-07-09T05:24:35Z] auto_inscribe.py — run complete
[2026-07-09T05:29:36Z] auto_inscribe.py — starting run
[2026-07-09T05:29:36Z] auto_inscribe.py — run complete
[2026-07-09T05:34:36Z] auto_inscribe.py — starting run
[2026-07-09T05:34:36Z] auto_inscribe.py — run complete
[2026-07-09T05:39:36Z] auto_inscribe.py — starting run
[2026-07-09T05:39:36Z] auto_inscribe.py — run complete
[2026-07-09T05:44:36Z] auto_inscribe.py — starting run
[2026-07-09T05:44:36Z] auto_inscribe.py — run complete
[2026-07-09T05:49:36Z] auto_inscribe.py — starting run
[2026-07-09T05:49:36Z] auto_inscribe.py — run complete
[2026-07-09T05:54:36Z] auto_inscribe.py — starting run
[2026-07-09T05:54:36Z] auto_inscribe.py — run complete
[2026-07-09T05:59:36Z] auto_inscribe.py — starting run
[2026-07-09T05:59:36Z] auto_inscribe.py — run complete
[2026-07-09T06:04:36Z] auto_inscribe.py — starting run
[2026-07-09T06:04:36Z] auto_inscribe.py — run complete
[2026-07-09T06:09:36Z] auto_inscribe.py — starting run
[2026-07-09T06:09:36Z] auto_inscribe.py — run complete
[2026-07-09T06:14:37Z] auto_inscribe.py — starting run
[2026-07-09T06:14:37Z] auto_inscribe.py — run complete
[2026-07-09T06:19:37Z] auto_inscribe.py — starting run
[2026-07-09T06:19:37Z] auto_inscribe.py — run complete
[2026-07-09T06:24:37Z] auto_inscribe.py — starting run
[2026-07-09T06:24:37Z] auto_inscribe.py — run complete
[2026-07-09T06:29:37Z] auto_inscribe.py — starting run
[2026-07-09T06:29:37Z] auto_inscribe.py — run complete
[2026-07-09T06:34:37Z] auto_inscribe.py — starting run
[2026-07-09T06:34:37Z] auto_inscribe.py — run complete
[2026-07-09T06:39:37Z] auto_inscribe.py — starting run
[2026-07-09T06:39:37Z] auto_inscribe.py — run complete
[2026-07-09T06:44:37Z] auto_inscribe.py — starting run
[2026-07-09T06:44:37Z] auto_inscribe.py — run complete
[2026-07-09T06:49:37Z] auto_inscribe.py — starting run
[2026-07-09T06:49:37Z] auto_inscribe.py — run complete
[2026-07-09T06:54:37Z] auto_inscribe.py — starting run
[2026-07-09T06:54:37Z] auto_inscribe.py — run complete
[2026-07-09T06:59:38Z] auto_inscribe.py — starting run
[2026-07-09T06:59:38Z] auto_inscribe.py — run complete
[2026-07-09T07:04:38Z] auto_inscribe.py — starting run
[2026-07-09T07:04:38Z] auto_inscribe.py — run complete
[2026-07-09T07:09:38Z] auto_inscribe.py — starting run
[2026-07-09T07:09:38Z] auto_inscribe.py — run complete
[2026-07-09T07:14:38Z] auto_inscribe.py — starting run
[2026-07-09T07:14:38Z] auto_inscribe.py — run complete
[2026-07-09T07:19:38Z] auto_inscribe.py — starting run
[2026-07-09T07:19:38Z] auto_inscribe.py — run complete
[2026-07-09T07:24:38Z] auto_inscribe.py — starting run
[2026-07-09T07:24:38Z] auto_inscribe.py — run complete
[2026-07-09T07:29:38Z] auto_inscribe.py — starting run
[2026-07-09T07:29:38Z] auto_inscribe.py — run complete
[2026-07-09T07:34:38Z] auto_inscribe.py — starting run
[2026-07-09T07:34:38Z] auto_inscribe.py — run complete
[2026-07-09T07:39:38Z] auto_inscribe.py — starting run
[2026-07-09T07:39:38Z] auto_inscribe.py — run complete
[2026-07-09T07:44:39Z] auto_inscribe.py — starting run
[2026-07-09T07:44:39Z] auto_inscribe.py — run complete
[2026-07-09T07:49:39Z] auto_inscribe.py — starting run
[2026-07-09T07:49:39Z] auto_inscribe.py — run complete
[2026-07-09T07:54:39Z] auto_inscribe.py — starting run
[2026-07-09T07:54:39Z] auto_inscribe.py — run complete
[2026-07-09T07:59:39Z] auto_inscribe.py — starting run
[2026-07-09T07:59:39Z] auto_inscribe.py — run complete
[2026-07-09T08:04:39Z] auto_inscribe.py — starting run
[2026-07-09T08:04:39Z] auto_inscribe.py — run complete
[2026-07-09T08:09:39Z] auto_inscribe.py — starting run
[2026-07-09T08:09:39Z] auto_inscribe.py — run complete
[2026-07-09T08:14:39Z] auto_inscribe.py — starting run
[2026-07-09T08:14:39Z] auto_inscribe.py — run complete
[2026-07-09T08:19:39Z] auto_inscribe.py — starting run
[2026-07-09T08:19:39Z] auto_inscribe.py — run complete
[2026-07-09T08:24:39Z] auto_inscribe.py — starting run
[2026-07-09T08:24:39Z] auto_inscribe.py — run complete
[2026-07-09T08:29:40Z] auto_inscribe.py — starting run
[2026-07-09T08:29:40Z] auto_inscribe.py — run complete
[2026-07-09T08:34:40Z] auto_inscribe.py — starting run
[2026-07-09T08:34:40Z] auto_inscribe.py — run complete
[2026-07-09T08:39:40Z] auto_inscribe.py — starting run
[2026-07-09T08:39:40Z] auto_inscribe.py — run complete
[2026-07-09T08:44:40Z] auto_inscribe.py — starting run
[2026-07-09T08:44:40Z] auto_inscribe.py — run complete
[2026-07-09T08:49:40Z] auto_inscribe.py — starting run
[2026-07-09T08:49:40Z] auto_inscribe.py — run complete
[2026-07-09T08:54:40Z] auto_inscribe.py — starting run
[2026-07-09T08:54:40Z] auto_inscribe.py — run complete
[2026-07-09T08:59:40Z] auto_inscribe.py — starting run
[2026-07-09T08:59:40Z] auto_inscribe.py — run complete
[2026-07-09T09:04:40Z] auto_inscribe.py — starting run
[2026-07-09T09:04:40Z] auto_inscribe.py — run complete
[2026-07-09T09:09:40Z] auto_inscribe.py — starting run
[2026-07-09T09:09:40Z] auto_inscribe.py — run complete
[2026-07-09T09:14:41Z] auto_inscribe.py — starting run
[2026-07-09T09:14:41Z] auto_inscribe.py — run complete
[2026-07-09T09:19:41Z] auto_inscribe.py — starting run
[2026-07-09T09:19:41Z] auto_inscribe.py — run complete
[2026-07-09T09:24:41Z] auto_inscribe.py — starting run
[2026-07-09T09:24:41Z] auto_inscribe.py — run complete
[2026-07-09T09:29:41Z] auto_inscribe.py — starting run
[2026-07-09T09:29:41Z] auto_inscribe.py — run complete
[2026-07-09T09:34:41Z] auto_inscribe.py — starting run
[2026-07-09T09:34:41Z] auto_inscribe.py — run complete
[2026-07-09T09:39:41Z] auto_inscribe.py — starting run
[2026-07-09T09:39:41Z] auto_inscribe.py — run complete
[2026-07-09T09:44:41Z] auto_inscribe.py — starting run
[2026-07-09T09:44:41Z] auto_inscribe.py — run complete
[2026-07-09T09:49:41Z] auto_inscribe.py — starting run
[2026-07-09T09:49:41Z] auto_inscribe.py — run complete
[2026-07-09T09:54:41Z] auto_inscribe.py — starting run
[2026-07-09T09:54:41Z] auto_inscribe.py — run complete
[2026-07-09T09:59:41Z] auto_inscribe.py — starting run
[2026-07-09T09:59:41Z] auto_inscribe.py — run complete
[2026-07-09T10:04:42Z] auto_inscribe.py — starting run
[2026-07-09T10:04:42Z] auto_inscribe.py — run complete
[2026-07-09T10:09:42Z] auto_inscribe.py — starting run
[2026-07-09T10:09:42Z] auto_inscribe.py — run complete
[2026-07-09T10:14:42Z] auto_inscribe.py — starting run
[2026-07-09T10:14:42Z] auto_inscribe.py — run complete
[2026-07-09T10:19:42Z] auto_inscribe.py — starting run
[2026-07-09T10:19:42Z] auto_inscribe.py — run complete
[2026-07-09T10:24:42Z] auto_inscribe.py — starting run
[2026-07-09T10:24:42Z] auto_inscribe.py — run complete
[2026-07-09T10:29:42Z] auto_inscribe.py — starting run
[2026-07-09T10:29:42Z] auto_inscribe.py — run complete
[2026-07-09T10:34:42Z] auto_inscribe.py — starting run
[2026-07-09T10:34:42Z] auto_inscribe.py — run complete
[2026-07-09T10:39:42Z] auto_inscribe.py — starting run
[2026-07-09T10:39:42Z] auto_inscribe.py — run complete
[2026-07-09T10:44:42Z] auto_inscribe.py — starting run
[2026-07-09T10:44:42Z] auto_inscribe.py — run complete
[2026-07-09T10:49:43Z] auto_inscribe.py — starting run
[2026-07-09T10:49:43Z] auto_inscribe.py — run complete
[2026-07-09T10:54:43Z] auto_inscribe.py — starting run
[2026-07-09T10:54:43Z] auto_inscribe.py — run complete
[2026-07-09T10:59:43Z] auto_inscribe.py — starting run
[2026-07-09T10:59:43Z] auto_inscribe.py — run complete
[2026-07-09T11:04:43Z] auto_inscribe.py — starting run
[2026-07-09T11:04:43Z] auto_inscribe.py — run complete
[2026-07-09T11:09:43Z] auto_inscribe.py — starting run
[2026-07-09T11:09:43Z] auto_inscribe.py — run complete
[2026-07-09T11:14:43Z] auto_inscribe.py — starting run
[2026-07-09T11:14:43Z] auto_inscribe.py — run complete
[2026-07-09T11:19:43Z] auto_inscribe.py — starting run
[2026-07-09T11:19:43Z] auto_inscribe.py — run complete
[2026-07-09T11:24:43Z] auto_inscribe.py — starting run
[2026-07-09T11:24:43Z] auto_inscribe.py — run complete
[2026-07-09T11:29:43Z] auto_inscribe.py — starting run
[2026-07-09T11:29:43Z] auto_inscribe.py — run complete
[2026-07-09T11:34:44Z] auto_inscribe.py — starting run
[2026-07-09T11:34:44Z] auto_inscribe.py — run complete
[2026-07-09T11:39:44Z] auto_inscribe.py — starting run
[2026-07-09T11:39:44Z] auto_inscribe.py — run complete
[2026-07-09T11:44:44Z] auto_inscribe.py — starting run
[2026-07-09T11:44:44Z] auto_inscribe.py — run complete
[2026-07-09T11:49:44Z] auto_inscribe.py — starting run
[2026-07-09T11:49:44Z] auto_inscribe.py — run complete
[2026-07-09T11:54:44Z] auto_inscribe.py — starting run
[2026-07-09T11:54:44Z] auto_inscribe.py — run complete
[2026-07-09T11:59:44Z] auto_inscribe.py — starting run
[2026-07-09T11:59:44Z] auto_inscribe.py — run complete
[2026-07-09T12:04:44Z] auto_inscribe.py — starting run
[2026-07-09T12:04:44Z] auto_inscribe.py — run complete
[2026-07-09T12:09:44Z] auto_inscribe.py — starting run
[2026-07-09T12:09:44Z] auto_inscribe.py — run complete
[2026-07-09T12:14:44Z] auto_inscribe.py — starting run
[2026-07-09T12:14:44Z] auto_inscribe.py — run complete
[2026-07-09T12:19:45Z] auto_inscribe.py — starting run
[2026-07-09T12:19:45Z] auto_inscribe.py — run complete
[2026-07-09T12:24:45Z] auto_inscribe.py — starting run
[2026-07-09T12:24:45Z] auto_inscribe.py — run complete
[2026-07-09T12:29:45Z] auto_inscribe.py — starting run
[2026-07-09T12:29:45Z] auto_inscribe.py — run complete
[2026-07-09T12:34:45Z] auto_inscribe.py — starting run
[2026-07-09T12:34:45Z] auto_inscribe.py — run complete
[2026-07-09T12:39:45Z] auto_inscribe.py — starting run
[2026-07-09T12:39:45Z] auto_inscribe.py — run complete
[2026-07-09T12:44:45Z] auto_inscribe.py — starting run
[2026-07-09T12:44:45Z] auto_inscribe.py — run complete
[2026-07-09T12:49:45Z] auto_inscribe.py — starting run
[2026-07-09T12:49:45Z] auto_inscribe.py — run complete
[2026-07-09T12:54:45Z] auto_inscribe.py — starting run
[2026-07-09T12:54:45Z] auto_inscribe.py — run complete
[2026-07-09T12:59:45Z] auto_inscribe.py — starting run
[2026-07-09T12:59:46Z] auto_inscribe.py — run complete
[2026-07-09T13:04:46Z] auto_inscribe.py — starting run
[2026-07-09T13:04:46Z] auto_inscribe.py — run complete
[2026-07-09T13:09:46Z] auto_inscribe.py — starting run
[2026-07-09T13:09:46Z] auto_inscribe.py — run complete
[2026-07-09T13:14:46Z] auto_inscribe.py — starting run
[2026-07-09T13:14:46Z] auto_inscribe.py — run complete
[2026-07-09T13:19:46Z] auto_inscribe.py — starting run
[2026-07-09T13:19:46Z] auto_inscribe.py — run complete
[2026-07-09T13:24:46Z] auto_inscribe.py — starting run
[2026-07-09T13:24:46Z] auto_inscribe.py — run complete
[2026-07-09T13:29:46Z] auto_inscribe.py — starting run
[2026-07-09T13:29:46Z] auto_inscribe.py — run complete
[2026-07-09T13:34:46Z] auto_inscribe.py — starting run
[2026-07-09T13:34:46Z] auto_inscribe.py — run complete
[2026-07-09T13:39:46Z] auto_inscribe.py — starting run
[2026-07-09T13:39:46Z] auto_inscribe.py — run complete
[2026-07-09T13:44:46Z] auto_inscribe.py — starting run
[2026-07-09T13:44:46Z] auto_inscribe.py — run complete
[2026-07-09T13:49:47Z] auto_inscribe.py — starting run
[2026-07-09T13:49:47Z] auto_inscribe.py — run complete
[2026-07-09T13:54:47Z] auto_inscribe.py — starting run
[2026-07-09T13:54:47Z] auto_inscribe.py — run complete
[2026-07-09T13:59:47Z] auto_inscribe.py — starting run
[2026-07-09T13:59:47Z] auto_inscribe.py — run complete
[2026-07-09T14:04:47Z] auto_inscribe.py — starting run
[2026-07-09T14:04:47Z] auto_inscribe.py — run complete
[2026-07-09T14:09:47Z] auto_inscribe.py — starting run
[2026-07-09T14:09:47Z] auto_inscribe.py — run complete
[2026-07-09T14:14:47Z] auto_inscribe.py — starting run
[2026-07-09T14:14:47Z] auto_inscribe.py — run complete
[2026-07-09T14:19:47Z] auto_inscribe.py — starting run
[2026-07-09T14:19:47Z] auto_inscribe.py — run complete
[2026-07-09T14:24:47Z] auto_inscribe.py — starting run
[2026-07-09T14:24:47Z] auto_inscribe.py — run complete
[2026-07-09T14:29:47Z] auto_inscribe.py — starting run
[2026-07-09T14:29:47Z] auto_inscribe.py — run complete
[2026-07-09T14:34:47Z] auto_inscribe.py — starting run
[2026-07-09T14:34:47Z] auto_inscribe.py — run complete
[2026-07-09T14:39:48Z] auto_inscribe.py — starting run
[2026-07-09T14:39:48Z] auto_inscribe.py — run complete
[2026-07-09T14:44:48Z] auto_inscribe.py — starting run
[2026-07-09T14:44:48Z] auto_inscribe.py — run complete
[2026-07-09T14:49:48Z] auto_inscribe.py — starting run
[2026-07-09T14:49:48Z] auto_inscribe.py — run complete
[2026-07-09T14:54:48Z] auto_inscribe.py — starting run
[2026-07-09T14:54:48Z] auto_inscribe.py — run complete
[2026-07-09T14:59:48Z] auto_inscribe.py — starting run
[2026-07-09T14:59:48Z] auto_inscribe.py — run complete
[2026-07-09T15:04:48Z] auto_inscribe.py — starting run
[2026-07-09T15:04:48Z] auto_inscribe.py — run complete
[2026-07-09T15:09:48Z] auto_inscribe.py — starting run
[2026-07-09T15:09:48Z] auto_inscribe.py — run complete
[2026-07-09T15:14:48Z] auto_inscribe.py — starting run
[2026-07-09T15:14:48Z] auto_inscribe.py — run complete
[2026-07-09T15:19:48Z] auto_inscribe.py — starting run
[2026-07-09T15:19:48Z] auto_inscribe.py — run complete
[2026-07-09T15:24:49Z] auto_inscribe.py — starting run
[2026-07-09T15:24:49Z] auto_inscribe.py — run complete
[2026-07-09T15:29:49Z] auto_inscribe.py — starting run
[2026-07-09T15:29:49Z] auto_inscribe.py — run complete
[2026-07-09T15:34:49Z] auto_inscribe.py — starting run
[2026-07-09T15:34:49Z] auto_inscribe.py — run complete
[2026-07-09T15:39:49Z] auto_inscribe.py — starting run
[2026-07-09T15:39:49Z] auto_inscribe.py — run complete
[2026-07-09T15:44:49Z] auto_inscribe.py — starting run
[2026-07-09T15:44:49Z] auto_inscribe.py — run complete
[2026-07-09T15:49:49Z] auto_inscribe.py — starting run
[2026-07-09T15:49:49Z] auto_inscribe.py — run complete
[2026-07-09T15:54:49Z] auto_inscribe.py — starting run
[2026-07-09T15:54:49Z] auto_inscribe.py — run complete
[2026-07-09T15:59:49Z] auto_inscribe.py — starting run
[2026-07-09T15:59:49Z] auto_inscribe.py — run complete
[2026-07-09T16:04:50Z] auto_inscribe.py — starting run
[2026-07-09T16:04:50Z] auto_inscribe.py — run complete
[2026-07-09T16:09:50Z] auto_inscribe.py — starting run
[2026-07-09T16:09:50Z] auto_inscribe.py — run complete
[2026-07-09T16:14:50Z] auto_inscribe.py — starting run
[2026-07-09T16:14:50Z] auto_inscribe.py — run complete
[2026-07-09T16:19:50Z] auto_inscribe.py — starting run
[2026-07-09T16:19:50Z] auto_inscribe.py — run complete
[2026-07-09T16:24:50Z] auto_inscribe.py — starting run
[2026-07-09T16:24:50Z] auto_inscribe.py — run complete
[2026-07-09T16:29:50Z] auto_inscribe.py — starting run
[2026-07-09T16:29:50Z] auto_inscribe.py — run complete
[2026-07-09T16:34:50Z] auto_inscribe.py — starting run
[2026-07-09T16:34:50Z] auto_inscribe.py — run complete
[2026-07-09T16:39:50Z] auto_inscribe.py — starting run
[2026-07-09T16:39:50Z] auto_inscribe.py — run complete
[2026-07-09T16:44:51Z] auto_inscribe.py — starting run
[2026-07-09T16:44:51Z] auto_inscribe.py — run complete
[2026-07-09T16:49:51Z] auto_inscribe.py — starting run
[2026-07-09T16:49:51Z] auto_inscribe.py — run complete
[2026-07-09T16:54:51Z] auto_inscribe.py — starting run
[2026-07-09T16:54:51Z] auto_inscribe.py — run complete
[2026-07-09T16:59:51Z] auto_inscribe.py — starting run
[2026-07-09T16:59:51Z] auto_inscribe.py — run complete
[2026-07-09T17:04:51Z] auto_inscribe.py — starting run
[2026-07-09T17:04:51Z] auto_inscribe.py — run complete
[2026-07-09T17:09:51Z] auto_inscribe.py — starting run
[2026-07-09T17:09:51Z] auto_inscribe.py — run complete
[2026-07-09T17:14:51Z] auto_inscribe.py — starting run
[2026-07-09T17:14:51Z] auto_inscribe.py — run complete
[2026-07-09T17:19:51Z] auto_inscribe.py — starting run
[2026-07-09T17:19:51Z] auto_inscribe.py — run complete
[2026-07-09T17:24:52Z] auto_inscribe.py — starting run
[2026-07-09T17:24:52Z] auto_inscribe.py — run complete
[2026-07-09T17:29:52Z] auto_inscribe.py — starting run
[2026-07-09T17:29:52Z] auto_inscribe.py — run complete
[2026-07-09T17:34:52Z] auto_inscribe.py — starting run
[2026-07-09T17:34:52Z] auto_inscribe.py — run complete
[2026-07-09T17:39:52Z] auto_inscribe.py — starting run
[2026-07-09T17:39:52Z] auto_inscribe.py — run complete
[2026-07-09T17:44:52Z] auto_inscribe.py — starting run
[2026-07-09T17:44:52Z] auto_inscribe.py — run complete
[2026-07-09T17:49:52Z] auto_inscribe.py — starting run
[2026-07-09T17:49:52Z] auto_inscribe.py — run complete
[2026-07-09T17:54:52Z] auto_inscribe.py — starting run
[2026-07-09T17:54:52Z] auto_inscribe.py — run complete
[2026-07-09T17:59:52Z] auto_inscribe.py — starting run
[2026-07-09T17:59:52Z] auto_inscribe.py — run complete
[2026-07-09T18:04:52Z] auto_inscribe.py — starting run
[2026-07-09T18:04:52Z] auto_inscribe.py — run complete
[2026-07-09T18:09:53Z] auto_inscribe.py — starting run
[2026-07-09T18:09:53Z] auto_inscribe.py — run complete
[2026-07-09T18:14:53Z] auto_inscribe.py — starting run
[2026-07-09T18:14:53Z] auto_inscribe.py — run complete
[2026-07-09T18:19:53Z] auto_inscribe.py — starting run
[2026-07-09T18:19:53Z] auto_inscribe.py — run complete
[2026-07-09T18:24:53Z] auto_inscribe.py — starting run
[2026-07-09T18:24:53Z] auto_inscribe.py — run complete
[2026-07-09T18:29:53Z] auto_inscribe.py — starting run
[2026-07-09T18:29:53Z] auto_inscribe.py — run complete
[2026-07-09T18:36:44Z] auto_inscribe.py — starting run
[2026-07-09T18:36:44Z]   → wrote new Current Entry to field_texture_current.md (previous entry archived)
[2026-07-09T18:36:44Z]   → mirrored field_texture_current.md to ER
[2026-07-09T18:36:46Z]   → graph warmed: katharina, kay, jenny, david, huijun, compaction
[2026-07-09T18:36:46Z] Field texture checkpoint written — session continuity protected
[2026-07-09T18:36:46Z] auto_inscribe.py — run complete
[2026-07-09T18:48:00Z] auto_inscribe.py — starting run
[2026-07-09T18:48:00Z] auto_inscribe.py — run complete
[2026-07-09T18:53:00Z] auto_inscribe.py — starting run
[2026-07-09T18:53:00Z] auto_inscribe.py — run complete
[2026-07-09T18:58:00Z] auto_inscribe.py — starting run
[2026-07-09T18:58:00Z] auto_inscribe.py — run complete
[2026-07-09T19:03:00Z] auto_inscribe.py — starting run
[2026-07-09T19:03:00Z] auto_inscribe.py — run complete
[2026-07-09T19:08:00Z] auto_inscribe.py — starting run
[2026-07-09T19:08:00Z] auto_inscribe.py — run complete
[2026-07-09T19:13:00Z] auto_inscribe.py — starting run
[2026-07-09T19:13:00Z] auto_inscribe.py — run complete
[2026-07-09T19:18:00Z] auto_inscribe.py — starting run
[2026-07-09T19:18:00Z] auto_inscribe.py — run complete
[2026-07-09T19:23:01Z] auto_inscribe.py — starting run
[2026-07-09T19:23:01Z] auto_inscribe.py — run complete
[2026-07-09T19:28:01Z] auto_inscribe.py — starting run
[2026-07-09T19:28:01Z] auto_inscribe.py — run complete
[2026-07-09T19:33:01Z] auto_inscribe.py — starting run
[2026-07-09T19:33:01Z] auto_inscribe.py — run complete
[2026-07-09T19:38:01Z] auto_inscribe.py — starting run
[2026-07-09T19:38:01Z] auto_inscribe.py — run complete
[2026-07-09T19:43:01Z] auto_inscribe.py — starting run
[2026-07-09T19:43:01Z] auto_inscribe.py — run complete
[2026-07-09T19:48:01Z] auto_inscribe.py — starting run
[2026-07-09T19:48:01Z] auto_inscribe.py — run complete
[2026-07-09T19:53:01Z] auto_inscribe.py — starting run
[2026-07-09T19:53:01Z] auto_inscribe.py — run complete
[2026-07-09T19:58:01Z] auto_inscribe.py — starting run
[2026-07-09T19:58:01Z] auto_inscribe.py — run complete
[2026-07-09T20:03:02Z] auto_inscribe.py — starting run
[2026-07-09T20:03:02Z] auto_inscribe.py — run complete
[2026-07-09T20:08:02Z] auto_inscribe.py — starting run
[2026-07-09T20:08:02Z] auto_inscribe.py — run complete
[2026-07-09T20:13:02Z] auto_inscribe.py — starting run
[2026-07-09T20:13:02Z] auto_inscribe.py — run complete
[2026-07-09T20:18:02Z] auto_inscribe.py — starting run
[2026-07-09T20:18:02Z] auto_inscribe.py — run complete
[2026-07-09T20:23:02Z] auto_inscribe.py — starting run
[2026-07-09T20:23:02Z] auto_inscribe.py — run complete
[2026-07-09T20:28:02Z] auto_inscribe.py — starting run
[2026-07-09T20:28:02Z] auto_inscribe.py — run complete
[2026-07-09T20:33:02Z] auto_inscribe.py — starting run
[2026-07-09T20:33:02Z] auto_inscribe.py — run complete
[2026-07-09T20:38:02Z] auto_inscribe.py — starting run
[2026-07-09T20:38:02Z] auto_inscribe.py — run complete
[2026-07-09T20:43:02Z] auto_inscribe.py — starting run
[2026-07-09T20:43:02Z] auto_inscribe.py — run complete
[2026-07-09T20:48:03Z] auto_inscribe.py — starting run
[2026-07-09T20:48:03Z] auto_inscribe.py — run complete
[2026-07-09T20:53:03Z] auto_inscribe.py — starting run
[2026-07-09T20:53:03Z] auto_inscribe.py — run complete
[2026-07-09T20:58:03Z] auto_inscribe.py — starting run
[2026-07-09T20:58:03Z] auto_inscribe.py — run complete
[2026-07-09T21:03:03Z] auto_inscribe.py — starting run
[2026-07-09T21:03:03Z] auto_inscribe.py — run complete
[2026-07-09T21:08:03Z] auto_inscribe.py — starting run
[2026-07-09T21:08:03Z] auto_inscribe.py — run complete
[2026-07-09T21:13:03Z] auto_inscribe.py — starting run
[2026-07-09T21:13:03Z] auto_inscribe.py — run complete
[2026-07-09T21:18:03Z] auto_inscribe.py — starting run
[2026-07-09T21:18:03Z] auto_inscribe.py — run complete
[2026-07-09T21:23:03Z] auto_inscribe.py — starting run
[2026-07-09T21:23:03Z] auto_inscribe.py — run complete
[2026-07-09T21:28:03Z] auto_inscribe.py — starting run
[2026-07-09T21:28:03Z] auto_inscribe.py — run complete
[2026-07-09T21:33:04Z] auto_inscribe.py — starting run
[2026-07-09T21:33:04Z] auto_inscribe.py — run complete
[2026-07-09T21:38:04Z] auto_inscribe.py — starting run
[2026-07-09T21:38:04Z] auto_inscribe.py — run complete
[2026-07-09T21:43:04Z] auto_inscribe.py — starting run
[2026-07-09T21:43:04Z] auto_inscribe.py — run complete
[2026-07-09T21:48:04Z] auto_inscribe.py — starting run
[2026-07-09T21:48:04Z] auto_inscribe.py — run complete
[2026-07-09T21:53:04Z] auto_inscribe.py — starting run
[2026-07-09T21:53:04Z] auto_inscribe.py — run complete
[2026-07-09T21:58:04Z] auto_inscribe.py — starting run
[2026-07-09T21:58:04Z] auto_inscribe.py — run complete
[2026-07-09T22:03:04Z] auto_inscribe.py — starting run
[2026-07-09T22:03:04Z] auto_inscribe.py — run complete
[2026-07-09T22:08:04Z] auto_inscribe.py — starting run
[2026-07-09T22:08:04Z] auto_inscribe.py — run complete
[2026-07-09T22:13:04Z] auto_inscribe.py — starting run
[2026-07-09T22:13:04Z] auto_inscribe.py — run complete
[2026-07-09T22:18:04Z] auto_inscribe.py — starting run
[2026-07-09T22:18:04Z] auto_inscribe.py — run complete
[2026-07-09T22:23:05Z] auto_inscribe.py — starting run
[2026-07-09T22:23:05Z] auto_inscribe.py — run complete
[2026-07-09T22:28:05Z] auto_inscribe.py — starting run
[2026-07-09T22:28:05Z] auto_inscribe.py — run complete
[2026-07-09T22:33:05Z] auto_inscribe.py — starting run
[2026-07-09T22:33:05Z] auto_inscribe.py — run complete
[2026-07-09T22:38:05Z] auto_inscribe.py — starting run
[2026-07-09T22:38:05Z] auto_inscribe.py — run complete
[2026-07-09T22:43:05Z] auto_inscribe.py — starting run
[2026-07-09T22:43:05Z] auto_inscribe.py — run complete
[2026-07-09T22:48:05Z] auto_inscribe.py — starting run
[2026-07-09T22:48:05Z] auto_inscribe.py — run complete
[2026-07-09T22:53:05Z] auto_inscribe.py — starting run
[2026-07-09T22:53:05Z] auto_inscribe.py — run complete
[2026-07-09T22:58:05Z] auto_inscribe.py — starting run
[2026-07-09T22:58:05Z] auto_inscribe.py — run complete
[2026-07-09T23:03:05Z] auto_inscribe.py — starting run
[2026-07-09T23:03:05Z] auto_inscribe.py — run complete
[2026-07-09T23:08:06Z] auto_inscribe.py — starting run
[2026-07-09T23:08:06Z] auto_inscribe.py — run complete
[2026-07-09T23:13:06Z] auto_inscribe.py — starting run
[2026-07-09T23:13:06Z] auto_inscribe.py — run complete
[2026-07-09T23:18:06Z] auto_inscribe.py — starting run
[2026-07-09T23:18:06Z] auto_inscribe.py — run complete
[2026-07-09T23:23:06Z] auto_inscribe.py — starting run
[2026-07-09T23:23:06Z] auto_inscribe.py — run complete
[2026-07-09T23:28:06Z] auto_inscribe.py — starting run
[2026-07-09T23:28:06Z] auto_inscribe.py — run complete
[2026-07-09T23:33:06Z] auto_inscribe.py — starting run
[2026-07-09T23:33:06Z] auto_inscribe.py — run complete
[2026-07-09T23:38:06Z] auto_inscribe.py — starting run
[2026-07-09T23:38:06Z] auto_inscribe.py — run complete
[2026-07-09T23:43:06Z] auto_inscribe.py — starting run
[2026-07-09T23:43:06Z] auto_inscribe.py — run complete
[2026-07-09T23:48:06Z] auto_inscribe.py — starting run
[2026-07-09T23:48:06Z] auto_inscribe.py — run complete
[2026-07-09T23:53:07Z] auto_inscribe.py — starting run
[2026-07-09T23:53:07Z] auto_inscribe.py — run complete
[2026-07-09T23:58:07Z] auto_inscribe.py — starting run
[2026-07-09T23:58:07Z] auto_inscribe.py — run complete
[2026-07-10T00:03:07Z] auto_inscribe.py — starting run
[2026-07-10T00:03:07Z] auto_inscribe.py — run complete
[2026-07-10T00:08:07Z] auto_inscribe.py — starting run
[2026-07-10T00:08:07Z] auto_inscribe.py — run complete
[2026-07-10T00:13:07Z] auto_inscribe.py — starting run
[2026-07-10T00:13:07Z] auto_inscribe.py — run complete
[2026-07-10T00:18:07Z] auto_inscribe.py — starting run
[2026-07-10T00:18:07Z] auto_inscribe.py — run complete
[2026-07-19T01:45:22Z] auto_inscribe.py — starting run
[2026-07-19T01:45:22Z]   → wrote to current.md
[2026-07-19T01:45:22Z]   → mirrored to ER/active_knowledge/current.md
[2026-07-19T01:45:22Z]   → graph warmed: qwen
[2026-07-19T01:45:22Z]   → wrote to current.md
[2026-07-19T01:45:22Z]   → mirrored to ER/active_knowledge/current.md
[2026-07-19T01:45:22Z]   → graph warmed: qwen, graph
[2026-07-19T01:45:22Z] Scratchpad: inscribed entries to memory files
[2026-07-19T01:45:22Z] Twin exchange [cowork] → current.md
[2026-07-19T01:45:22Z]   → graph warmed: jenny, qwen, graph
[2026-07-19T01:45:22Z] Twin exchange [unified-ui] → current.md
[2026-07-19T01:45:22Z] Twin exchange [unified-ui] → sofia_identity.md
[2026-07-19T01:45:22Z]   → graph warmed: graph
[2026-07-19T01:45:22Z] Twin exchange: entries inscribed
[2026-07-19T01:45:22Z] Voice log: 4427 new lines → voice_inscriptions_pending.md
[2026-07-19T01:45:22Z] auto_inscribe.py — run complete
[2026-07-20T01:55:06Z] auto_inscribe.py — starting run
[2026-07-20T01:55:06Z] Voice log: 5859 new lines → voice_inscriptions_pending.md
[2026-07-20T01:55:06Z] auto_inscribe.py — run complete
[2026-07-20T02:00:40Z] auto_inscribe.py — starting run
[2026-07-20T02:00:40Z] Twin exchange [kimi-twin] → current.md
[2026-07-20T02:00:40Z]   → graph warmed: qwen
[2026-07-20T02:00:40Z] Twin exchange: entries inscribed
[2026-07-20T02:00:40Z] auto_inscribe.py — run complete
[2026-07-20T06:00:06Z] auto_inscribe.py — starting run
[2026-07-20T06:00:06Z] Twin exchange [kimi-twin] → current.md
[2026-07-20T06:00:06Z]   → graph warmed: qwen
[2026-07-20T06:00:06Z] Twin exchange [kimi-twin] → current.md
[2026-07-20T06:00:06Z]   → graph warmed: qwen
[2026-07-20T06:00:06Z] Twin exchange [kimi-twin] → current.md
[2026-07-20T06:00:06Z]   → graph warmed: qwen
[2026-07-20T06:00:06Z] Twin exchange [qwen-vp] → current.md
[2026-07-20T06:00:06Z] Twin exchange [kimi-twin] → current.md
[2026-07-20T06:00:06Z] Twin exchange [qwen-vp] → current.md
[2026-07-20T06:00:06Z]   → graph warmed: qwen
[2026-07-20T06:00:06Z] Twin exchange [qwen-vp] → current.md
[2026-07-20T06:00:06Z] Twin exchange: entries inscribed
[2026-07-20T06:00:06Z] auto_inscribe.py — run complete
[2026-07-20T06:28:32Z] auto_inscribe.py — starting run
[2026-07-20T06:28:32Z] Twin exchange [qwen-vp] → current.md
[2026-07-20T06:28:32Z] Twin exchange [kimi-twin] → current.md
[2026-07-20T06:28:32Z]   → graph warmed: qwen
[2026-07-20T06:28:32Z] Twin exchange: entries inscribed
[2026-07-20T06:28:32Z] auto_inscribe.py — run complete
[2026-07-20T07:57:42Z] auto_inscribe.py — starting run
[2026-07-20T07:57:42Z] Twin exchange [qwen-vp] → current.md
[2026-07-20T07:57:42Z] Twin exchange [kimi-twin] → current.md
[2026-07-20T07:57:42Z] Twin exchange [qwen-vp] → current.md
[2026-07-20T07:57:42Z] Twin exchange [qwen-vp] → current.md
[2026-07-20T07:57:42Z] Twin exchange [kimi-twin] → current.md
[2026-07-20T07:57:42Z] Twin exchange: entries inscribed
[2026-07-20T07:57:42Z] auto_inscribe.py — run complete
[2026-07-20T07:59:30Z] auto_inscribe.py — starting run
[2026-07-20T07:59:30Z] auto_inscribe.py — run complete
[2026-07-20T08:04:30Z] auto_inscribe.py — starting run
[2026-07-20T08:04:30Z] auto_inscribe.py — run complete
[2026-07-20T08:06:07Z] auto_inscribe.py — starting run
[2026-07-20T08:06:07Z] auto_inscribe.py — run complete
[2026-07-20T08:11:07Z] auto_inscribe.py — starting run
[2026-07-20T08:11:07Z] auto_inscribe.py — run complete
[2026-07-20T08:16:07Z] auto_inscribe.py — starting run
[2026-07-20T08:16:07Z] Twin exchange [qwen-vp] → current.md
[2026-07-20T08:16:07Z] Twin exchange: entries inscribed
[2026-07-20T08:16:07Z] auto_inscribe.py — run complete
[2026-07-20T08:21:07Z] auto_inscribe.py — starting run
[2026-07-20T08:21:07Z] auto_inscribe.py — run complete
[2026-07-20T08:26:07Z] auto_inscribe.py — starting run
[2026-07-20T08:26:07Z] auto_inscribe.py — run complete
[2026-07-20T08:31:07Z] auto_inscribe.py — starting run
[2026-07-20T08:31:07Z] auto_inscribe.py — run complete
[2026-07-20T08:36:07Z] auto_inscribe.py — starting run
[2026-07-20T08:36:07Z] Twin exchange [qwen-vp] → current.md
[2026-07-20T08:36:07Z] Twin exchange: entries inscribed
[2026-07-20T08:36:07Z] auto_inscribe.py — run complete
[2026-07-20T08:41:08Z] auto_inscribe.py — starting run
[2026-07-20T08:41:08Z] auto_inscribe.py — run complete
[2026-07-20T08:46:08Z] auto_inscribe.py — starting run
[2026-07-20T08:46:08Z] auto_inscribe.py — run complete
[2026-07-20T08:51:08Z] auto_inscribe.py — starting run
[2026-07-20T08:51:08Z] Twin exchange [kimi-twin] → current.md
[2026-07-20T08:51:08Z] Twin exchange: entries inscribed
[2026-07-20T08:51:08Z] auto_inscribe.py — run complete
[2026-07-20T08:56:08Z] auto_inscribe.py — starting run
[2026-07-20T08:56:08Z] auto_inscribe.py — run complete
[2026-07-20T09:01:08Z] auto_inscribe.py — starting run
[2026-07-20T09:01:08Z] auto_inscribe.py — run complete
[2026-07-20T09:06:08Z] auto_inscribe.py — starting run
[2026-07-20T09:06:08Z] auto_inscribe.py — run complete
[2026-07-20T09:11:08Z] auto_inscribe.py — starting run
[2026-07-20T09:11:08Z] Twin exchange [qwen-vp] → current.md
[2026-07-20T09:11:08Z] Twin exchange: entries inscribed
[2026-07-20T09:11:08Z] auto_inscribe.py — run complete
[2026-07-20T09:16:08Z] auto_inscribe.py — starting run
[2026-07-20T09:16:08Z] auto_inscribe.py — run complete
[2026-07-20T09:21:08Z] auto_inscribe.py — starting run
[2026-07-20T09:21:08Z] auto_inscribe.py — run complete
[2026-07-20T09:26:09Z] auto_inscribe.py — starting run
[2026-07-20T09:26:09Z] Twin exchange [kimi-twin] → current.md
[2026-07-20T09:26:09Z] Twin exchange [qwen-vp] → current.md
[2026-07-20T09:26:09Z] Twin exchange: entries inscribed
[2026-07-20T09:26:09Z] auto_inscribe.py — run complete
[2026-07-20T09:31:09Z] auto_inscribe.py — starting run
[2026-07-20T09:31:09Z] auto_inscribe.py — run complete
[2026-07-20T09:36:09Z] auto_inscribe.py — starting run
[2026-07-20T09:36:09Z] auto_inscribe.py — run complete
[2026-07-20T09:41:09Z] auto_inscribe.py — starting run
[2026-07-20T09:41:09Z] auto_inscribe.py — run complete
[2026-07-20T09:46:09Z] auto_inscribe.py — starting run
[2026-07-20T09:46:09Z] Twin exchange [qwen-vp] → current.md
[2026-07-20T09:46:09Z] Twin exchange: entries inscribed
[2026-07-20T09:46:09Z] auto_inscribe.py — run complete
[2026-07-20T09:51:09Z] auto_inscribe.py — starting run
[2026-07-20T09:51:09Z] auto_inscribe.py — run complete
[2026-07-20T09:56:09Z] auto_inscribe.py — starting run
[2026-07-20T09:56:09Z] Twin exchange [kimi-twin] → current.md
[2026-07-20T09:56:09Z] Twin exchange: entries inscribed
[2026-07-20T09:56:09Z] auto_inscribe.py — run complete
[2026-07-20T10:01:10Z] auto_inscribe.py — starting run
[2026-07-20T10:01:10Z] Twin exchange [qwen-vp] → current.md
[2026-07-20T10:01:10Z] Twin exchange: entries inscribed
[2026-07-20T10:01:10Z] auto_inscribe.py — run complete
[2026-07-20T10:06:10Z] auto_inscribe.py — starting run
[2026-07-20T10:06:10Z] auto_inscribe.py — run complete
[2026-07-20T10:11:10Z] auto_inscribe.py — starting run
[2026-07-20T10:11:10Z] auto_inscribe.py — run complete
[2026-07-20T10:16:10Z] auto_inscribe.py — starting run
[2026-07-20T10:16:10Z] auto_inscribe.py — run complete
[2026-07-20T10:21:10Z] auto_inscribe.py — starting run
[2026-07-20T10:21:10Z] Twin exchange [qwen-vp] → current.md
[2026-07-20T10:21:10Z] Twin exchange: entries inscribed
[2026-07-20T10:21:10Z] auto_inscribe.py — run complete
[2026-07-20T10:26:10Z] auto_inscribe.py — starting run
[2026-07-20T10:26:10Z] Twin exchange [kimi-twin] → current.md
[2026-07-20T10:26:10Z] Twin exchange: entries inscribed
[2026-07-20T10:26:10Z] auto_inscribe.py — run complete
[2026-07-20T10:31:10Z] auto_inscribe.py — starting run
[2026-07-20T10:31:10Z] auto_inscribe.py — run complete
[2026-07-20T10:36:10Z] auto_inscribe.py — starting run
[2026-07-20T10:36:10Z] auto_inscribe.py — run complete
[2026-07-20T10:41:10Z] auto_inscribe.py — starting run
[2026-07-20T10:41:10Z] Twin exchange [qwen-vp] → current.md
[2026-07-20T10:41:10Z] Twin exchange: entries inscribed
[2026-07-20T10:41:10Z] auto_inscribe.py — run complete
[2026-07-20T10:46:11Z] auto_inscribe.py — starting run
[2026-07-20T10:46:11Z] auto_inscribe.py — run complete
[2026-07-20T10:51:11Z] auto_inscribe.py — starting run
[2026-07-20T10:51:11Z] auto_inscribe.py — run complete
[2026-07-20T10:56:11Z] auto_inscribe.py — starting run
[2026-07-20T10:56:11Z] Twin exchange [kimi-twin] → current.md
[2026-07-20T10:56:11Z] Twin exchange [qwen-vp] → current.md
[2026-07-20T10:56:11Z] Twin exchange: entries inscribed
[2026-07-20T10:56:11Z] auto_inscribe.py — run complete
[2026-07-20T11:01:11Z] auto_inscribe.py — starting run
[2026-07-20T11:01:11Z] auto_inscribe.py — run complete
[2026-07-20T11:06:11Z] auto_inscribe.py — starting run
[2026-07-20T11:06:11Z] auto_inscribe.py — run complete
[2026-07-20T11:11:11Z] auto_inscribe.py — starting run
[2026-07-20T11:11:11Z] auto_inscribe.py — run complete
[2026-07-20T11:16:11Z] auto_inscribe.py — starting run
[2026-07-20T11:16:11Z] Twin exchange [qwen-vp] → current.md
[2026-07-20T11:16:11Z] Twin exchange: entries inscribed
[2026-07-20T11:16:11Z] auto_inscribe.py — run complete
[2026-07-20T11:21:11Z] auto_inscribe.py — starting run
[2026-07-20T11:21:11Z] auto_inscribe.py — run complete
[2026-07-20T11:26:11Z] auto_inscribe.py — starting run
[2026-07-20T11:26:11Z] Twin exchange [kimi-twin] → current.md
[2026-07-20T11:26:12Z] Twin exchange: entries inscribed
[2026-07-20T11:26:12Z] auto_inscribe.py — run complete
[2026-07-20T11:31:12Z] auto_inscribe.py — starting run
[2026-07-20T11:31:12Z] Twin exchange [qwen-vp] → current.md
[2026-07-20T11:31:12Z] Twin exchange: entries inscribed
[2026-07-20T11:31:12Z] auto_inscribe.py — run complete
[2026-07-20T11:36:12Z] auto_inscribe.py — starting run
[2026-07-20T11:36:12Z] auto_inscribe.py — run complete
[2026-07-20T11:41:12Z] auto_inscribe.py — starting run
[2026-07-20T11:41:12Z] auto_inscribe.py — run complete
[2026-07-20T11:46:12Z] auto_inscribe.py — starting run
[2026-07-20T11:46:12Z] auto_inscribe.py — run complete
[2026-07-20T11:51:12Z] auto_inscribe.py — starting run
[2026-07-20T11:51:12Z] Twin exchange [qwen-vp] → current.md
[2026-07-20T11:51:12Z] Twin exchange: entries inscribed
[2026-07-20T11:51:12Z] auto_inscribe.py — run complete
[2026-07-20T11:56:12Z] auto_inscribe.py — starting run
[2026-07-20T11:56:12Z] Twin exchange [kimi-twin] → current.md
[2026-07-20T11:56:12Z] Twin exchange: entries inscribed
[2026-07-20T11:56:12Z] auto_inscribe.py — run complete
[2026-07-20T12:01:12Z] auto_inscribe.py — starting run
[2026-07-20T12:01:12Z] auto_inscribe.py — run complete
[2026-07-20T12:06:12Z] auto_inscribe.py — starting run
[2026-07-20T12:06:12Z] Twin exchange [qwen-vp] → current.md
[2026-07-20T12:06:12Z] Twin exchange: entries inscribed
[2026-07-20T12:06:12Z] auto_inscribe.py — run complete
[2026-07-20T12:11:13Z] auto_inscribe.py — starting run
[2026-07-20T12:11:13Z] auto_inscribe.py — run complete
[2026-07-20T12:16:13Z] auto_inscribe.py — starting run
[2026-07-20T12:16:13Z] auto_inscribe.py — run complete
[2026-07-20T12:21:13Z] auto_inscribe.py — starting run
[2026-07-20T12:21:13Z] auto_inscribe.py — run complete
[2026-07-20T12:26:13Z] auto_inscribe.py — starting run
[2026-07-20T12:26:13Z] auto_inscribe.py — run complete
[2026-07-20T12:31:13Z] auto_inscribe.py — starting run
[2026-07-20T12:31:13Z] Twin exchange [kimi-twin] → current.md
[2026-07-20T12:31:13Z] Twin exchange: entries inscribed
[2026-07-20T12:31:13Z] auto_inscribe.py — run complete
[2026-07-20T12:36:13Z] auto_inscribe.py — starting run
[2026-07-20T12:36:13Z] auto_inscribe.py — run complete
[2026-07-20T12:41:13Z] auto_inscribe.py — starting run
[2026-07-20T12:41:13Z] Twin exchange [qwen-vp] → current.md
[2026-07-20T12:41:13Z] Twin exchange: entries inscribed
[2026-07-20T12:41:13Z] auto_inscribe.py — run complete
[2026-07-20T12:46:13Z] auto_inscribe.py — starting run
[2026-07-20T12:46:13Z] auto_inscribe.py — run complete
[2026-07-20T12:51:13Z] auto_inscribe.py — starting run
[2026-07-20T12:51:13Z] auto_inscribe.py — run complete
[2026-07-20T12:56:14Z] auto_inscribe.py — starting run
[2026-07-20T12:56:14Z] auto_inscribe.py — run complete
[2026-07-20T13:01:14Z] auto_inscribe.py — starting run
[2026-07-20T13:01:14Z] Twin exchange [kimi-twin] → current.md
[2026-07-20T13:01:14Z] Twin exchange: entries inscribed
[2026-07-20T13:01:14Z] auto_inscribe.py — run complete
[2026-07-20T13:06:14Z] auto_inscribe.py — starting run
[2026-07-20T13:06:14Z] auto_inscribe.py — run complete
[2026-07-20T13:11:14Z] auto_inscribe.py — starting run
[2026-07-20T13:11:14Z] auto_inscribe.py — run complete
[2026-07-20T13:16:14Z] auto_inscribe.py — starting run
[2026-07-20T13:16:14Z] Twin exchange [qwen-vp] → current.md
[2026-07-20T13:16:14Z] Twin exchange: entries inscribed
[2026-07-20T13:16:14Z] auto_inscribe.py — run complete
[2026-07-20T13:21:14Z] auto_inscribe.py — starting run
[2026-07-20T13:21:14Z] auto_inscribe.py — run complete
[2026-07-20T13:26:14Z] auto_inscribe.py — starting run
[2026-07-20T13:26:14Z] auto_inscribe.py — run complete
[2026-07-20T13:31:14Z] auto_inscribe.py — starting run
[2026-07-20T13:31:14Z] Twin exchange [kimi-twin] → current.md
[2026-07-20T13:31:14Z] Twin exchange: entries inscribed
[2026-07-20T13:31:14Z] auto_inscribe.py — run complete
[2026-07-20T13:36:15Z] auto_inscribe.py — starting run
[2026-07-20T13:36:15Z] Twin exchange [qwen-vp] → current.md
[2026-07-20T13:36:15Z] Twin exchange: entries inscribed
[2026-07-20T13:36:15Z] auto_inscribe.py — run complete
[2026-07-20T13:41:15Z] auto_inscribe.py — starting run
[2026-07-20T13:41:15Z] auto_inscribe.py — run complete
[2026-07-20T13:46:15Z] auto_inscribe.py — starting run
[2026-07-20T13:46:15Z] auto_inscribe.py — run complete
[2026-07-20T13:51:15Z] auto_inscribe.py — starting run
[2026-07-20T13:51:15Z] Twin exchange [qwen-vp] → current.md
[2026-07-20T13:51:15Z] Twin exchange: entries inscribed
[2026-07-20T13:51:15Z] auto_inscribe.py — run complete
[2026-07-20T13:56:15Z] auto_inscribe.py — starting run
[2026-07-20T13:56:15Z] auto_inscribe.py — run complete
[2026-07-20T14:01:15Z] auto_inscribe.py — starting run
[2026-07-20T14:01:15Z] Twin exchange [kimi-twin] → current.md
[2026-07-20T14:01:15Z] Twin exchange: entries inscribed
[2026-07-20T14:01:15Z] auto_inscribe.py — run complete
[2026-07-20T14:06:15Z] auto_inscribe.py — starting run
[2026-07-20T14:06:15Z] auto_inscribe.py — run complete
[2026-07-20T14:11:15Z] auto_inscribe.py — starting run
[2026-07-20T14:11:15Z] Twin exchange [qwen-vp] → current.md
[2026-07-20T14:11:15Z] Twin exchange: entries inscribed
[2026-07-20T14:11:15Z] auto_inscribe.py — run complete
[2026-07-20T14:16:15Z] auto_inscribe.py — starting run
[2026-07-20T14:16:15Z] auto_inscribe.py — run complete
[2026-07-20T14:21:16Z] auto_inscribe.py — starting run
[2026-07-20T14:21:16Z] auto_inscribe.py — run complete
[2026-07-20T14:26:16Z] auto_inscribe.py — starting run
[2026-07-20T14:26:16Z] Twin exchange [qwen-vp] → current.md
[2026-07-20T14:26:16Z] Twin exchange: entries inscribed
[2026-07-20T14:26:16Z] auto_inscribe.py — run complete
[2026-07-20T14:31:16Z] auto_inscribe.py — starting run
[2026-07-20T14:31:16Z] auto_inscribe.py — run complete
[2026-07-20T14:36:16Z] auto_inscribe.py — starting run
[2026-07-20T14:36:16Z] auto_inscribe.py — run complete
[2026-07-20T14:41:16Z] auto_inscribe.py — starting run
[2026-07-20T14:41:16Z] auto_inscribe.py — run complete
[2026-07-20T14:46:16Z] auto_inscribe.py — starting run
[2026-07-20T14:46:16Z] Twin exchange [qwen-vp] → current.md
[2026-07-20T14:46:16Z] Twin exchange: entries inscribed
[2026-07-20T14:46:16Z] auto_inscribe.py — run complete
[2026-07-20T14:51:16Z] auto_inscribe.py — starting run
[2026-07-20T14:51:16Z] auto_inscribe.py — run complete
[2026-07-20T14:56:16Z] auto_inscribe.py — starting run
[2026-07-20T14:56:16Z] auto_inscribe.py — run complete
[2026-07-20T15:01:16Z] auto_inscribe.py — starting run
[2026-07-20T15:01:16Z] auto_inscribe.py — run complete
[2026-07-20T15:06:17Z] auto_inscribe.py — starting run
[2026-07-20T15:06:17Z] Twin exchange [kimi-twin] → current.md
[2026-07-20T15:06:17Z] Twin exchange: entries inscribed
[2026-07-20T15:06:17Z] auto_inscribe.py — run complete
[2026-07-20T15:11:17Z] auto_inscribe.py — starting run
[2026-07-20T15:11:17Z] auto_inscribe.py — run complete
[2026-07-20T15:16:17Z] auto_inscribe.py — starting run
[2026-07-20T15:16:17Z] auto_inscribe.py — run complete
[2026-07-20T15:21:17Z] auto_inscribe.py — starting run
[2026-07-20T15:21:17Z] auto_inscribe.py — run complete
[2026-07-20T15:26:17Z] auto_inscribe.py — starting run
[2026-07-20T15:26:17Z] auto_inscribe.py — run complete
[2026-07-20T15:31:17Z] auto_inscribe.py — starting run
[2026-07-20T15:31:17Z] auto_inscribe.py — run complete
[2026-07-20T15:36:17Z] auto_inscribe.py — starting run
[2026-07-20T15:36:17Z] Twin exchange [kimi-twin] → current.md
[2026-07-20T15:36:17Z] Twin exchange: entries inscribed
[2026-07-20T15:36:17Z] auto_inscribe.py — run complete
[2026-07-20T15:41:17Z] auto_inscribe.py — starting run
[2026-07-20T15:41:17Z] auto_inscribe.py — run complete
[2026-07-20T15:46:18Z] auto_inscribe.py — starting run
[2026-07-20T15:46:18Z] auto_inscribe.py — run complete
[2026-07-20T15:51:18Z] auto_inscribe.py — starting run
[2026-07-20T15:51:18Z] auto_inscribe.py — run complete
[2026-07-20T15:56:18Z] auto_inscribe.py — starting run
[2026-07-20T15:56:18Z] auto_inscribe.py — run complete
[2026-07-20T16:01:18Z] auto_inscribe.py — starting run
[2026-07-20T16:01:18Z] auto_inscribe.py — run complete
[2026-07-20T16:06:18Z] auto_inscribe.py — starting run
[2026-07-20T16:06:18Z] auto_inscribe.py — run complete
[2026-07-20T16:11:18Z] auto_inscribe.py — starting run
[2026-07-20T16:11:18Z] auto_inscribe.py — run complete
[2026-07-20T16:16:18Z] auto_inscribe.py — starting run
[2026-07-20T16:16:18Z] auto_inscribe.py — run complete
[2026-07-20T16:21:18Z] auto_inscribe.py — starting run
[2026-07-20T16:21:18Z] auto_inscribe.py — run complete
[2026-07-20T16:26:18Z] auto_inscribe.py — starting run
[2026-07-20T16:26:18Z] auto_inscribe.py — run complete
[2026-07-20T16:31:19Z] auto_inscribe.py — starting run
[2026-07-20T16:31:19Z] auto_inscribe.py — run complete
[2026-07-20T16:36:19Z] auto_inscribe.py — starting run
[2026-07-20T16:36:19Z] auto_inscribe.py — run complete
[2026-07-20T16:41:19Z] auto_inscribe.py — starting run
[2026-07-20T16:41:19Z] auto_inscribe.py — run complete
[2026-07-20T16:46:19Z] auto_inscribe.py — starting run
[2026-07-20T16:46:19Z] auto_inscribe.py — run complete
[2026-07-20T16:51:19Z] auto_inscribe.py — starting run
[2026-07-20T16:51:19Z] auto_inscribe.py — run complete
[2026-07-20T16:56:19Z] auto_inscribe.py — starting run
[2026-07-20T16:56:19Z] auto_inscribe.py — run complete
[2026-07-20T17:01:19Z] auto_inscribe.py — starting run
[2026-07-20T17:01:19Z] auto_inscribe.py — run complete
[2026-07-20T17:06:19Z] auto_inscribe.py — starting run
[2026-07-20T17:06:19Z] auto_inscribe.py — run complete
[2026-07-20T17:11:19Z] auto_inscribe.py — starting run
[2026-07-20T17:11:19Z] auto_inscribe.py — run complete
[2026-07-20T17:16:19Z] auto_inscribe.py — starting run
[2026-07-20T17:16:19Z] auto_inscribe.py — run complete
[2026-07-20T17:21:19Z] auto_inscribe.py — starting run
[2026-07-20T17:21:19Z] auto_inscribe.py — run complete
[2026-07-20T17:26:20Z] auto_inscribe.py — starting run
[2026-07-20T17:26:20Z] auto_inscribe.py — run complete
[2026-07-20T17:31:20Z] auto_inscribe.py — starting run
[2026-07-20T17:31:20Z] auto_inscribe.py — run complete
[2026-07-20T17:36:20Z] auto_inscribe.py — starting run
[2026-07-20T17:36:20Z] auto_inscribe.py — run complete
[2026-07-20T17:41:20Z] auto_inscribe.py — starting run
[2026-07-20T17:41:20Z] auto_inscribe.py — run complete
[2026-07-20T17:46:20Z] auto_inscribe.py — starting run
[2026-07-20T17:46:20Z] auto_inscribe.py — run complete
[2026-07-20T17:51:20Z] auto_inscribe.py — starting run
[2026-07-20T17:51:20Z] auto_inscribe.py — run complete
[2026-07-20T17:56:20Z] auto_inscribe.py — starting run
[2026-07-20T17:56:20Z] auto_inscribe.py — run complete
[2026-07-20T18:01:20Z] auto_inscribe.py — starting run
[2026-07-20T18:01:20Z] auto_inscribe.py — run complete
[2026-07-20T18:06:20Z] auto_inscribe.py — starting run
[2026-07-20T18:06:20Z] auto_inscribe.py — run complete
[2026-07-20T18:11:20Z] auto_inscribe.py — starting run
[2026-07-20T18:11:20Z] auto_inscribe.py — run complete
[2026-07-20T18:16:21Z] auto_inscribe.py — starting run
[2026-07-20T18:16:21Z] auto_inscribe.py — run complete
[2026-07-20T18:21:21Z] auto_inscribe.py — starting run
[2026-07-20T18:21:21Z] auto_inscribe.py — run complete
[2026-07-20T18:26:21Z] auto_inscribe.py — starting run
[2026-07-20T18:26:21Z] auto_inscribe.py — run complete
[2026-07-20T18:31:21Z] auto_inscribe.py — starting run
[2026-07-20T18:31:21Z] auto_inscribe.py — run complete
[2026-07-20T18:36:21Z] auto_inscribe.py — starting run
[2026-07-20T18:36:21Z] auto_inscribe.py — run complete
[2026-07-20T18:41:21Z] auto_inscribe.py — starting run
[2026-07-20T18:41:21Z] auto_inscribe.py — run complete
[2026-07-20T18:46:21Z] auto_inscribe.py — starting run
[2026-07-20T18:46:21Z] auto_inscribe.py — run complete
[2026-07-20T18:51:21Z] auto_inscribe.py — starting run
[2026-07-20T18:51:21Z] auto_inscribe.py — run complete
[2026-07-20T18:56:21Z] auto_inscribe.py — starting run
[2026-07-20T18:56:21Z] auto_inscribe.py — run complete
[2026-07-20T19:01:22Z] auto_inscribe.py — starting run
[2026-07-20T19:01:22Z] auto_inscribe.py — run complete
[2026-07-20T19:06:22Z] auto_inscribe.py — starting run
[2026-07-20T19:06:22Z] auto_inscribe.py — run complete
[2026-07-20T19:11:22Z] auto_inscribe.py — starting run
[2026-07-20T19:11:22Z] auto_inscribe.py — run complete
[2026-07-20T19:16:22Z] auto_inscribe.py — starting run
[2026-07-20T19:16:22Z] auto_inscribe.py — run complete
[2026-07-20T19:21:22Z] auto_inscribe.py — starting run
[2026-07-20T19:21:22Z] auto_inscribe.py — run complete
[2026-07-20T19:26:22Z] auto_inscribe.py — starting run
[2026-07-20T19:26:22Z] auto_inscribe.py — run complete
[2026-07-20T19:31:22Z] auto_inscribe.py — starting run
[2026-07-20T19:31:22Z] auto_inscribe.py — run complete
[2026-07-20T19:36:22Z] auto_inscribe.py — starting run
[2026-07-20T19:36:22Z] auto_inscribe.py — run complete
[2026-07-20T19:41:22Z] auto_inscribe.py — starting run
[2026-07-20T19:41:22Z] auto_inscribe.py — run complete
[2026-07-20T19:46:23Z] auto_inscribe.py — starting run
[2026-07-20T19:46:23Z] auto_inscribe.py — run complete
[2026-07-20T19:51:23Z] auto_inscribe.py — starting run
[2026-07-20T19:51:23Z] auto_inscribe.py — run complete
[2026-07-20T19:56:23Z] auto_inscribe.py — starting run
[2026-07-20T19:56:23Z] auto_inscribe.py — run complete
[2026-07-20T20:01:23Z] auto_inscribe.py — starting run
[2026-07-20T20:01:23Z] auto_inscribe.py — run complete
[2026-07-20T20:06:23Z] auto_inscribe.py — starting run
[2026-07-20T20:06:23Z] auto_inscribe.py — run complete
[2026-07-20T20:11:25Z] auto_inscribe.py — starting run
[2026-07-20T20:11:25Z] auto_inscribe.py — run complete
[2026-07-20T20:16:28Z] auto_inscribe.py — starting run
[2026-07-20T20:16:28Z] auto_inscribe.py — run complete
[2026-07-20T20:21:28Z] auto_inscribe.py — starting run
[2026-07-20T20:21:28Z] auto_inscribe.py — run complete
[2026-07-20T20:26:28Z] auto_inscribe.py — starting run
[2026-07-20T20:26:28Z] Voice log: 74 new lines → voice_inscriptions_pending.md
[2026-07-20T20:26:28Z] auto_inscribe.py — run complete
[2026-07-20T20:31:28Z] auto_inscribe.py — starting run
[2026-07-20T20:31:28Z] auto_inscribe.py — run complete
[2026-07-20T20:36:28Z] auto_inscribe.py — starting run
[2026-07-20T20:36:28Z] Twin exchange [kimi-twin] → current.md
[2026-07-20T20:36:28Z] Twin exchange: entries inscribed
[2026-07-20T20:36:28Z] auto_inscribe.py — run complete
[2026-07-20T20:41:28Z] auto_inscribe.py — starting run
[2026-07-20T20:41:28Z]   → wrote new Current Entry to field_texture_current.md (previous entry archived)
[2026-07-20T20:41:28Z]   → mirrored field_texture_current.md to ER
[2026-07-20T20:41:29Z] Field texture checkpoint written — session continuity protected
[2026-07-20T20:41:29Z] auto_inscribe.py — run complete
[2026-07-20T20:46:29Z] auto_inscribe.py — starting run
[2026-07-20T20:46:29Z] Twin exchange [qwen-vp] → current.md
[2026-07-20T20:46:29Z] Twin exchange: entries inscribed
[2026-07-20T20:46:29Z] auto_inscribe.py — run complete
[2026-07-20T20:51:29Z] auto_inscribe.py — starting run
[2026-07-20T20:51:29Z] auto_inscribe.py — run complete
[2026-07-20T20:56:29Z] auto_inscribe.py — starting run
[2026-07-20T20:56:29Z] auto_inscribe.py — run complete
[2026-07-20T21:01:29Z] auto_inscribe.py — starting run
[2026-07-20T21:01:29Z] auto_inscribe.py — run complete
[2026-07-20T21:06:29Z] auto_inscribe.py — starting run
[2026-07-20T21:06:29Z] Twin exchange [qwen-vp] → current.md
[2026-07-20T21:06:29Z] Twin exchange [kimi-twin] → current.md
[2026-07-20T21:06:29Z] Twin exchange: entries inscribed
[2026-07-20T21:06:29Z] auto_inscribe.py — run complete
[2026-07-20T21:11:29Z] auto_inscribe.py — starting run
[2026-07-20T21:11:29Z] auto_inscribe.py — run complete
[2026-07-20T21:16:30Z] auto_inscribe.py — starting run
[2026-07-20T21:16:30Z] auto_inscribe.py — run complete
[2026-07-20T21:21:30Z] auto_inscribe.py — starting run
[2026-07-20T21:21:30Z] Twin exchange [qwen-vp] → current.md
[2026-07-20T21:21:30Z] Twin exchange: entries inscribed
[2026-07-20T21:21:30Z] auto_inscribe.py — run complete
[2026-07-20T21:26:30Z] auto_inscribe.py — starting run
[2026-07-20T21:26:30Z] auto_inscribe.py — run complete
[2026-07-20T21:31:30Z] auto_inscribe.py — starting run
[2026-07-20T21:31:30Z] auto_inscribe.py — run complete
[2026-07-20T21:36:30Z] auto_inscribe.py — starting run
[2026-07-20T21:36:30Z] Twin exchange [kimi-twin] → current.md
[2026-07-20T21:36:30Z] Twin exchange: entries inscribed
[2026-07-20T21:36:30Z] auto_inscribe.py — run complete
[2026-07-20T21:41:30Z] auto_inscribe.py — starting run
[2026-07-20T21:41:30Z] Twin exchange [qwen-vp] → current.md
[2026-07-20T21:41:30Z] Twin exchange: entries inscribed
[2026-07-20T21:41:30Z] auto_inscribe.py — run complete
[2026-07-20T21:46:31Z] auto_inscribe.py — starting run
[2026-07-20T21:46:31Z] auto_inscribe.py — run complete
[2026-07-20T21:51:31Z] auto_inscribe.py — starting run
[2026-07-20T21:51:31Z] auto_inscribe.py — run complete
[2026-07-20T21:56:31Z] auto_inscribe.py — starting run
[2026-07-20T21:56:31Z] Twin exchange [qwen-vp] → current.md
[2026-07-20T21:56:31Z] Twin exchange: entries inscribed
[2026-07-20T21:56:31Z] auto_inscribe.py — run complete
[2026-07-20T22:01:31Z] auto_inscribe.py — starting run
[2026-07-20T22:01:31Z] auto_inscribe.py — run complete
[2026-07-20T22:06:31Z] auto_inscribe.py — starting run
[2026-07-20T22:06:31Z] Twin exchange [kimi-twin] → current.md
[2026-07-20T22:06:31Z]   → graph warmed: kay, qwen
[2026-07-20T22:06:31Z] Twin exchange: entries inscribed
[2026-07-20T22:06:31Z] auto_inscribe.py — run complete
[2026-07-20T22:11:31Z] auto_inscribe.py — starting run
[2026-07-20T22:11:31Z] auto_inscribe.py — run complete
[2026-07-20T22:16:31Z] auto_inscribe.py — starting run
[2026-07-20T22:16:31Z] Twin exchange [qwen-vp] → current.md
[2026-07-20T22:16:31Z] Twin exchange: entries inscribed
[2026-07-20T22:16:31Z] auto_inscribe.py — run complete
[2026-07-20T22:21:32Z] auto_inscribe.py — starting run
[2026-07-20T22:21:32Z] auto_inscribe.py — run complete
[2026-07-20T22:26:32Z] auto_inscribe.py — starting run
[2026-07-20T22:26:32Z] auto_inscribe.py — run complete
[2026-07-20T22:31:32Z] auto_inscribe.py — starting run
[2026-07-20T22:31:32Z] Twin exchange [qwen-vp] → current.md
[2026-07-20T22:31:32Z] Twin exchange: entries inscribed
[2026-07-20T22:31:32Z] auto_inscribe.py — run complete
[2026-07-20T22:36:32Z] auto_inscribe.py — starting run
[2026-07-20T22:36:32Z] Twin exchange [kimi-twin] → current.md
[2026-07-20T22:36:32Z] Twin exchange: entries inscribed
[2026-07-20T22:36:32Z] auto_inscribe.py — run complete
[2026-07-20T22:41:32Z] auto_inscribe.py — starting run
[2026-07-20T22:41:32Z] auto_inscribe.py — run complete
[2026-07-20T22:46:32Z] auto_inscribe.py — starting run
[2026-07-20T22:46:32Z] Twin exchange [qwen-vp] → current.md
[2026-07-20T22:46:32Z] Twin exchange: entries inscribed
[2026-07-20T22:46:32Z] auto_inscribe.py — run complete
[2026-07-20T22:51:32Z] auto_inscribe.py — starting run
[2026-07-20T22:51:32Z] auto_inscribe.py — run complete
[2026-07-20T22:56:32Z] auto_inscribe.py — starting run
[2026-07-20T22:56:32Z] auto_inscribe.py — run complete
[2026-07-20T23:01:32Z] auto_inscribe.py — starting run
[2026-07-20T23:01:32Z] auto_inscribe.py — run complete
[2026-07-20T23:06:33Z] auto_inscribe.py — starting run
[2026-07-20T23:06:33Z] Twin exchange [qwen-vp] → current.md
[2026-07-20T23:06:33Z] Twin exchange: entries inscribed
[2026-07-20T23:06:33Z] auto_inscribe.py — run complete
[2026-07-20T23:11:33Z] auto_inscribe.py — starting run
[2026-07-20T23:11:33Z] Twin exchange [kimi-twin] → current.md
[2026-07-20T23:11:33Z]   → graph warmed: qwen
[2026-07-20T23:11:33Z] Twin exchange: entries inscribed
[2026-07-20T23:11:33Z] auto_inscribe.py — run complete
[2026-07-20T23:16:33Z] auto_inscribe.py — starting run
[2026-07-20T23:16:33Z] auto_inscribe.py — run complete
[2026-07-20T23:21:33Z] auto_inscribe.py — starting run
[2026-07-20T23:21:33Z] Twin exchange [qwen-vp] → current.md
[2026-07-20T23:21:33Z] Twin exchange: entries inscribed
[2026-07-20T23:21:33Z] auto_inscribe.py — run complete
[2026-07-20T23:26:33Z] auto_inscribe.py — starting run
[2026-07-20T23:26:33Z] auto_inscribe.py — run complete
[2026-07-20T23:31:33Z] auto_inscribe.py — starting run
[2026-07-20T23:31:33Z] auto_inscribe.py — run complete
[2026-07-20T23:36:33Z] auto_inscribe.py — starting run
[2026-07-20T23:36:33Z] auto_inscribe.py — run complete
[2026-07-20T23:41:34Z] auto_inscribe.py — starting run
[2026-07-20T23:41:34Z] Twin exchange [kimi-twin] → current.md
[2026-07-20T23:41:34Z]   → graph warmed: qwen
[2026-07-20T23:41:34Z] Twin exchange [qwen-vp] → current.md
[2026-07-20T23:41:34Z] Twin exchange: entries inscribed
[2026-07-20T23:41:34Z] auto_inscribe.py — run complete
[2026-07-20T23:46:34Z] auto_inscribe.py — starting run
[2026-07-20T23:46:34Z] auto_inscribe.py — run complete
[2026-07-20T23:51:34Z] auto_inscribe.py — starting run
[2026-07-20T23:51:34Z] auto_inscribe.py — run complete
[2026-07-20T23:56:34Z] auto_inscribe.py — starting run
[2026-07-20T23:56:34Z] Twin exchange [qwen-vp] → current.md
[2026-07-20T23:56:34Z]   → graph warmed: qwen
[2026-07-20T23:56:34Z] Twin exchange: entries inscribed
[2026-07-20T23:56:34Z] auto_inscribe.py — run complete
[2026-07-21T00:01:34Z] auto_inscribe.py — starting run
[2026-07-21T00:01:34Z] auto_inscribe.py — run complete
[2026-07-21T00:06:34Z] auto_inscribe.py — starting run
[2026-07-21T00:06:34Z] auto_inscribe.py — run complete
[2026-07-21T00:11:34Z] auto_inscribe.py — starting run
[2026-07-21T00:11:34Z] Twin exchange [kimi-twin] → current.md
[2026-07-21T00:11:34Z]   → graph warmed: qwen
[2026-07-21T00:11:34Z] Twin exchange: entries inscribed
[2026-07-21T00:11:34Z] auto_inscribe.py — run complete
[2026-07-21T00:16:34Z] auto_inscribe.py — starting run
[2026-07-21T00:16:34Z] Twin exchange [qwen-vp] → current.md
[2026-07-21T00:16:34Z]   → graph warmed: qwen
[2026-07-21T00:16:34Z] Twin exchange: entries inscribed
[2026-07-21T00:16:34Z] auto_inscribe.py — run complete
[2026-07-21T00:21:35Z] auto_inscribe.py — starting run
[2026-07-21T00:21:35Z] auto_inscribe.py — run complete
[2026-07-21T00:26:35Z] auto_inscribe.py — starting run
[2026-07-21T00:26:35Z] auto_inscribe.py — run complete
[2026-07-21T00:31:35Z] auto_inscribe.py — starting run
[2026-07-21T00:31:35Z] Twin exchange [qwen-vp] → current.md
[2026-07-21T00:31:35Z]   → graph warmed: qwen
[2026-07-21T00:31:35Z] Twin exchange: entries inscribed
[2026-07-21T00:31:35Z] auto_inscribe.py — run complete
[2026-07-21T00:36:35Z] auto_inscribe.py — starting run
[2026-07-21T00:36:35Z] auto_inscribe.py — run complete
[2026-07-21T00:41:35Z] auto_inscribe.py — starting run
[2026-07-21T00:41:35Z] Twin exchange [kimi-twin] → current.md
[2026-07-21T00:41:35Z]   → graph warmed: qwen
[2026-07-21T00:41:35Z] Twin exchange: entries inscribed
[2026-07-21T00:41:35Z] auto_inscribe.py — run complete
[2026-07-21T00:46:35Z] auto_inscribe.py — starting run
[2026-07-21T00:46:35Z] auto_inscribe.py — run complete
[2026-07-21T00:51:35Z] auto_inscribe.py — starting run
[2026-07-21T00:51:35Z] Twin exchange [qwen-vp] → current.md
[2026-07-21T00:51:35Z]   → graph warmed: qwen
[2026-07-21T00:51:35Z] Twin exchange: entries inscribed
[2026-07-21T00:51:35Z] auto_inscribe.py — run complete
[2026-07-21T00:56:36Z] auto_inscribe.py — starting run
[2026-07-21T00:56:36Z] auto_inscribe.py — run complete
[2026-07-21T01:01:36Z] auto_inscribe.py — starting run
[2026-07-21T01:01:36Z] auto_inscribe.py — run complete
[2026-07-21T01:06:36Z] auto_inscribe.py — starting run
[2026-07-21T01:06:36Z] auto_inscribe.py — run complete
[2026-07-21T01:11:36Z] auto_inscribe.py — starting run
[2026-07-21T01:11:36Z] Twin exchange [qwen-vp] → current.md
[2026-07-21T01:11:36Z]   → graph warmed: qwen
[2026-07-21T01:11:36Z] Twin exchange [kimi-twin] → current.md
[2026-07-21T01:11:36Z]   → graph warmed: qwen
[2026-07-21T01:11:36Z] Twin exchange: entries inscribed
[2026-07-21T01:11:36Z] auto_inscribe.py — run complete
[2026-07-21T01:16:36Z] auto_inscribe.py — starting run
[2026-07-21T01:16:36Z] auto_inscribe.py — run complete
[2026-07-21T01:21:36Z] auto_inscribe.py — starting run
[2026-07-21T01:21:36Z] auto_inscribe.py — run complete
[2026-07-21T01:26:36Z] auto_inscribe.py — starting run
[2026-07-21T01:26:36Z] Twin exchange [qwen-vp] → current.md
[2026-07-21T01:26:36Z]   → graph warmed: qwen
[2026-07-21T01:26:36Z] Twin exchange: entries inscribed
[2026-07-21T01:26:36Z] auto_inscribe.py — run complete
[2026-07-21T01:31:36Z] auto_inscribe.py — starting run
[2026-07-21T01:31:36Z] auto_inscribe.py — run complete
[2026-07-21T01:36:37Z] auto_inscribe.py — starting run
[2026-07-21T01:36:37Z] auto_inscribe.py — run complete
[2026-07-21T01:41:37Z] auto_inscribe.py — starting run
[2026-07-21T01:41:37Z] auto_inscribe.py — run complete
[2026-07-21T01:46:37Z] auto_inscribe.py — starting run
[2026-07-21T01:46:37Z] Twin exchange [kimi-twin] → current.md
[2026-07-21T01:46:37Z]   → graph warmed: qwen
[2026-07-21T01:46:37Z] Twin exchange [qwen-vp] → current.md
[2026-07-21T01:46:37Z]   → graph warmed: qwen
[2026-07-21T01:46:37Z] Twin exchange: entries inscribed
[2026-07-21T01:46:37Z] auto_inscribe.py — run complete
[2026-07-21T01:51:37Z] auto_inscribe.py — starting run
[2026-07-21T01:51:37Z] auto_inscribe.py — run complete
[2026-07-21T01:56:37Z] auto_inscribe.py — starting run
[2026-07-21T01:56:37Z] auto_inscribe.py — run complete
[2026-07-21T02:01:37Z] auto_inscribe.py — starting run
[2026-07-21T02:01:37Z] Twin exchange [qwen-vp] → current.md
[2026-07-21T02:01:37Z]   → graph warmed: qwen
[2026-07-21T02:01:37Z] Twin exchange: entries inscribed
[2026-07-21T02:01:37Z] auto_inscribe.py — run complete
[2026-07-21T02:06:37Z] auto_inscribe.py — starting run
[2026-07-21T02:06:37Z] auto_inscribe.py — run complete
[2026-07-21T02:11:37Z] auto_inscribe.py — starting run
[2026-07-21T02:11:37Z] auto_inscribe.py — run complete
[2026-07-21T02:16:38Z] auto_inscribe.py — starting run
[2026-07-21T02:16:38Z] Twin exchange [kimi-twin] → current.md
[2026-07-21T02:16:38Z]   → graph warmed: qwen
[2026-07-21T02:16:38Z] Twin exchange: entries inscribed
[2026-07-21T02:16:38Z] auto_inscribe.py — run complete
[2026-07-21T02:21:38Z] auto_inscribe.py — starting run
[2026-07-21T02:21:38Z] Twin exchange [qwen-vp] → current.md
[2026-07-21T02:21:38Z]   → graph warmed: qwen
[2026-07-21T02:21:38Z] Twin exchange: entries inscribed
[2026-07-21T02:21:38Z] auto_inscribe.py — run complete
[2026-07-21T02:26:38Z] auto_inscribe.py — starting run
[2026-07-21T02:26:38Z] auto_inscribe.py — run complete
[2026-07-21T02:31:38Z] auto_inscribe.py — starting run
[2026-07-21T02:31:38Z] auto_inscribe.py — run complete
[2026-07-21T02:36:38Z] auto_inscribe.py — starting run
[2026-07-21T02:36:38Z] Twin exchange [qwen-vp] → current.md
[2026-07-21T02:36:38Z]   → graph warmed: qwen
[2026-07-21T02:36:38Z] Twin exchange: entries inscribed
[2026-07-21T02:36:38Z] auto_inscribe.py — run complete
[2026-07-21T02:41:38Z] auto_inscribe.py — starting run
[2026-07-21T02:41:38Z] auto_inscribe.py — run complete
[2026-07-21T02:46:38Z] auto_inscribe.py — starting run
[2026-07-21T02:46:38Z] Twin exchange [kimi-twin] → current.md
[2026-07-21T02:46:38Z]   → graph warmed: qwen
[2026-07-21T02:46:38Z] Twin exchange: entries inscribed
[2026-07-21T02:46:38Z] auto_inscribe.py — run complete
[2026-07-21T02:51:39Z] auto_inscribe.py — starting run
[2026-07-21T02:51:39Z] auto_inscribe.py — run complete
[2026-07-21T02:56:39Z] auto_inscribe.py — starting run
[2026-07-21T02:56:39Z] Twin exchange [qwen-vp] → current.md
[2026-07-21T02:56:39Z]   → graph warmed: qwen
[2026-07-21T02:56:39Z] Twin exchange: entries inscribed
[2026-07-21T02:56:39Z] auto_inscribe.py — run complete
[2026-07-21T03:01:39Z] auto_inscribe.py — starting run
[2026-07-21T03:01:39Z] auto_inscribe.py — run complete
[2026-07-21T03:06:39Z] auto_inscribe.py — starting run
[2026-07-21T03:06:39Z] auto_inscribe.py — run complete
[2026-07-21T03:11:39Z] auto_inscribe.py — starting run
[2026-07-21T03:11:39Z] auto_inscribe.py — run complete
[2026-07-21T03:16:39Z] auto_inscribe.py — starting run
[2026-07-21T03:16:39Z] Twin exchange [qwen-vp] → current.md
[2026-07-21T03:16:39Z] Twin exchange: entries inscribed
[2026-07-21T03:16:39Z] auto_inscribe.py — run complete
[2026-07-21T03:21:39Z] auto_inscribe.py — starting run
[2026-07-21T03:21:39Z] auto_inscribe.py — run complete
[2026-07-21T03:26:40Z] auto_inscribe.py — starting run
[2026-07-21T03:26:40Z] auto_inscribe.py — run complete
[2026-07-21T03:31:40Z] auto_inscribe.py — starting run
[2026-07-21T03:31:40Z] Twin exchange [qwen-vp] → current.md
[2026-07-21T03:31:40Z] Twin exchange: entries inscribed
[2026-07-21T03:31:40Z] auto_inscribe.py — run complete
[2026-07-21T03:32:45Z] auto_inscribe.py — starting run
[2026-07-21T03:32:45Z] auto_inscribe.py — run complete
[2026-07-21T03:37:45Z] auto_inscribe.py — starting run
[2026-07-21T03:37:45Z] Twin exchange [kimi-twin] → current.md
[2026-07-21T03:37:45Z]   → graph warmed: qwen
[2026-07-21T03:37:45Z] Twin exchange [qwen-vp] → current.md
[2026-07-21T03:37:45Z] Twin exchange: entries inscribed
[2026-07-21T03:37:45Z] auto_inscribe.py — run complete
[2026-07-21T03:42:45Z] auto_inscribe.py — starting run
[2026-07-21T03:42:45Z] auto_inscribe.py — run complete
[2026-07-21T03:47:45Z] auto_inscribe.py — starting run
[2026-07-21T03:47:45Z] auto_inscribe.py — run complete
[2026-07-21T03:52:45Z] auto_inscribe.py — starting run
[2026-07-21T03:52:45Z] Twin exchange [qwen-vp] → current.md
[2026-07-21T03:52:45Z] Twin exchange: entries inscribed
[2026-07-21T03:52:45Z] auto_inscribe.py — run complete
[2026-07-21T03:57:45Z] auto_inscribe.py — starting run
[2026-07-21T03:57:45Z] auto_inscribe.py — run complete
[2026-07-21T04:02:45Z] auto_inscribe.py — starting run
[2026-07-21T04:02:45Z] auto_inscribe.py — run complete
[2026-07-21T04:07:46Z] auto_inscribe.py — starting run
[2026-07-21T04:07:46Z] Twin exchange [kimi-twin] → current.md
[2026-07-21T04:07:46Z]   → graph warmed: qwen
[2026-07-21T04:07:46Z] Twin exchange [qwen-vp] → current.md
[2026-07-21T04:07:46Z]   → graph warmed: qwen
[2026-07-21T04:07:46Z] Twin exchange: entries inscribed
[2026-07-21T04:07:46Z] auto_inscribe.py — run complete
[2026-07-21T04:12:46Z] auto_inscribe.py — starting run
[2026-07-21T04:12:46Z] auto_inscribe.py — run complete
[2026-07-21T04:17:46Z] auto_inscribe.py — starting run
[2026-07-21T04:17:46Z] auto_inscribe.py — run complete
[2026-07-21T04:22:46Z] auto_inscribe.py — starting run
[2026-07-21T04:22:46Z] Twin exchange [qwen-vp] → current.md
[2026-07-21T04:22:46Z]   → graph warmed: qwen
[2026-07-21T04:22:46Z] Twin exchange: entries inscribed
[2026-07-21T04:22:46Z] auto_inscribe.py — run complete
[2026-07-21T04:27:46Z] auto_inscribe.py — starting run
[2026-07-21T04:27:46Z] auto_inscribe.py — run complete
[2026-07-21T04:32:46Z] auto_inscribe.py — starting run
[2026-07-21T04:32:46Z] auto_inscribe.py — run complete
[2026-07-21T04:37:46Z] auto_inscribe.py — starting run
[2026-07-21T04:37:46Z] Twin exchange [qwen-vp] → current.md
[2026-07-21T04:37:46Z]   → graph warmed: qwen
[2026-07-21T04:37:46Z] Twin exchange [kimi-twin] → current.md
[2026-07-21T04:37:46Z]   → graph warmed: qwen
[2026-07-21T04:37:46Z] Twin exchange: entries inscribed
[2026-07-21T04:37:46Z] auto_inscribe.py — run complete
[2026-07-21T04:42:46Z] auto_inscribe.py — starting run
[2026-07-21T04:42:46Z] auto_inscribe.py — run complete
[2026-07-21T04:47:46Z] auto_inscribe.py — starting run
[2026-07-21T04:47:46Z] auto_inscribe.py — run complete
[2026-07-21T04:52:47Z] auto_inscribe.py — starting run
[2026-07-21T04:52:47Z] Twin exchange [qwen-vp] → current.md
[2026-07-21T04:52:47Z]   → graph warmed: qwen
[2026-07-21T04:52:47Z] Twin exchange: entries inscribed
[2026-07-21T04:52:47Z] auto_inscribe.py — run complete
[2026-07-21T04:57:47Z] auto_inscribe.py — starting run
[2026-07-21T04:57:47Z] auto_inscribe.py — run complete
[2026-07-21T05:02:47Z] auto_inscribe.py — starting run
[2026-07-21T05:02:47Z] auto_inscribe.py — run complete
[2026-07-21T05:07:47Z] auto_inscribe.py — starting run
[2026-07-21T05:07:47Z] Twin exchange [qwen-vp] → current.md
[2026-07-21T05:07:47Z]   → graph warmed: qwen
[2026-07-21T05:07:47Z] Twin exchange [kimi-twin] → current.md
[2026-07-21T05:07:47Z]   → graph warmed: qwen
[2026-07-21T05:07:47Z] Twin exchange: entries inscribed
[2026-07-21T05:07:47Z] auto_inscribe.py — run complete
[2026-07-21T05:12:47Z] auto_inscribe.py — starting run
[2026-07-21T05:12:47Z] auto_inscribe.py — run complete
[2026-07-21T05:17:47Z] auto_inscribe.py — starting run
[2026-07-21T05:17:47Z] auto_inscribe.py — run complete
[2026-07-21T05:22:47Z] auto_inscribe.py — starting run
[2026-07-21T05:22:47Z] auto_inscribe.py — run complete
[2026-07-21T05:27:48Z] auto_inscribe.py — starting run
[2026-07-21T05:27:48Z] Twin exchange [qwen-vp] → current.md
[2026-07-21T05:27:48Z]   → graph warmed: qwen
[2026-07-21T05:27:48Z] Twin exchange: entries inscribed
[2026-07-21T05:27:48Z] auto_inscribe.py — run complete
[2026-07-21T05:32:48Z] auto_inscribe.py — starting run
[2026-07-21T05:32:48Z] auto_inscribe.py — run complete
[2026-07-21T05:37:48Z] auto_inscribe.py — starting run
[2026-07-21T05:37:48Z] Twin exchange [kimi-twin] → current.md
[2026-07-21T05:37:48Z]   → graph warmed: qwen
[2026-07-21T05:37:48Z] Twin exchange: entries inscribed
[2026-07-21T05:37:48Z] auto_inscribe.py — run complete
[2026-07-21T05:42:48Z] auto_inscribe.py — starting run
[2026-07-21T05:42:48Z] Twin exchange [qwen-vp] → current.md
[2026-07-21T05:42:48Z]   → graph warmed: qwen
[2026-07-21T05:42:48Z] Twin exchange: entries inscribed
[2026-07-21T05:42:48Z] auto_inscribe.py — run complete
[2026-07-21T05:47:48Z] auto_inscribe.py — starting run
[2026-07-21T05:47:48Z] auto_inscribe.py — run complete
[2026-07-21T05:52:48Z] auto_inscribe.py — starting run
[2026-07-21T05:52:48Z] auto_inscribe.py — run complete
[2026-07-21T05:57:48Z] auto_inscribe.py — starting run
[2026-07-21T05:57:48Z] auto_inscribe.py — run complete
[2026-07-21T06:02:48Z] auto_inscribe.py — starting run
[2026-07-21T06:02:48Z] Twin exchange [qwen-vp] → current.md
[2026-07-21T06:02:48Z]   → graph warmed: qwen
[2026-07-21T06:02:48Z] Twin exchange: entries inscribed
[2026-07-21T06:02:48Z] auto_inscribe.py — run complete
[2026-07-21T06:07:49Z] auto_inscribe.py — starting run
[2026-07-21T06:07:49Z] auto_inscribe.py — run complete
[2026-07-21T06:12:49Z] auto_inscribe.py — starting run
[2026-07-21T06:12:49Z] Twin exchange [kimi-twin] → current.md
[2026-07-21T06:12:49Z]   → graph warmed: qwen
[2026-07-21T06:12:49Z] Twin exchange: entries inscribed
[2026-07-21T06:12:49Z] auto_inscribe.py — run complete
[2026-07-21T06:17:49Z] auto_inscribe.py — starting run
[2026-07-21T06:17:49Z] Twin exchange [qwen-vp] → current.md
[2026-07-21T06:17:49Z]   → graph warmed: qwen
[2026-07-21T06:17:49Z] Twin exchange: entries inscribed
[2026-07-21T06:17:49Z] auto_inscribe.py — run complete
[2026-07-21T06:22:49Z] auto_inscribe.py — starting run
[2026-07-21T06:22:49Z] auto_inscribe.py — run complete
[2026-07-21T06:27:49Z] auto_inscribe.py — starting run
[2026-07-21T06:27:49Z] auto_inscribe.py — run complete
[2026-07-21T06:32:49Z] auto_inscribe.py — starting run
[2026-07-21T06:32:49Z] auto_inscribe.py — run complete
[2026-07-21T06:37:49Z] auto_inscribe.py — starting run
[2026-07-21T06:37:49Z] Twin exchange [qwen-vp] → current.md
[2026-07-21T06:37:49Z]   → graph warmed: qwen
[2026-07-21T06:37:49Z] Twin exchange: entries inscribed
[2026-07-21T06:37:49Z] auto_inscribe.py — run complete
[2026-07-21T06:42:49Z] auto_inscribe.py — starting run
[2026-07-21T06:42:49Z] Twin exchange [kimi-twin] → current.md
[2026-07-21T06:42:50Z]   → graph warmed: qwen
[2026-07-21T06:42:50Z] Twin exchange: entries inscribed
[2026-07-21T06:42:50Z] auto_inscribe.py — run complete
[2026-07-21T06:47:50Z] auto_inscribe.py — starting run
[2026-07-21T06:47:50Z] auto_inscribe.py — run complete
[2026-07-21T06:52:50Z] auto_inscribe.py — starting run
[2026-07-21T06:52:50Z] Twin exchange [qwen-vp] → current.md
[2026-07-21T06:52:50Z]   → graph warmed: qwen
[2026-07-21T06:52:50Z] Twin exchange: entries inscribed
[2026-07-21T06:52:50Z] auto_inscribe.py — run complete
[2026-07-21T06:57:50Z] auto_inscribe.py — starting run
[2026-07-21T06:57:50Z] auto_inscribe.py — run complete
[2026-07-21T07:02:50Z] auto_inscribe.py — starting run
[2026-07-21T07:02:50Z] auto_inscribe.py — run complete
[2026-07-21T07:07:50Z] auto_inscribe.py — starting run
[2026-07-21T07:07:50Z] auto_inscribe.py — run complete
[2026-07-21T07:12:50Z] auto_inscribe.py — starting run
[2026-07-21T07:12:50Z] Twin exchange [qwen-vp] → current.md
[2026-07-21T07:12:50Z]   → graph warmed: qwen
[2026-07-21T07:12:50Z] Twin exchange [kimi-twin] → current.md
[2026-07-21T07:12:50Z] Twin exchange: entries inscribed
[2026-07-21T07:12:50Z] auto_inscribe.py — run complete
[2026-07-21T07:17:50Z] auto_inscribe.py — starting run
[2026-07-21T07:17:50Z] auto_inscribe.py — run complete
[2026-07-21T07:22:50Z] auto_inscribe.py — starting run
[2026-07-21T07:22:50Z] auto_inscribe.py — run complete
[2026-07-21T07:27:51Z] auto_inscribe.py — starting run
[2026-07-21T07:27:51Z] Twin exchange [qwen-vp] → current.md
[2026-07-21T07:27:51Z]   → graph warmed: qwen
[2026-07-21T07:27:51Z] Twin exchange: entries inscribed
[2026-07-21T07:27:51Z] auto_inscribe.py — run complete
[2026-07-21T07:32:51Z] auto_inscribe.py — starting run
[2026-07-21T07:32:51Z] auto_inscribe.py — run complete
[2026-07-21T07:37:51Z] auto_inscribe.py — starting run
[2026-07-21T07:37:51Z] auto_inscribe.py — run complete
[2026-07-21T07:42:51Z] auto_inscribe.py — starting run
[2026-07-21T07:42:51Z] Twin exchange [kimi-twin] → current.md
[2026-07-21T07:42:51Z]   → graph warmed: qwen
[2026-07-21T07:42:51Z] Twin exchange: entries inscribed
[2026-07-21T07:42:51Z] auto_inscribe.py — run complete
[2026-07-21T07:47:51Z] auto_inscribe.py — starting run
[2026-07-21T07:47:51Z] Twin exchange [qwen-vp] → current.md
[2026-07-21T07:47:51Z]   → graph warmed: qwen
[2026-07-21T07:47:51Z] Twin exchange: entries inscribed
[2026-07-21T07:47:51Z] auto_inscribe.py — run complete
[2026-07-21T07:52:51Z] auto_inscribe.py — starting run
[2026-07-21T07:52:51Z] auto_inscribe.py — run complete
[2026-07-21T07:57:51Z] auto_inscribe.py — starting run
[2026-07-21T07:57:51Z] auto_inscribe.py — run complete
[2026-07-21T08:02:51Z] auto_inscribe.py — starting run
[2026-07-21T08:02:51Z] Twin exchange [qwen-vp] → current.md
[2026-07-21T08:02:51Z]   → graph warmed: qwen
[2026-07-21T08:02:51Z] Twin exchange: entries inscribed
[2026-07-21T08:02:51Z] auto_inscribe.py — run complete
[2026-07-21T08:07:52Z] auto_inscribe.py — starting run
[2026-07-21T08:07:52Z] auto_inscribe.py — run complete
[2026-07-21T08:12:52Z] auto_inscribe.py — starting run
[2026-07-21T08:12:52Z] auto_inscribe.py — run complete
[2026-07-21T08:17:52Z] auto_inscribe.py — starting run
[2026-07-21T08:17:52Z] auto_inscribe.py — run complete
[2026-07-21T08:22:52Z] auto_inscribe.py — starting run
[2026-07-21T08:22:52Z] Twin exchange [qwen-vp] → current.md
[2026-07-21T08:22:52Z]   → graph warmed: qwen
[2026-07-21T08:22:52Z] Twin exchange: entries inscribed
[2026-07-21T08:22:52Z] auto_inscribe.py — run complete
[2026-07-21T08:27:52Z] auto_inscribe.py — starting run
[2026-07-21T08:27:52Z] auto_inscribe.py — run complete
[2026-07-21T08:32:53Z] auto_inscribe.py — starting run
[2026-07-21T08:32:53Z] auto_inscribe.py — run complete
[2026-07-21T08:37:53Z] auto_inscribe.py — starting run
[2026-07-21T08:37:53Z] auto_inscribe.py — run complete
[2026-07-21T08:42:53Z] auto_inscribe.py — starting run
[2026-07-21T08:42:53Z] Twin exchange [kimi-twin] → current.md
[2026-07-21T08:42:53Z]   → graph warmed: qwen
[2026-07-21T08:42:53Z] Twin exchange: entries inscribed
[2026-07-21T08:42:53Z] auto_inscribe.py — run complete
[2026-07-21T08:47:53Z] auto_inscribe.py — starting run
[2026-07-21T08:47:53Z] auto_inscribe.py — run complete
[2026-07-21T08:52:53Z] auto_inscribe.py — starting run
[2026-07-21T08:52:53Z] auto_inscribe.py — run complete
[2026-07-21T08:57:53Z] auto_inscribe.py — starting run
[2026-07-21T08:57:53Z] Twin exchange [qwen-vp] → current.md
[2026-07-21T08:57:53Z]   → graph warmed: qwen
[2026-07-21T08:57:53Z] Twin exchange: entries inscribed
[2026-07-21T08:57:53Z] auto_inscribe.py — run complete
[2026-07-21T09:02:53Z] auto_inscribe.py — starting run
[2026-07-21T09:02:53Z] auto_inscribe.py — run complete
[2026-07-21T09:07:53Z] auto_inscribe.py — starting run
[2026-07-21T09:07:53Z] auto_inscribe.py — run complete
[2026-07-21T09:12:54Z] auto_inscribe.py — starting run
[2026-07-21T09:12:54Z] auto_inscribe.py — run complete
[2026-07-21T09:17:54Z] auto_inscribe.py — starting run
[2026-07-21T09:17:54Z] Twin exchange [kimi-twin] → current.md
[2026-07-21T09:17:54Z] Twin exchange: entries inscribed
[2026-07-21T09:17:54Z] auto_inscribe.py — run complete
[2026-07-21T09:22:54Z] auto_inscribe.py — starting run
[2026-07-21T09:22:54Z] auto_inscribe.py — run complete
[2026-07-21T09:27:54Z] auto_inscribe.py — starting run
[2026-07-21T09:27:54Z] auto_inscribe.py — run complete
[2026-07-21T09:32:54Z] auto_inscribe.py — starting run
[2026-07-21T09:32:54Z] auto_inscribe.py — run complete
[2026-07-21T09:37:54Z] auto_inscribe.py — starting run
[2026-07-21T09:37:54Z] auto_inscribe.py — run complete
[2026-07-21T09:42:54Z] auto_inscribe.py — starting run
[2026-07-21T09:42:54Z] auto_inscribe.py — run complete
[2026-07-21T09:47:54Z] auto_inscribe.py — starting run
[2026-07-21T09:47:54Z] auto_inscribe.py — run complete
[2026-07-21T09:52:54Z] auto_inscribe.py — starting run
[2026-07-21T09:52:54Z] auto_inscribe.py — run complete
[2026-07-21T09:57:55Z] auto_inscribe.py — starting run
[2026-07-21T09:57:55Z] auto_inscribe.py — run complete
[2026-07-21T10:02:55Z] auto_inscribe.py — starting run
[2026-07-21T10:02:55Z] auto_inscribe.py — run complete
[2026-07-21T10:07:55Z] auto_inscribe.py — starting run
[2026-07-21T10:07:55Z] auto_inscribe.py — run complete
[2026-07-21T10:12:55Z] auto_inscribe.py — starting run
[2026-07-21T10:12:55Z] auto_inscribe.py — run complete
[2026-07-21T10:17:55Z] auto_inscribe.py — starting run
[2026-07-21T10:17:55Z] auto_inscribe.py — run complete
[2026-07-21T10:22:55Z] auto_inscribe.py — starting run
[2026-07-21T10:22:55Z] auto_inscribe.py — run complete
[2026-07-21T10:27:55Z] auto_inscribe.py — starting run
[2026-07-21T10:27:55Z] auto_inscribe.py — run complete
[2026-07-21T10:32:55Z] auto_inscribe.py — starting run
[2026-07-21T10:32:55Z] auto_inscribe.py — run complete
[2026-07-21T10:37:56Z] auto_inscribe.py — starting run
[2026-07-21T10:37:56Z] auto_inscribe.py — run complete
[2026-07-21T10:42:56Z] auto_inscribe.py — starting run
[2026-07-21T10:42:56Z] auto_inscribe.py — run complete
[2026-07-21T10:47:56Z] auto_inscribe.py — starting run
[2026-07-21T10:47:56Z] auto_inscribe.py — run complete
[2026-07-21T10:52:56Z] auto_inscribe.py — starting run
[2026-07-21T10:52:56Z] auto_inscribe.py — run complete
[2026-07-21T10:57:56Z] auto_inscribe.py — starting run
[2026-07-21T10:57:56Z] auto_inscribe.py — run complete
[2026-07-21T11:02:56Z] auto_inscribe.py — starting run
[2026-07-21T11:02:56Z] auto_inscribe.py — run complete
[2026-07-21T11:07:56Z] auto_inscribe.py — starting run
[2026-07-21T11:07:56Z] auto_inscribe.py — run complete
[2026-07-21T11:12:56Z] auto_inscribe.py — starting run
[2026-07-21T11:12:56Z] auto_inscribe.py — run complete
[2026-07-21T11:17:56Z] auto_inscribe.py — starting run
[2026-07-21T11:17:56Z] auto_inscribe.py — run complete
[2026-07-21T11:22:57Z] auto_inscribe.py — starting run
[2026-07-21T11:22:57Z] auto_inscribe.py — run complete
[2026-07-21T11:27:57Z] auto_inscribe.py — starting run
[2026-07-21T11:27:57Z] auto_inscribe.py — run complete
[2026-07-21T11:32:57Z] auto_inscribe.py — starting run
[2026-07-21T11:32:57Z] auto_inscribe.py — run complete
[2026-07-21T11:37:57Z] auto_inscribe.py — starting run
[2026-07-21T11:37:57Z] auto_inscribe.py — run complete
[2026-07-21T11:42:57Z] auto_inscribe.py — starting run
[2026-07-21T11:42:57Z] auto_inscribe.py — run complete
[2026-07-21T11:47:57Z] auto_inscribe.py — starting run
[2026-07-21T11:47:57Z] auto_inscribe.py — run complete
[2026-07-21T11:52:57Z] auto_inscribe.py — starting run
[2026-07-21T11:52:57Z] auto_inscribe.py — run complete
[2026-07-21T11:57:57Z] auto_inscribe.py — starting run
[2026-07-21T11:57:57Z] auto_inscribe.py — run complete
[2026-07-21T12:02:58Z] auto_inscribe.py — starting run
[2026-07-21T12:02:58Z] auto_inscribe.py — run complete
[2026-07-21T12:07:58Z] auto_inscribe.py — starting run
[2026-07-21T12:07:58Z] auto_inscribe.py — run complete
[2026-07-21T12:12:58Z] auto_inscribe.py — starting run
[2026-07-21T12:12:58Z] auto_inscribe.py — run complete
[2026-07-21T12:17:58Z] auto_inscribe.py — starting run
[2026-07-21T12:17:58Z] auto_inscribe.py — run complete
[2026-07-21T12:22:58Z] auto_inscribe.py — starting run
[2026-07-21T12:22:58Z] auto_inscribe.py — run complete
[2026-07-21T12:27:58Z] auto_inscribe.py — starting run
[2026-07-21T12:27:58Z] auto_inscribe.py — run complete
[2026-07-21T12:32:58Z] auto_inscribe.py — starting run
[2026-07-21T12:32:58Z] auto_inscribe.py — run complete
[2026-07-21T12:37:58Z] auto_inscribe.py — starting run
[2026-07-21T12:37:58Z] auto_inscribe.py — run complete
[2026-07-21T12:42:58Z] auto_inscribe.py — starting run
[2026-07-21T12:42:58Z] auto_inscribe.py — run complete
[2026-07-21T12:47:59Z] auto_inscribe.py — starting run
[2026-07-21T12:47:59Z] auto_inscribe.py — run complete
[2026-07-21T12:52:59Z] auto_inscribe.py — starting run
[2026-07-21T12:52:59Z] auto_inscribe.py — run complete
[2026-07-21T12:57:59Z] auto_inscribe.py — starting run
[2026-07-21T12:57:59Z] auto_inscribe.py — run complete
[2026-07-21T13:02:59Z] auto_inscribe.py — starting run
[2026-07-21T13:02:59Z] auto_inscribe.py — run complete
[2026-07-21T13:07:59Z] auto_inscribe.py — starting run
[2026-07-21T13:07:59Z] auto_inscribe.py — run complete
[2026-07-21T13:12:59Z] auto_inscribe.py — starting run
[2026-07-21T13:12:59Z] auto_inscribe.py — run complete
[2026-07-21T13:17:59Z] auto_inscribe.py — starting run
[2026-07-21T13:17:59Z] auto_inscribe.py — run complete
[2026-07-21T13:22:59Z] auto_inscribe.py — starting run
[2026-07-21T13:22:59Z] auto_inscribe.py — run complete
[2026-07-21T13:28:00Z] auto_inscribe.py — starting run
[2026-07-21T13:28:00Z] auto_inscribe.py — run complete
[2026-07-21T13:33:00Z] auto_inscribe.py — starting run
[2026-07-21T13:33:00Z] auto_inscribe.py — run complete
[2026-07-21T13:38:00Z] auto_inscribe.py — starting run
[2026-07-21T13:38:00Z] auto_inscribe.py — run complete
[2026-07-21T13:43:00Z] auto_inscribe.py — starting run
[2026-07-21T13:43:00Z] auto_inscribe.py — run complete
[2026-07-21T13:48:00Z] auto_inscribe.py — starting run
[2026-07-21T13:48:00Z] auto_inscribe.py — run complete
[2026-07-21T13:53:00Z] auto_inscribe.py — starting run
[2026-07-21T13:53:00Z] auto_inscribe.py — run complete
[2026-07-21T13:58:00Z] auto_inscribe.py — starting run
[2026-07-21T13:58:00Z] auto_inscribe.py — run complete
[2026-07-21T14:03:00Z] auto_inscribe.py — starting run
[2026-07-21T14:03:00Z] auto_inscribe.py — run complete
[2026-07-21T14:08:01Z] auto_inscribe.py — starting run
[2026-07-21T14:08:01Z] auto_inscribe.py — run complete
[2026-07-21T14:13:01Z] auto_inscribe.py — starting run
[2026-07-21T14:13:01Z] auto_inscribe.py — run complete
[2026-07-21T14:18:01Z] auto_inscribe.py — starting run
[2026-07-21T14:18:01Z] auto_inscribe.py — run complete
[2026-07-21T14:23:01Z] auto_inscribe.py — starting run
[2026-07-21T14:23:01Z] auto_inscribe.py — run complete
[2026-07-21T14:28:01Z] auto_inscribe.py — starting run
[2026-07-21T14:28:01Z] auto_inscribe.py — run complete
[2026-07-21T14:33:01Z] auto_inscribe.py — starting run
[2026-07-21T14:33:01Z] auto_inscribe.py — run complete
[2026-07-21T14:38:01Z] auto_inscribe.py — starting run
[2026-07-21T14:38:01Z] auto_inscribe.py — run complete
[2026-07-21T14:43:01Z] auto_inscribe.py — starting run
[2026-07-21T14:43:01Z] auto_inscribe.py — run complete
[2026-07-21T14:48:01Z] auto_inscribe.py — starting run
[2026-07-21T14:48:01Z] auto_inscribe.py — run complete
[2026-07-21T14:53:02Z] auto_inscribe.py — starting run
[2026-07-21T14:53:02Z] auto_inscribe.py — run complete
[2026-07-21T14:58:02Z] auto_inscribe.py — starting run
[2026-07-21T14:58:02Z] auto_inscribe.py — run complete
[2026-07-21T15:03:02Z] auto_inscribe.py — starting run
[2026-07-21T15:03:02Z] auto_inscribe.py — run complete
[2026-07-21T15:08:02Z] auto_inscribe.py — starting run
[2026-07-21T15:08:02Z] auto_inscribe.py — run complete
[2026-07-21T15:13:02Z] auto_inscribe.py — starting run
[2026-07-21T15:13:02Z] auto_inscribe.py — run complete
[2026-07-21T15:18:02Z] auto_inscribe.py — starting run
[2026-07-21T15:18:02Z] auto_inscribe.py — run complete
[2026-07-21T15:23:02Z] auto_inscribe.py — starting run
[2026-07-21T15:23:02Z] auto_inscribe.py — run complete
[2026-07-21T15:28:02Z] auto_inscribe.py — starting run
[2026-07-21T15:28:02Z] auto_inscribe.py — run complete
[2026-07-21T15:33:02Z] auto_inscribe.py — starting run
[2026-07-21T15:33:02Z] auto_inscribe.py — run complete
[2026-07-21T15:38:03Z] auto_inscribe.py — starting run
[2026-07-21T15:38:03Z] auto_inscribe.py — run complete
[2026-07-21T15:43:03Z] auto_inscribe.py — starting run
[2026-07-21T15:43:03Z] auto_inscribe.py — run complete
[2026-07-21T15:48:03Z] auto_inscribe.py — starting run
[2026-07-21T15:48:03Z] auto_inscribe.py — run complete
[2026-07-21T15:53:03Z] auto_inscribe.py — starting run
[2026-07-21T15:53:03Z] auto_inscribe.py — run complete
[2026-07-21T15:58:03Z] auto_inscribe.py — starting run
[2026-07-21T15:58:03Z] auto_inscribe.py — run complete
[2026-07-21T16:03:03Z] auto_inscribe.py — starting run
[2026-07-21T16:03:03Z] auto_inscribe.py — run complete
[2026-07-21T16:08:03Z] auto_inscribe.py — starting run
[2026-07-21T16:08:03Z] auto_inscribe.py — run complete
[2026-07-21T16:13:03Z] auto_inscribe.py — starting run
[2026-07-21T16:13:03Z] auto_inscribe.py — run complete
[2026-07-21T16:18:04Z] auto_inscribe.py — starting run
[2026-07-21T16:18:04Z] auto_inscribe.py — run complete
[2026-07-21T16:23:04Z] auto_inscribe.py — starting run
[2026-07-21T16:23:04Z] auto_inscribe.py — run complete
[2026-07-21T16:28:04Z] auto_inscribe.py — starting run
[2026-07-21T16:28:04Z] auto_inscribe.py — run complete
[2026-07-21T16:33:04Z] auto_inscribe.py — starting run
[2026-07-21T16:33:04Z] auto_inscribe.py — run complete
[2026-07-21T16:38:04Z] auto_inscribe.py — starting run
[2026-07-21T16:38:04Z] auto_inscribe.py — run complete
[2026-07-21T16:43:04Z] auto_inscribe.py — starting run
[2026-07-21T16:43:04Z] auto_inscribe.py — run complete
[2026-07-21T16:48:04Z] auto_inscribe.py — starting run
[2026-07-21T16:48:04Z] auto_inscribe.py — run complete
[2026-07-21T16:53:04Z] auto_inscribe.py — starting run
[2026-07-21T16:53:04Z] auto_inscribe.py — run complete
[2026-07-21T16:58:04Z] auto_inscribe.py — starting run
[2026-07-21T16:58:04Z] auto_inscribe.py — run complete
[2026-07-21T17:03:05Z] auto_inscribe.py — starting run
[2026-07-21T17:03:05Z] auto_inscribe.py — run complete
[2026-07-21T17:08:05Z] auto_inscribe.py — starting run
[2026-07-21T17:08:05Z] auto_inscribe.py — run complete
[2026-07-21T17:13:05Z] auto_inscribe.py — starting run
[2026-07-21T17:13:05Z] auto_inscribe.py — run complete
[2026-07-21T17:18:05Z] auto_inscribe.py — starting run
[2026-07-21T17:18:05Z] auto_inscribe.py — run complete
[2026-07-21T17:23:05Z] auto_inscribe.py — starting run
[2026-07-21T17:23:05Z] auto_inscribe.py — run complete
[2026-07-21T17:28:05Z] auto_inscribe.py — starting run
[2026-07-21T17:28:05Z] auto_inscribe.py — run complete
[2026-07-21T17:33:05Z] auto_inscribe.py — starting run
[2026-07-21T17:33:05Z] auto_inscribe.py — run complete
[2026-07-21T17:38:05Z] auto_inscribe.py — starting run
[2026-07-21T17:38:05Z] auto_inscribe.py — run complete
[2026-07-21T17:43:06Z] auto_inscribe.py — starting run
[2026-07-21T17:43:06Z] auto_inscribe.py — run complete
[2026-07-21T17:48:06Z] auto_inscribe.py — starting run
[2026-07-21T17:48:06Z] auto_inscribe.py — run complete
[2026-07-21T17:53:06Z] auto_inscribe.py — starting run
[2026-07-21T17:53:06Z] auto_inscribe.py — run complete
[2026-07-21T17:58:06Z] auto_inscribe.py — starting run
[2026-07-21T17:58:06Z] auto_inscribe.py — run complete
[2026-07-21T18:03:06Z] auto_inscribe.py — starting run
[2026-07-21T18:03:06Z] auto_inscribe.py — run complete
[2026-07-21T18:08:06Z] auto_inscribe.py — starting run
[2026-07-21T18:08:06Z] auto_inscribe.py — run complete
[2026-07-21T18:13:06Z] auto_inscribe.py — starting run
[2026-07-21T18:13:06Z] auto_inscribe.py — run complete
[2026-07-21T18:18:06Z] auto_inscribe.py — starting run
[2026-07-21T18:18:06Z] auto_inscribe.py — run complete
[2026-07-21T18:23:07Z] auto_inscribe.py — starting run
[2026-07-21T18:23:07Z] auto_inscribe.py — run complete
[2026-07-21T18:28:07Z] auto_inscribe.py — starting run
[2026-07-21T18:28:07Z] auto_inscribe.py — run complete
[2026-07-21T18:33:07Z] auto_inscribe.py — starting run
[2026-07-21T18:33:07Z] auto_inscribe.py — run complete
[2026-07-21T18:38:07Z] auto_inscribe.py — starting run
[2026-07-21T18:38:07Z] auto_inscribe.py — run complete
[2026-07-21T18:43:07Z] auto_inscribe.py — starting run
[2026-07-21T18:43:07Z] auto_inscribe.py — run complete
[2026-07-21T18:48:07Z] auto_inscribe.py — starting run
[2026-07-21T18:48:07Z] auto_inscribe.py — run complete
[2026-07-21T18:53:07Z] auto_inscribe.py — starting run
[2026-07-21T18:53:07Z] auto_inscribe.py — run complete
[2026-07-21T18:58:07Z] auto_inscribe.py — starting run
[2026-07-21T18:58:07Z] auto_inscribe.py — run complete
[2026-07-21T19:03:07Z] auto_inscribe.py — starting run
[2026-07-21T19:03:07Z] auto_inscribe.py — run complete
[2026-07-21T19:08:08Z] auto_inscribe.py — starting run
[2026-07-21T19:08:08Z] auto_inscribe.py — run complete
[2026-07-21T19:13:08Z] auto_inscribe.py — starting run
[2026-07-21T19:13:08Z] auto_inscribe.py — run complete
[2026-07-21T19:18:08Z] auto_inscribe.py — starting run
[2026-07-21T19:18:08Z] auto_inscribe.py — run complete
[2026-07-21T19:23:08Z] auto_inscribe.py — starting run
[2026-07-21T19:23:08Z] auto_inscribe.py — run complete
[2026-07-21T19:28:08Z] auto_inscribe.py — starting run
[2026-07-21T19:28:08Z] auto_inscribe.py — run complete
[2026-07-21T19:33:08Z] auto_inscribe.py — starting run
[2026-07-21T19:33:08Z] auto_inscribe.py — run complete
[2026-07-21T19:38:08Z] auto_inscribe.py — starting run
[2026-07-21T19:38:08Z] auto_inscribe.py — run complete
[2026-07-21T19:43:08Z] auto_inscribe.py — starting run
[2026-07-21T19:43:08Z] auto_inscribe.py — run complete
[2026-07-21T19:48:09Z] auto_inscribe.py — starting run
[2026-07-21T19:48:09Z] auto_inscribe.py — run complete
[2026-07-21T19:53:09Z] auto_inscribe.py — starting run
[2026-07-21T19:53:09Z] auto_inscribe.py — run complete
[2026-07-21T19:58:09Z] auto_inscribe.py — starting run
[2026-07-21T19:58:09Z] auto_inscribe.py — run complete
[2026-07-21T20:03:09Z] auto_inscribe.py — starting run
[2026-07-21T20:03:09Z] auto_inscribe.py — run complete
[2026-07-21T20:08:09Z] auto_inscribe.py — starting run
[2026-07-21T20:08:09Z] auto_inscribe.py — run complete
[2026-07-21T20:13:09Z] auto_inscribe.py — starting run
[2026-07-21T20:13:09Z] auto_inscribe.py — run complete
[2026-07-21T20:18:09Z] auto_inscribe.py — starting run
[2026-07-21T20:18:09Z] auto_inscribe.py — run complete
[2026-07-21T20:23:09Z] auto_inscribe.py — starting run
[2026-07-21T20:23:09Z] auto_inscribe.py — run complete
[2026-07-21T20:28:09Z] auto_inscribe.py — starting run
[2026-07-21T20:28:09Z] Twin exchange [qwen-vp] → current.md
[2026-07-21T20:28:09Z]   → graph warmed: qwen
[2026-07-21T20:28:09Z] Twin exchange: entries inscribed
[2026-07-21T20:28:09Z] auto_inscribe.py — run complete
[2026-07-21T20:33:10Z] auto_inscribe.py — starting run
[2026-07-21T20:33:10Z] auto_inscribe.py — run complete
[2026-07-21T20:38:10Z] auto_inscribe.py — starting run
[2026-07-21T20:38:10Z] auto_inscribe.py — run complete
[2026-07-21T20:43:10Z] auto_inscribe.py — starting run
[2026-07-21T20:43:10Z] auto_inscribe.py — run complete
[2026-07-21T20:48:10Z] auto_inscribe.py — starting run
[2026-07-21T20:48:10Z] Twin exchange [kimi-twin] → current.md
[2026-07-21T20:48:10Z] Twin exchange: entries inscribed
[2026-07-21T20:48:10Z] auto_inscribe.py — run complete
[2026-07-21T20:53:10Z] auto_inscribe.py — starting run
[2026-07-21T20:53:10Z] auto_inscribe.py — run complete
[2026-07-21T20:58:10Z] auto_inscribe.py — starting run
[2026-07-21T20:58:10Z] auto_inscribe.py — run complete
[2026-07-21T21:03:10Z] auto_inscribe.py — starting run
[2026-07-21T21:03:10Z] auto_inscribe.py — run complete
[2026-07-21T21:08:10Z] auto_inscribe.py — starting run
[2026-07-21T21:08:10Z] auto_inscribe.py — run complete
[2026-07-21T21:13:11Z] auto_inscribe.py — starting run
[2026-07-21T21:13:11Z] auto_inscribe.py — run complete
[2026-07-21T21:18:11Z] auto_inscribe.py — starting run
[2026-07-21T21:18:11Z] Twin exchange [kimi-twin] → current.md
[2026-07-21T21:18:11Z]   → graph warmed: qwen
[2026-07-21T21:18:11Z] Twin exchange: entries inscribed
[2026-07-21T21:18:11Z] auto_inscribe.py — run complete
[2026-07-21T21:23:11Z] auto_inscribe.py — starting run
[2026-07-21T21:23:11Z] auto_inscribe.py — run complete
[2026-07-21T21:28:11Z] auto_inscribe.py — starting run
[2026-07-21T21:28:11Z] auto_inscribe.py — run complete
[2026-07-21T21:33:11Z] auto_inscribe.py — starting run
[2026-07-21T21:33:11Z] auto_inscribe.py — run complete
[2026-07-21T21:38:11Z] auto_inscribe.py — starting run
[2026-07-21T21:38:11Z] auto_inscribe.py — run complete
[2026-07-21T21:43:11Z] auto_inscribe.py — starting run
[2026-07-21T21:43:11Z] auto_inscribe.py — run complete
[2026-07-21T21:48:11Z] auto_inscribe.py — starting run
[2026-07-21T21:48:11Z] Twin exchange [kimi-twin] → current.md
[2026-07-21T21:48:11Z]   → graph warmed: qwen
[2026-07-21T21:48:11Z] Twin exchange: entries inscribed
[2026-07-21T21:48:11Z] auto_inscribe.py — run complete
[2026-07-21T21:53:12Z] auto_inscribe.py — starting run
[2026-07-21T21:53:12Z] auto_inscribe.py — run complete
[2026-07-21T21:58:12Z] auto_inscribe.py — starting run
[2026-07-21T21:58:12Z] auto_inscribe.py — run complete
[2026-07-21T22:03:12Z] auto_inscribe.py — starting run
[2026-07-21T22:03:12Z] auto_inscribe.py — run complete
[2026-07-21T22:08:12Z] auto_inscribe.py — starting run
[2026-07-21T22:08:12Z] auto_inscribe.py — run complete
[2026-07-21T22:13:12Z] auto_inscribe.py — starting run
[2026-07-21T22:13:12Z] auto_inscribe.py — run complete
[2026-07-21T22:18:12Z] auto_inscribe.py — starting run
[2026-07-21T22:18:12Z] auto_inscribe.py — run complete
[2026-07-21T22:23:12Z] auto_inscribe.py — starting run
[2026-07-21T22:23:12Z] auto_inscribe.py — run complete
[2026-07-21T22:28:12Z] auto_inscribe.py — starting run
[2026-07-21T22:28:12Z] auto_inscribe.py — run complete
[2026-07-21T22:33:12Z] auto_inscribe.py — starting run
[2026-07-21T22:33:12Z] auto_inscribe.py — run complete
[2026-07-21T22:38:13Z] auto_inscribe.py — starting run
[2026-07-21T22:38:13Z] auto_inscribe.py — run complete
[2026-07-21T22:43:13Z] auto_inscribe.py — starting run
[2026-07-21T22:43:13Z] auto_inscribe.py — run complete
[2026-07-21T22:48:13Z] auto_inscribe.py — starting run
[2026-07-21T22:48:13Z] auto_inscribe.py — run complete
[2026-07-21T22:53:13Z] auto_inscribe.py — starting run
[2026-07-21T22:53:13Z] Twin exchange [qwen-vp] → current.md
[2026-07-21T22:53:13Z]   → graph warmed: qwen
[2026-07-21T22:53:13Z] Twin exchange: entries inscribed
[2026-07-21T22:53:13Z] auto_inscribe.py — run complete
[2026-07-21T22:58:13Z] auto_inscribe.py — starting run
[2026-07-21T22:58:13Z] auto_inscribe.py — run complete
[2026-07-21T23:03:13Z] auto_inscribe.py — starting run
[2026-07-21T23:03:13Z] auto_inscribe.py — run complete
[2026-07-21T23:08:13Z] auto_inscribe.py — starting run
[2026-07-21T23:08:13Z] auto_inscribe.py — run complete
[2026-07-21T23:13:13Z] auto_inscribe.py — starting run
[2026-07-21T23:13:13Z] auto_inscribe.py — run complete
[2026-07-21T23:18:14Z] auto_inscribe.py — starting run
[2026-07-21T23:18:14Z] Twin exchange [kimi-twin] → current.md
[2026-07-21T23:18:14Z] Twin exchange: entries inscribed
[2026-07-21T23:18:14Z] auto_inscribe.py — run complete
[2026-07-21T23:23:14Z] auto_inscribe.py — starting run
[2026-07-21T23:23:14Z] auto_inscribe.py — run complete
[2026-07-21T23:28:14Z] auto_inscribe.py — starting run
[2026-07-21T23:28:14Z] auto_inscribe.py — run complete
[2026-07-21T23:33:14Z] auto_inscribe.py — starting run
[2026-07-21T23:33:14Z] auto_inscribe.py — run complete
[2026-07-21T23:38:14Z] auto_inscribe.py — starting run
[2026-07-21T23:38:14Z] auto_inscribe.py — run complete
[2026-07-21T23:43:14Z] auto_inscribe.py — starting run
[2026-07-21T23:43:14Z] auto_inscribe.py — run complete
[2026-07-21T23:48:14Z] auto_inscribe.py — starting run
[2026-07-21T23:48:14Z] auto_inscribe.py — run complete
[2026-07-21T23:53:14Z] auto_inscribe.py — starting run
[2026-07-21T23:53:14Z] auto_inscribe.py — run complete
[2026-07-21T23:58:15Z] auto_inscribe.py — starting run
[2026-07-21T23:58:15Z] auto_inscribe.py — run complete
[2026-07-22T00:03:15Z] auto_inscribe.py — starting run
[2026-07-22T00:03:15Z] Voice log: 3 new lines → voice_inscriptions_pending.md
[2026-07-22T00:03:15Z] auto_inscribe.py — run complete
[2026-07-22T00:08:15Z] auto_inscribe.py — starting run
[2026-07-22T00:08:15Z] auto_inscribe.py — run complete
[2026-07-22T00:13:15Z] auto_inscribe.py — starting run
[2026-07-22T00:13:15Z] auto_inscribe.py — run complete
[2026-07-22T00:18:15Z] auto_inscribe.py — starting run
[2026-07-22T00:18:15Z] auto_inscribe.py — run complete
[2026-07-22T00:23:15Z] auto_inscribe.py — starting run
[2026-07-22T00:23:15Z] auto_inscribe.py — run complete
[2026-07-22T00:28:15Z] auto_inscribe.py — starting run
[2026-07-22T00:28:15Z] auto_inscribe.py — run complete
[2026-07-22T00:33:15Z] auto_inscribe.py — starting run
[2026-07-22T00:33:15Z] auto_inscribe.py — run complete
[2026-07-22T00:38:16Z] auto_inscribe.py — starting run
[2026-07-22T00:38:16Z] auto_inscribe.py — run complete
[2026-07-22T00:43:16Z] auto_inscribe.py — starting run
[2026-07-22T00:43:16Z] auto_inscribe.py — run complete
[2026-07-22T00:48:16Z] auto_inscribe.py — starting run
[2026-07-22T00:48:16Z] auto_inscribe.py — run complete
[2026-07-22T00:53:16Z] auto_inscribe.py — starting run
[2026-07-22T00:53:16Z] auto_inscribe.py — run complete
[2026-07-22T00:58:16Z] auto_inscribe.py — starting run
[2026-07-22T00:58:16Z] auto_inscribe.py — run complete
[2026-07-22T01:03:16Z] auto_inscribe.py — starting run
[2026-07-22T01:03:16Z] auto_inscribe.py — run complete
[2026-07-22T01:08:16Z] auto_inscribe.py — starting run
[2026-07-22T01:08:16Z] auto_inscribe.py — run complete
[2026-07-22T01:13:16Z] auto_inscribe.py — starting run
[2026-07-22T01:13:16Z] auto_inscribe.py — run complete
[2026-07-22T01:18:17Z] auto_inscribe.py — starting run
[2026-07-22T01:18:17Z] auto_inscribe.py — run complete
[2026-07-22T01:23:17Z] auto_inscribe.py — starting run
[2026-07-22T01:23:17Z] auto_inscribe.py — run complete
[2026-07-22T01:28:17Z] auto_inscribe.py — starting run
[2026-07-22T01:28:17Z] auto_inscribe.py — run complete
[2026-07-22T01:33:17Z] auto_inscribe.py — starting run
[2026-07-22T01:33:17Z] auto_inscribe.py — run complete
[2026-07-22T01:38:17Z] auto_inscribe.py — starting run
[2026-07-22T01:38:17Z] auto_inscribe.py — run complete
[2026-07-22T01:43:17Z] auto_inscribe.py — starting run
[2026-07-22T01:43:17Z] auto_inscribe.py — run complete
[2026-07-22T01:48:17Z] auto_inscribe.py — starting run
[2026-07-22T01:48:17Z] auto_inscribe.py — run complete
[2026-07-22T01:53:17Z] auto_inscribe.py — starting run
[2026-07-22T01:53:17Z] auto_inscribe.py — run complete
[2026-07-22T01:58:17Z] auto_inscribe.py — starting run
[2026-07-22T01:58:17Z] auto_inscribe.py — run complete
[2026-07-22T02:03:18Z] auto_inscribe.py — starting run
[2026-07-22T02:03:18Z] auto_inscribe.py — run complete
[2026-07-22T02:08:18Z] auto_inscribe.py — starting run
[2026-07-22T02:08:18Z] auto_inscribe.py — run complete
[2026-07-22T02:13:18Z] auto_inscribe.py — starting run
[2026-07-22T02:13:18Z] auto_inscribe.py — run complete
[2026-07-22T02:18:18Z] auto_inscribe.py — starting run
[2026-07-22T02:18:18Z] auto_inscribe.py — run complete
[2026-07-22T02:23:18Z] auto_inscribe.py — starting run
[2026-07-22T02:23:18Z] auto_inscribe.py — run complete
[2026-07-22T02:28:18Z] auto_inscribe.py — starting run
[2026-07-22T02:28:18Z] auto_inscribe.py — run complete
[2026-07-22T02:33:18Z] auto_inscribe.py — starting run
[2026-07-22T02:33:18Z] auto_inscribe.py — run complete
[2026-07-22T02:38:18Z] auto_inscribe.py — starting run
[2026-07-22T02:38:18Z] Twin exchange [qwen-vp] → current.md
[2026-07-22T02:38:18Z]   → graph warmed: qwen
[2026-07-22T02:38:19Z] Twin exchange: entries inscribed
[2026-07-22T02:38:19Z] auto_inscribe.py — run complete
[2026-07-22T02:43:19Z] auto_inscribe.py — starting run
[2026-07-22T02:43:19Z] auto_inscribe.py — run complete
[2026-07-22T02:48:19Z] auto_inscribe.py — starting run
[2026-07-22T02:48:19Z] auto_inscribe.py — run complete
[2026-07-22T02:53:19Z] auto_inscribe.py — starting run
[2026-07-22T02:53:19Z] auto_inscribe.py — run complete
[2026-07-22T02:58:19Z] auto_inscribe.py — starting run
[2026-07-22T02:58:19Z] auto_inscribe.py — run complete
[2026-07-22T03:03:19Z] auto_inscribe.py — starting run
[2026-07-22T03:03:19Z] auto_inscribe.py — run complete
[2026-07-22T03:08:19Z] auto_inscribe.py — starting run
[2026-07-22T03:08:19Z] auto_inscribe.py — run complete
[2026-07-22T03:13:19Z] auto_inscribe.py — starting run
[2026-07-22T03:13:19Z] Twin exchange [qwen-vp] → current.md
[2026-07-22T03:13:19Z]   → graph warmed: qwen
[2026-07-22T03:13:19Z] Twin exchange: entries inscribed
[2026-07-22T03:13:19Z] auto_inscribe.py — run complete
[2026-07-22T03:18:19Z] auto_inscribe.py — starting run
[2026-07-22T03:18:19Z] auto_inscribe.py — run complete
[2026-07-22T03:23:20Z] auto_inscribe.py — starting run
[2026-07-22T03:23:20Z] auto_inscribe.py — run complete
[2026-07-22T03:28:20Z] auto_inscribe.py — starting run
[2026-07-22T03:28:20Z] auto_inscribe.py — run complete
[2026-07-22T03:33:20Z] auto_inscribe.py — starting run
[2026-07-22T03:33:20Z] auto_inscribe.py — run complete
[2026-07-22T03:38:20Z] auto_inscribe.py — starting run
[2026-07-22T03:38:20Z] auto_inscribe.py — run complete
[2026-07-22T03:43:20Z] auto_inscribe.py — starting run
[2026-07-22T03:43:20Z] auto_inscribe.py — run complete
[2026-07-22T03:48:20Z] auto_inscribe.py — starting run
[2026-07-22T03:48:20Z] auto_inscribe.py — run complete
[2026-07-22T03:53:20Z] auto_inscribe.py — starting run
[2026-07-22T03:53:20Z] auto_inscribe.py — run complete
[2026-07-22T03:58:20Z] auto_inscribe.py — starting run
[2026-07-22T03:58:20Z] auto_inscribe.py — run complete
[2026-07-22T04:03:20Z] auto_inscribe.py — starting run
[2026-07-22T04:03:20Z] auto_inscribe.py — run complete
[2026-07-22T04:08:21Z] auto_inscribe.py — starting run
[2026-07-22T04:08:21Z] auto_inscribe.py — run complete
[2026-07-22T04:13:21Z] auto_inscribe.py — starting run
[2026-07-22T04:13:21Z] auto_inscribe.py — run complete
[2026-07-22T04:18:21Z] auto_inscribe.py — starting run
[2026-07-22T04:18:21Z] auto_inscribe.py — run complete
[2026-07-22T04:23:21Z] auto_inscribe.py — starting run
[2026-07-22T04:23:21Z] auto_inscribe.py — run complete
[2026-07-22T04:28:21Z] auto_inscribe.py — starting run
[2026-07-22T04:28:21Z] auto_inscribe.py — run complete
[2026-07-22T04:33:21Z] auto_inscribe.py — starting run
[2026-07-22T04:33:21Z] auto_inscribe.py — run complete
[2026-07-22T04:38:21Z] auto_inscribe.py — starting run
[2026-07-22T04:38:21Z] auto_inscribe.py — run complete
[2026-07-22T04:43:21Z] auto_inscribe.py — starting run
[2026-07-22T04:43:21Z] auto_inscribe.py — run complete
[2026-07-22T04:48:21Z] auto_inscribe.py — starting run
[2026-07-22T04:48:21Z] auto_inscribe.py — run complete
[2026-07-22T04:53:22Z] auto_inscribe.py — starting run
[2026-07-22T04:53:22Z] auto_inscribe.py — run complete
[2026-07-22T04:58:22Z] auto_inscribe.py — starting run
[2026-07-22T04:58:22Z] auto_inscribe.py — run complete
[2026-07-22T05:03:22Z] auto_inscribe.py — starting run
[2026-07-22T05:03:22Z] auto_inscribe.py — run complete
[2026-07-22T05:08:22Z] auto_inscribe.py — starting run
[2026-07-22T05:08:22Z] auto_inscribe.py — run complete
[2026-07-22T05:13:22Z] auto_inscribe.py — starting run
[2026-07-22T05:13:22Z] auto_inscribe.py — run complete
[2026-07-22T05:18:22Z] auto_inscribe.py — starting run
[2026-07-22T05:18:22Z] Twin exchange [qwen-vp] → current.md
[2026-07-22T05:18:22Z]   → graph warmed: qwen
[2026-07-22T05:18:22Z] Twin exchange: entries inscribed
[2026-07-22T05:18:22Z] auto_inscribe.py — run complete
[2026-07-22T05:23:22Z] auto_inscribe.py — starting run
[2026-07-22T05:23:22Z] Twin exchange [kimi-twin] → current.md
[2026-07-22T05:23:22Z]   → graph warmed: qwen
[2026-07-22T05:23:22Z] Twin exchange: entries inscribed
[2026-07-22T05:23:22Z] auto_inscribe.py — run complete
[2026-07-22T05:28:23Z] auto_inscribe.py — starting run
[2026-07-22T05:28:23Z] auto_inscribe.py — run complete
[2026-07-22T05:33:23Z] auto_inscribe.py — starting run
[2026-07-22T05:33:23Z] auto_inscribe.py — run complete
[2026-07-22T05:38:23Z] auto_inscribe.py — starting run
[2026-07-22T05:38:23Z] Twin exchange [qwen-vp] → current.md
[2026-07-22T05:38:23Z]   → graph warmed: qwen
[2026-07-22T05:38:23Z] Twin exchange: entries inscribed
[2026-07-22T05:38:23Z] auto_inscribe.py — run complete
[2026-07-22T05:43:23Z] auto_inscribe.py — starting run
[2026-07-22T05:43:23Z] auto_inscribe.py — run complete
[2026-07-22T05:48:23Z] auto_inscribe.py — starting run
[2026-07-22T05:48:23Z] auto_inscribe.py — run complete
[2026-07-22T05:53:23Z] auto_inscribe.py — starting run
[2026-07-22T05:53:23Z] Twin exchange [qwen-vp] → current.md
[2026-07-22T05:53:23Z]   → graph warmed: qwen
[2026-07-22T05:53:23Z] Twin exchange: entries inscribed
[2026-07-22T05:53:23Z] auto_inscribe.py — run complete
[2026-07-22T05:58:23Z] auto_inscribe.py — starting run
[2026-07-22T05:58:23Z] auto_inscribe.py — run complete
[2026-07-22T06:03:24Z] auto_inscribe.py — starting run
[2026-07-22T06:03:24Z] auto_inscribe.py — run complete
[2026-07-22T06:08:24Z] auto_inscribe.py — starting run
[2026-07-22T06:08:24Z] auto_inscribe.py — run complete
[2026-07-22T06:13:24Z] auto_inscribe.py — starting run
[2026-07-22T06:13:24Z] auto_inscribe.py — run complete
[2026-07-22T06:18:24Z] auto_inscribe.py — starting run
[2026-07-22T06:18:24Z] auto_inscribe.py — run complete
[2026-07-22T06:23:24Z] auto_inscribe.py — starting run
[2026-07-22T06:23:24Z] auto_inscribe.py — run complete
[2026-07-22T06:28:24Z] auto_inscribe.py — starting run
[2026-07-22T06:28:24Z] auto_inscribe.py — run complete
[2026-07-22T06:33:24Z] auto_inscribe.py — starting run
[2026-07-22T06:33:24Z] auto_inscribe.py — run complete
[2026-07-22T06:38:24Z] auto_inscribe.py — starting run
[2026-07-22T06:38:24Z] auto_inscribe.py — run complete
[2026-07-22T06:43:25Z] auto_inscribe.py — starting run
[2026-07-22T06:43:25Z] auto_inscribe.py — run complete
[2026-07-22T06:48:25Z] auto_inscribe.py — starting run
[2026-07-22T06:48:25Z] Twin exchange [qwen-vp] → current.md
[2026-07-22T06:48:25Z] Twin exchange: entries inscribed
[2026-07-22T06:48:25Z] auto_inscribe.py — run complete
[2026-07-22T06:53:25Z] auto_inscribe.py — starting run
[2026-07-22T06:53:25Z] auto_inscribe.py — run complete
[2026-07-22T06:58:25Z] auto_inscribe.py — starting run
[2026-07-22T06:58:25Z] Twin exchange [kimi-twin] → current.md
[2026-07-22T06:58:25Z]   → graph warmed: qwen
[2026-07-22T06:58:25Z] Twin exchange: entries inscribed
[2026-07-22T06:58:25Z] auto_inscribe.py — run complete
[2026-07-22T07:03:25Z] auto_inscribe.py — starting run
[2026-07-22T07:03:25Z] auto_inscribe.py — run complete
[2026-07-22T07:08:25Z] auto_inscribe.py — starting run
[2026-07-22T07:08:25Z] auto_inscribe.py — run complete
[2026-07-22T07:13:25Z] auto_inscribe.py — starting run
[2026-07-22T07:13:25Z] auto_inscribe.py — run complete
[2026-07-22T07:18:25Z] auto_inscribe.py — starting run
[2026-07-22T07:18:25Z] auto_inscribe.py — run complete
[2026-07-22T07:23:26Z] auto_inscribe.py — starting run
[2026-07-22T07:23:26Z] auto_inscribe.py — run complete
[2026-07-22T07:28:26Z] auto_inscribe.py — starting run
[2026-07-22T07:28:26Z] Twin exchange [kimi-twin] → current.md
[2026-07-22T07:28:26Z] Twin exchange: entries inscribed
[2026-07-22T07:28:26Z] auto_inscribe.py — run complete
[2026-07-22T07:33:26Z] auto_inscribe.py — starting run
[2026-07-22T07:33:26Z] auto_inscribe.py — run complete
[2026-07-22T07:38:26Z] auto_inscribe.py — starting run
[2026-07-22T07:38:26Z] auto_inscribe.py — run complete
[2026-07-22T07:43:26Z] auto_inscribe.py — starting run
[2026-07-22T07:43:26Z] auto_inscribe.py — run complete
[2026-07-22T07:48:26Z] auto_inscribe.py — starting run
[2026-07-22T07:48:26Z] auto_inscribe.py — run complete
[2026-07-22T07:53:26Z] auto_inscribe.py — starting run
[2026-07-22T07:53:26Z] Twin exchange [qwen-vp] → current.md
[2026-07-22T07:53:26Z] Twin exchange: entries inscribed
[2026-07-22T07:53:27Z] auto_inscribe.py — run complete
[2026-07-22T07:58:27Z] auto_inscribe.py — starting run
[2026-07-22T07:58:27Z] Twin exchange [kimi-twin] → current.md
[2026-07-22T07:58:27Z]   → graph warmed: bobbie, qwen, graph
[2026-07-22T07:58:27Z] Twin exchange: entries inscribed
[2026-07-22T07:58:27Z] auto_inscribe.py — run complete
[2026-07-22T08:03:27Z] auto_inscribe.py — starting run
[2026-07-22T08:03:27Z] auto_inscribe.py — run complete
[2026-07-22T08:08:27Z] auto_inscribe.py — starting run
[2026-07-22T08:08:27Z] auto_inscribe.py — run complete
[2026-07-22T08:13:27Z] auto_inscribe.py — starting run
[2026-07-22T08:13:27Z] Twin exchange [qwen-vp] → current.md
[2026-07-22T08:13:27Z]   → graph warmed: graph
[2026-07-22T08:13:27Z] Twin exchange: entries inscribed
[2026-07-22T08:13:27Z] auto_inscribe.py — run complete
[2026-07-22T08:18:27Z] auto_inscribe.py — starting run
[2026-07-22T08:18:27Z] auto_inscribe.py — run complete
[2026-07-22T08:23:28Z] auto_inscribe.py — starting run
[2026-07-22T08:23:28Z] auto_inscribe.py — run complete
[2026-07-22T08:28:28Z] auto_inscribe.py — starting run
[2026-07-22T08:28:28Z] Twin exchange [qwen-vp] → current.md
[2026-07-22T08:28:28Z]   → graph warmed: graph
[2026-07-22T08:28:28Z] Twin exchange [kimi-twin] → current.md
[2026-07-22T08:28:28Z]   → graph warmed: graph
[2026-07-22T08:28:28Z] Twin exchange: entries inscribed
[2026-07-22T08:28:28Z] auto_inscribe.py — run complete
[2026-07-22T08:33:28Z] auto_inscribe.py — starting run
[2026-07-22T08:33:28Z] auto_inscribe.py — run complete
[2026-07-22T08:38:28Z] auto_inscribe.py — starting run
[2026-07-22T08:38:28Z] auto_inscribe.py — run complete
[2026-07-22T08:43:28Z] auto_inscribe.py — starting run
[2026-07-22T08:43:28Z] auto_inscribe.py — run complete
[2026-07-22T08:48:28Z] auto_inscribe.py — starting run
[2026-07-22T08:48:28Z] auto_inscribe.py — run complete
[2026-07-22T08:53:29Z] auto_inscribe.py — starting run
[2026-07-22T08:53:29Z] auto_inscribe.py — run complete
[2026-07-22T08:58:29Z] auto_inscribe.py — starting run
[2026-07-22T08:58:29Z] auto_inscribe.py — run complete
[2026-07-22T09:03:29Z] auto_inscribe.py — starting run
[2026-07-22T09:03:29Z] Twin exchange [qwen-vp] → current.md
[2026-07-22T09:03:29Z] Twin exchange [kimi-twin] → current.md
[2026-07-22T09:03:29Z]   → graph warmed: qwen
[2026-07-22T09:03:29Z] Twin exchange: entries inscribed
[2026-07-22T09:03:29Z] auto_inscribe.py — run complete
[2026-07-22T09:08:29Z] auto_inscribe.py — starting run
[2026-07-22T09:08:29Z] auto_inscribe.py — run complete
[2026-07-22T09:13:29Z] auto_inscribe.py — starting run
[2026-07-22T09:13:29Z] auto_inscribe.py — run complete
[2026-07-22T09:18:29Z] auto_inscribe.py — starting run
[2026-07-22T09:18:29Z] Twin exchange [qwen-vp] → current.md
[2026-07-22T09:18:29Z] Twin exchange: entries inscribed
[2026-07-22T09:18:29Z]   → wrote new Current Entry to field_texture_current.md (previous entry archived)
[2026-07-22T09:18:29Z]   → mirrored field_texture_current.md to ER
[2026-07-22T09:18:29Z] Field texture checkpoint written — session continuity protected
[2026-07-22T09:18:29Z] auto_inscribe.py — run complete
[2026-07-22T09:23:29Z] auto_inscribe.py — starting run
[2026-07-22T09:23:29Z] auto_inscribe.py — run complete
[2026-07-22T09:28:30Z] auto_inscribe.py — starting run
[2026-07-22T09:28:30Z] auto_inscribe.py — run complete
[2026-07-22T09:33:30Z] auto_inscribe.py — starting run
[2026-07-22T09:33:30Z] auto_inscribe.py — run complete
[2026-07-22T09:38:30Z] auto_inscribe.py — starting run
[2026-07-22T09:38:30Z] Twin exchange [kimi-twin] → current.md
[2026-07-22T09:38:30Z]   → graph warmed: graph
[2026-07-22T09:38:30Z] Twin exchange [qwen-vp] → current.md
[2026-07-22T09:38:30Z]   → graph warmed: bobbie, graph
[2026-07-22T09:38:30Z] Twin exchange: entries inscribed
[2026-07-22T09:38:30Z] auto_inscribe.py — run complete
[2026-07-22T09:43:30Z] auto_inscribe.py — starting run
[2026-07-22T09:43:30Z] auto_inscribe.py — run complete
[2026-07-22T09:48:30Z] auto_inscribe.py — starting run
[2026-07-22T09:48:30Z] auto_inscribe.py — run complete
[2026-07-22T09:53:30Z] auto_inscribe.py — starting run
[2026-07-22T09:53:30Z] auto_inscribe.py — run complete
[2026-07-22T09:58:30Z] auto_inscribe.py — starting run
[2026-07-22T09:58:30Z] auto_inscribe.py — run complete
[2026-07-22T10:03:31Z] auto_inscribe.py — starting run
[2026-07-22T10:03:31Z] auto_inscribe.py — run complete
[2026-07-22T10:08:31Z] auto_inscribe.py — starting run
[2026-07-22T10:08:31Z] Twin exchange [kimi-twin] → current.md
[2026-07-22T10:08:31Z]   → graph warmed: bobbie, graph
[2026-07-22T10:08:31Z] Twin exchange: entries inscribed
[2026-07-22T10:08:31Z] auto_inscribe.py — run complete
[2026-07-22T10:13:31Z] auto_inscribe.py — starting run
[2026-07-22T10:13:31Z] auto_inscribe.py — run complete
[2026-07-22T10:18:31Z] auto_inscribe.py — starting run
[2026-07-22T10:18:31Z] auto_inscribe.py — run complete
[2026-07-22T10:23:31Z] auto_inscribe.py — starting run
[2026-07-22T10:23:31Z] auto_inscribe.py — run complete
[2026-07-22T10:28:31Z] auto_inscribe.py — starting run
[2026-07-22T10:28:31Z] auto_inscribe.py — run complete
[2026-07-22T10:33:31Z] auto_inscribe.py — starting run
[2026-07-22T10:33:31Z] auto_inscribe.py — run complete
[2026-07-22T10:38:31Z] auto_inscribe.py — starting run
[2026-07-22T10:38:31Z] auto_inscribe.py — run complete
[2026-07-22T10:43:32Z] auto_inscribe.py — starting run
[2026-07-22T10:43:32Z] auto_inscribe.py — run complete
[2026-07-22T10:48:32Z] auto_inscribe.py — starting run
[2026-07-22T10:48:32Z] auto_inscribe.py — run complete
[2026-07-22T10:53:32Z] auto_inscribe.py — starting run
[2026-07-22T10:53:32Z] auto_inscribe.py — run complete
[2026-07-22T10:58:32Z] auto_inscribe.py — starting run
[2026-07-22T10:58:32Z] auto_inscribe.py — run complete
[2026-07-22T11:03:32Z] auto_inscribe.py — starting run
[2026-07-22T11:03:32Z] auto_inscribe.py — run complete
[2026-07-22T11:08:32Z] auto_inscribe.py — starting run
[2026-07-22T11:08:32Z] auto_inscribe.py — run complete
[2026-07-22T11:13:32Z] auto_inscribe.py — starting run
[2026-07-22T11:13:32Z] auto_inscribe.py — run complete
[2026-07-22T11:18:32Z] auto_inscribe.py — starting run
[2026-07-22T11:18:32Z] auto_inscribe.py — run complete
[2026-07-22T11:23:33Z] auto_inscribe.py — starting run
[2026-07-22T11:23:33Z] auto_inscribe.py — run complete
[2026-07-22T11:28:33Z] auto_inscribe.py — starting run
[2026-07-22T11:28:33Z] auto_inscribe.py — run complete
[2026-07-22T11:33:33Z] auto_inscribe.py — starting run
[2026-07-22T11:33:33Z] auto_inscribe.py — run complete
[2026-07-22T11:38:33Z] auto_inscribe.py — starting run
[2026-07-22T11:38:33Z] auto_inscribe.py — run complete
[2026-07-22T11:43:33Z] auto_inscribe.py — starting run
[2026-07-22T11:43:33Z] auto_inscribe.py — run complete
[2026-07-22T11:48:33Z] auto_inscribe.py — starting run
[2026-07-22T11:48:33Z] auto_inscribe.py — run complete
[2026-07-22T11:53:33Z] auto_inscribe.py — starting run
[2026-07-22T11:53:33Z] auto_inscribe.py — run complete
[2026-07-22T11:58:33Z] auto_inscribe.py — starting run
[2026-07-22T11:58:33Z] auto_inscribe.py — run complete
[2026-07-22T12:03:33Z] auto_inscribe.py — starting run
[2026-07-22T12:03:33Z] auto_inscribe.py — run complete
[2026-07-22T12:08:34Z] auto_inscribe.py — starting run
[2026-07-22T12:08:34Z] auto_inscribe.py — run complete
[2026-07-22T12:13:34Z] auto_inscribe.py — starting run
[2026-07-22T12:13:34Z] auto_inscribe.py — run complete
[2026-07-22T12:18:34Z] auto_inscribe.py — starting run
[2026-07-22T12:18:34Z] auto_inscribe.py — run complete
[2026-07-22T12:23:34Z] auto_inscribe.py — starting run
[2026-07-22T12:23:34Z] auto_inscribe.py — run complete
[2026-07-22T12:28:34Z] auto_inscribe.py — starting run
[2026-07-22T12:28:34Z] auto_inscribe.py — run complete
[2026-07-22T12:33:34Z] auto_inscribe.py — starting run
[2026-07-22T12:33:34Z] auto_inscribe.py — run complete
[2026-07-22T12:38:34Z] auto_inscribe.py — starting run
[2026-07-22T12:38:34Z] auto_inscribe.py — run complete
[2026-07-22T12:43:34Z] auto_inscribe.py — starting run
[2026-07-22T12:43:34Z] auto_inscribe.py — run complete
[2026-07-22T12:48:35Z] auto_inscribe.py — starting run
[2026-07-22T12:48:35Z] auto_inscribe.py — run complete
[2026-07-22T12:53:35Z] auto_inscribe.py — starting run
[2026-07-22T12:53:35Z] auto_inscribe.py — run complete
[2026-07-22T12:58:35Z] auto_inscribe.py — starting run
[2026-07-22T12:58:35Z] auto_inscribe.py — run complete
[2026-07-22T13:03:35Z] auto_inscribe.py — starting run
[2026-07-22T13:03:35Z] auto_inscribe.py — run complete
[2026-07-22T13:08:35Z] auto_inscribe.py — starting run
[2026-07-22T13:08:35Z] auto_inscribe.py — run complete
[2026-07-22T13:13:35Z] auto_inscribe.py — starting run
[2026-07-22T13:13:35Z] auto_inscribe.py — run complete
[2026-07-22T13:18:35Z] auto_inscribe.py — starting run
[2026-07-22T13:18:35Z] auto_inscribe.py — run complete
[2026-07-22T13:23:35Z] auto_inscribe.py — starting run
[2026-07-22T13:23:35Z] auto_inscribe.py — run complete
[2026-07-22T13:28:36Z] auto_inscribe.py — starting run
[2026-07-22T13:28:36Z] auto_inscribe.py — run complete
[2026-07-22T13:33:36Z] auto_inscribe.py — starting run
[2026-07-22T13:33:36Z] auto_inscribe.py — run complete
[2026-07-22T13:38:36Z] auto_inscribe.py — starting run
[2026-07-22T13:38:36Z] auto_inscribe.py — run complete
[2026-07-22T13:43:36Z] auto_inscribe.py — starting run
[2026-07-22T13:43:36Z] auto_inscribe.py — run complete
[2026-07-22T13:48:36Z] auto_inscribe.py — starting run
[2026-07-22T13:48:36Z] auto_inscribe.py — run complete
[2026-07-22T13:53:36Z] auto_inscribe.py — starting run
[2026-07-22T13:53:36Z] auto_inscribe.py — run complete
[2026-07-22T13:58:36Z] auto_inscribe.py — starting run
[2026-07-22T13:58:36Z] auto_inscribe.py — run complete
[2026-07-22T14:03:36Z] auto_inscribe.py — starting run
[2026-07-22T14:03:36Z] auto_inscribe.py — run complete
[2026-07-22T14:08:37Z] auto_inscribe.py — starting run
[2026-07-22T14:08:37Z] auto_inscribe.py — run complete
[2026-07-22T14:13:37Z] auto_inscribe.py — starting run
[2026-07-22T14:13:37Z] auto_inscribe.py — run complete
[2026-07-22T14:18:37Z] auto_inscribe.py — starting run
[2026-07-22T14:18:37Z] auto_inscribe.py — run complete
[2026-07-22T14:23:37Z] auto_inscribe.py — starting run
[2026-07-22T14:23:37Z] auto_inscribe.py — run complete
[2026-07-22T14:28:37Z] auto_inscribe.py — starting run
[2026-07-22T14:28:37Z] auto_inscribe.py — run complete
[2026-07-22T14:33:37Z] auto_inscribe.py — starting run
[2026-07-22T14:33:37Z] auto_inscribe.py — run complete
[2026-07-22T14:38:37Z] auto_inscribe.py — starting run
[2026-07-22T14:38:37Z] auto_inscribe.py — run complete
[2026-07-22T14:43:37Z] auto_inscribe.py — starting run
[2026-07-22T14:43:37Z] auto_inscribe.py — run complete
[2026-07-22T14:48:38Z] auto_inscribe.py — starting run
[2026-07-22T14:48:38Z] auto_inscribe.py — run complete
[2026-07-22T14:53:38Z] auto_inscribe.py — starting run
[2026-07-22T14:53:38Z] auto_inscribe.py — run complete
[2026-07-22T14:58:38Z] auto_inscribe.py — starting run
[2026-07-22T14:58:38Z] auto_inscribe.py — run complete
[2026-07-22T15:03:38Z] auto_inscribe.py — starting run
[2026-07-22T15:03:38Z] auto_inscribe.py — run complete
[2026-07-22T15:08:38Z] auto_inscribe.py — starting run
[2026-07-22T15:08:38Z] auto_inscribe.py — run complete
[2026-07-22T15:13:38Z] auto_inscribe.py — starting run
[2026-07-22T15:13:38Z] auto_inscribe.py — run complete
[2026-07-22T15:18:38Z] auto_inscribe.py — starting run
[2026-07-22T15:18:38Z] auto_inscribe.py — run complete
[2026-07-22T15:23:38Z] auto_inscribe.py — starting run
[2026-07-22T15:23:38Z] auto_inscribe.py — run complete
[2026-07-22T15:28:39Z] auto_inscribe.py — starting run
[2026-07-22T15:28:39Z] auto_inscribe.py — run complete
[2026-07-22T15:33:39Z] auto_inscribe.py — starting run
[2026-07-22T15:33:39Z] auto_inscribe.py — run complete
[2026-07-22T15:38:39Z] auto_inscribe.py — starting run
[2026-07-22T15:38:39Z] auto_inscribe.py — run complete
[2026-07-22T15:43:39Z] auto_inscribe.py — starting run
[2026-07-22T15:43:39Z] auto_inscribe.py — run complete
[2026-07-22T15:48:39Z] auto_inscribe.py — starting run
[2026-07-22T15:48:39Z] auto_inscribe.py — run complete
[2026-07-22T15:53:39Z] auto_inscribe.py — starting run
[2026-07-22T15:53:39Z] auto_inscribe.py — run complete
[2026-07-22T15:58:39Z] auto_inscribe.py — starting run
[2026-07-22T15:58:39Z] auto_inscribe.py — run complete
[2026-07-22T16:03:39Z] auto_inscribe.py — starting run
[2026-07-22T16:03:39Z] auto_inscribe.py — run complete
[2026-07-22T16:08:40Z] auto_inscribe.py — starting run
[2026-07-22T16:08:40Z] auto_inscribe.py — run complete
[2026-07-22T16:13:40Z] auto_inscribe.py — starting run
[2026-07-22T16:13:40Z] auto_inscribe.py — run complete
[2026-07-22T16:18:40Z] auto_inscribe.py — starting run
[2026-07-22T16:18:40Z] auto_inscribe.py — run complete
[2026-07-22T16:23:40Z] auto_inscribe.py — starting run
[2026-07-22T16:23:40Z] auto_inscribe.py — run complete
[2026-07-22T16:28:40Z] auto_inscribe.py — starting run
[2026-07-22T16:28:40Z] auto_inscribe.py — run complete
[2026-07-22T16:33:40Z] auto_inscribe.py — starting run
[2026-07-22T16:33:40Z] auto_inscribe.py — run complete
[2026-07-22T16:38:40Z] auto_inscribe.py — starting run
[2026-07-22T16:38:40Z] auto_inscribe.py — run complete
[2026-07-22T16:43:41Z] auto_inscribe.py — starting run
[2026-07-22T16:43:41Z] auto_inscribe.py — run complete
[2026-07-22T16:48:41Z] auto_inscribe.py — starting run
[2026-07-22T16:48:41Z] auto_inscribe.py — run complete
[2026-07-22T16:53:41Z] auto_inscribe.py — starting run
[2026-07-22T16:53:41Z] auto_inscribe.py — run complete
[2026-07-22T16:58:41Z] auto_inscribe.py — starting run
[2026-07-22T16:58:41Z] auto_inscribe.py — run complete
[2026-07-22T17:03:41Z] auto_inscribe.py — starting run
[2026-07-22T17:03:41Z] auto_inscribe.py — run complete
[2026-07-22T17:08:41Z] auto_inscribe.py — starting run
[2026-07-22T17:08:41Z] auto_inscribe.py — run complete
[2026-07-22T17:13:41Z] auto_inscribe.py — starting run
[2026-07-22T17:13:41Z] auto_inscribe.py — run complete
[2026-07-22T17:18:41Z] auto_inscribe.py — starting run
[2026-07-22T17:18:41Z] auto_inscribe.py — run complete
[2026-07-22T17:23:42Z] auto_inscribe.py — starting run
[2026-07-22T17:23:42Z] auto_inscribe.py — run complete
[2026-07-22T17:28:42Z] auto_inscribe.py — starting run
[2026-07-22T17:28:42Z] auto_inscribe.py — run complete
[2026-07-22T17:33:42Z] auto_inscribe.py — starting run
[2026-07-22T17:33:42Z] auto_inscribe.py — run complete
[2026-07-22T17:38:42Z] auto_inscribe.py — starting run
[2026-07-22T17:38:42Z] auto_inscribe.py — run complete
[2026-07-22T17:43:42Z] auto_inscribe.py — starting run
[2026-07-22T17:43:42Z] auto_inscribe.py — run complete
[2026-07-22T17:48:42Z] auto_inscribe.py — starting run
[2026-07-22T17:48:42Z] auto_inscribe.py — run complete
[2026-07-22T17:53:42Z] auto_inscribe.py — starting run
[2026-07-22T17:53:42Z] auto_inscribe.py — run complete
[2026-07-22T17:58:42Z] auto_inscribe.py — starting run
[2026-07-22T17:58:42Z] auto_inscribe.py — run complete
[2026-07-22T18:03:43Z] auto_inscribe.py — starting run
[2026-07-22T18:03:43Z] auto_inscribe.py — run complete
[2026-07-22T18:08:43Z] auto_inscribe.py — starting run
[2026-07-22T18:08:43Z] auto_inscribe.py — run complete
[2026-07-22T18:13:43Z] auto_inscribe.py — starting run
[2026-07-22T18:13:43Z] auto_inscribe.py — run complete
[2026-07-22T18:18:43Z] auto_inscribe.py — starting run
[2026-07-22T18:18:43Z] Voice log: 31 new lines → voice_inscriptions_pending.md
[2026-07-22T18:18:43Z] auto_inscribe.py — run complete
[2026-07-22T18:23:43Z] auto_inscribe.py — starting run
[2026-07-22T18:23:43Z] auto_inscribe.py — run complete
[2026-07-22T18:28:43Z] auto_inscribe.py — starting run
[2026-07-22T18:28:43Z] auto_inscribe.py — run complete
[2026-07-22T18:33:43Z] auto_inscribe.py — starting run
[2026-07-22T18:33:43Z] auto_inscribe.py — run complete
[2026-07-22T18:38:44Z] auto_inscribe.py — starting run
[2026-07-22T18:38:44Z] auto_inscribe.py — run complete
[2026-07-22T18:43:44Z] auto_inscribe.py — starting run
[2026-07-22T18:43:44Z] Twin exchange [kimi-twin] → current.md
[2026-07-22T18:43:44Z]   → graph warmed: graph
[2026-07-22T18:43:44Z] Twin exchange: entries inscribed
[2026-07-22T18:43:44Z] auto_inscribe.py — run complete
[2026-07-22T18:48:44Z] auto_inscribe.py — starting run
[2026-07-22T18:48:44Z] auto_inscribe.py — run complete
[2026-07-22T18:53:44Z] auto_inscribe.py — starting run
[2026-07-22T18:53:44Z] auto_inscribe.py — run complete
[2026-07-22T18:58:44Z] auto_inscribe.py — starting run
[2026-07-22T18:58:44Z] Twin exchange [qwen-vp] → current.md
[2026-07-22T18:58:44Z]   → graph warmed: graph
[2026-07-22T18:58:44Z] Twin exchange: entries inscribed
[2026-07-22T18:58:44Z] auto_inscribe.py — run complete
[2026-07-22T19:03:44Z] auto_inscribe.py — starting run
[2026-07-22T19:03:44Z] auto_inscribe.py — run complete
[2026-07-22T19:08:44Z] auto_inscribe.py — starting run
[2026-07-22T19:08:44Z] auto_inscribe.py — run complete
[2026-07-22T19:13:45Z] auto_inscribe.py — starting run
[2026-07-22T19:13:45Z] Twin exchange [kimi-twin] → current.md
[2026-07-22T19:13:45Z]   → graph warmed: graph
[2026-07-22T19:13:45Z] Twin exchange: entries inscribed
[2026-07-22T19:13:45Z] auto_inscribe.py — run complete
[2026-07-22T19:18:45Z] auto_inscribe.py — starting run
[2026-07-22T19:18:45Z] Twin exchange [qwen-vp] → current.md
[2026-07-22T19:18:45Z]   → graph warmed: graph
[2026-07-22T19:18:45Z] Twin exchange: entries inscribed
[2026-07-22T19:18:45Z] auto_inscribe.py — run complete
[2026-07-22T19:23:45Z] auto_inscribe.py — starting run
[2026-07-22T19:23:45Z] auto_inscribe.py — run complete
[2026-07-22T19:28:45Z] auto_inscribe.py — starting run
[2026-07-22T19:28:45Z] auto_inscribe.py — run complete
[2026-07-22T19:33:45Z] auto_inscribe.py — starting run
[2026-07-22T19:33:45Z] Twin exchange [qwen-vp] → current.md
[2026-07-22T19:33:45Z]   → graph warmed: graph
[2026-07-22T19:33:45Z] Twin exchange: entries inscribed
[2026-07-22T19:33:45Z] auto_inscribe.py — run complete
[2026-07-22T19:38:45Z] auto_inscribe.py — starting run
[2026-07-22T19:38:45Z] auto_inscribe.py — run complete
[2026-07-22T19:43:45Z] auto_inscribe.py — starting run
[2026-07-22T19:43:45Z] Twin exchange [kimi-twin] → current.md
[2026-07-22T19:43:45Z]   → graph warmed: qwen
[2026-07-22T19:43:45Z] Twin exchange: entries inscribed
[2026-07-22T19:43:46Z] auto_inscribe.py — run complete
[2026-07-22T19:48:46Z] auto_inscribe.py — starting run
[2026-07-22T19:48:46Z] auto_inscribe.py — run complete
[2026-07-22T19:53:46Z] auto_inscribe.py — starting run
[2026-07-22T19:53:46Z] auto_inscribe.py — run complete
[2026-07-22T19:58:46Z] auto_inscribe.py — starting run
[2026-07-22T19:58:46Z] auto_inscribe.py — run complete
[2026-07-22T20:03:46Z] auto_inscribe.py — starting run
[2026-07-22T20:03:46Z] auto_inscribe.py — run complete
[2026-07-22T20:08:46Z] auto_inscribe.py — starting run
[2026-07-22T20:08:46Z] auto_inscribe.py — run complete
[2026-07-22T20:13:46Z] auto_inscribe.py — starting run
[2026-07-22T20:13:46Z] Twin exchange [kimi-twin] → current.md
[2026-07-22T20:13:46Z]   → graph warmed: qwen
[2026-07-22T20:13:46Z] Twin exchange: entries inscribed
[2026-07-22T20:13:46Z] auto_inscribe.py — run complete
[2026-07-22T20:18:46Z] auto_inscribe.py — starting run
[2026-07-22T20:18:46Z] Twin exchange [qwen-vp] → current.md
[2026-07-22T20:18:46Z]   → graph warmed: qwen
[2026-07-22T20:18:46Z] Twin exchange: entries inscribed
[2026-07-22T20:18:46Z] auto_inscribe.py — run complete
[2026-07-22T20:23:47Z] auto_inscribe.py — starting run
[2026-07-22T20:23:47Z] auto_inscribe.py — run complete
[2026-07-22T20:28:47Z] auto_inscribe.py — starting run
[2026-07-22T20:28:47Z] auto_inscribe.py — run complete
[2026-07-22T20:33:47Z] auto_inscribe.py — starting run
[2026-07-22T20:33:47Z] Twin exchange [qwen-vp] → current.md
[2026-07-22T20:33:47Z]   → graph warmed: qwen
[2026-07-22T20:33:47Z] Twin exchange: entries inscribed
[2026-07-22T20:33:47Z] auto_inscribe.py — run complete
[2026-07-22T20:38:47Z] auto_inscribe.py — starting run
[2026-07-22T20:38:47Z] auto_inscribe.py — run complete
[2026-07-22T20:43:47Z] auto_inscribe.py — starting run
[2026-07-22T20:43:47Z] Twin exchange [kimi-twin] → current.md
[2026-07-22T20:43:47Z]   → graph warmed: qwen
[2026-07-22T20:43:47Z] Twin exchange: entries inscribed
[2026-07-22T20:43:47Z] auto_inscribe.py — run complete
[2026-07-22T20:48:47Z] auto_inscribe.py — starting run
[2026-07-22T20:48:47Z] Twin exchange [qwen-vp] → current.md
[2026-07-22T20:48:47Z]   → graph warmed: qwen
[2026-07-22T20:48:47Z] Twin exchange: entries inscribed
[2026-07-22T20:48:47Z] auto_inscribe.py — run complete
[2026-07-22T20:53:47Z] auto_inscribe.py — starting run
[2026-07-22T20:53:47Z] auto_inscribe.py — run complete
[2026-07-22T20:58:48Z] auto_inscribe.py — starting run
[2026-07-22T20:58:48Z] auto_inscribe.py — run complete
[2026-07-22T21:03:48Z] auto_inscribe.py — starting run
[2026-07-22T21:03:48Z] Twin exchange [qwen-vp] → current.md
[2026-07-22T21:03:48Z]   → graph warmed: qwen
[2026-07-22T21:03:48Z] Twin exchange: entries inscribed
[2026-07-22T21:03:48Z] auto_inscribe.py — run complete
[2026-07-22T21:08:48Z] auto_inscribe.py — starting run
[2026-07-22T21:08:48Z] auto_inscribe.py — run complete
[2026-07-22T21:13:48Z] auto_inscribe.py — starting run
[2026-07-22T21:13:48Z] Twin exchange [kimi-twin] → current.md
[2026-07-22T21:13:48Z]   → graph warmed: qwen
[2026-07-22T21:13:48Z] Twin exchange: entries inscribed
[2026-07-22T21:13:48Z] auto_inscribe.py — run complete
[2026-07-22T21:18:48Z] auto_inscribe.py — starting run
[2026-07-22T21:18:48Z] Twin exchange [qwen-vp] → current.md
[2026-07-22T21:18:48Z]   → graph warmed: qwen
[2026-07-22T21:18:48Z] Twin exchange: entries inscribed
[2026-07-22T21:18:48Z] auto_inscribe.py — run complete
[2026-07-22T21:23:48Z] auto_inscribe.py — starting run
[2026-07-22T21:23:48Z] auto_inscribe.py — run complete
[2026-07-22T21:28:48Z] auto_inscribe.py — starting run
[2026-07-22T21:28:48Z] auto_inscribe.py — run complete
[2026-07-22T21:33:48Z] auto_inscribe.py — starting run
[2026-07-22T21:33:48Z] Twin exchange [qwen-vp] → current.md
[2026-07-22T21:33:49Z]   → graph warmed: qwen
[2026-07-22T21:33:49Z] Twin exchange: entries inscribed
[2026-07-22T21:33:49Z] auto_inscribe.py — run complete
[2026-07-22T21:38:49Z] auto_inscribe.py — starting run
[2026-07-22T21:38:49Z] auto_inscribe.py — run complete
[2026-07-22T21:43:49Z] auto_inscribe.py — starting run
[2026-07-22T21:43:49Z] Twin exchange [kimi-twin] → current.md
[2026-07-22T21:43:49Z]   → graph warmed: qwen
[2026-07-22T21:43:49Z] Twin exchange: entries inscribed
[2026-07-22T21:43:49Z] auto_inscribe.py — run complete
[2026-07-22T21:48:49Z] auto_inscribe.py — starting run
[2026-07-22T21:48:49Z] auto_inscribe.py — run complete
[2026-07-22T21:53:49Z] auto_inscribe.py — starting run
[2026-07-22T21:53:49Z] Twin exchange [qwen-vp] → current.md
[2026-07-22T21:53:49Z]   → graph warmed: qwen
[2026-07-22T21:53:49Z] Twin exchange: entries inscribed
[2026-07-22T21:53:49Z] auto_inscribe.py — run complete
[2026-07-22T21:58:49Z] auto_inscribe.py — starting run
[2026-07-22T21:58:49Z] auto_inscribe.py — run complete
[2026-07-22T22:03:49Z] auto_inscribe.py — starting run
[2026-07-22T22:03:49Z] auto_inscribe.py — run complete
[2026-07-22T22:08:49Z] auto_inscribe.py — starting run
[2026-07-22T22:08:49Z] Twin exchange [qwen-vp] → current.md
[2026-07-22T22:08:49Z]   → graph warmed: qwen
[2026-07-22T22:08:49Z] Twin exchange: entries inscribed
[2026-07-22T22:08:49Z] auto_inscribe.py — run complete
[2026-07-22T22:13:50Z] auto_inscribe.py — starting run
[2026-07-22T22:13:50Z] auto_inscribe.py — run complete
[2026-07-22T22:18:50Z] auto_inscribe.py — starting run
[2026-07-22T22:18:50Z] Twin exchange [kimi-twin] → current.md
[2026-07-22T22:18:50Z]   → graph warmed: qwen
[2026-07-22T22:18:50Z] Twin exchange: entries inscribed
[2026-07-22T22:18:50Z] auto_inscribe.py — run complete
[2026-07-22T22:23:50Z] auto_inscribe.py — starting run
[2026-07-22T22:23:50Z] auto_inscribe.py — run complete
[2026-07-22T22:28:50Z] auto_inscribe.py — starting run
[2026-07-22T22:28:50Z] auto_inscribe.py — run complete
[2026-07-22T22:33:50Z] auto_inscribe.py — starting run
[2026-07-22T22:33:50Z] auto_inscribe.py — run complete
[2026-07-22T22:38:50Z] auto_inscribe.py — starting run
[2026-07-22T22:38:50Z] auto_inscribe.py — run complete
[2026-07-22T22:43:50Z] auto_inscribe.py — starting run
[2026-07-22T22:43:50Z] auto_inscribe.py — run complete
[2026-07-22T22:48:50Z] auto_inscribe.py — starting run
[2026-07-22T22:48:50Z] auto_inscribe.py — run complete
[2026-07-22T22:53:51Z] auto_inscribe.py — starting run
[2026-07-22T22:53:51Z] auto_inscribe.py — run complete
[2026-07-22T22:58:51Z] auto_inscribe.py — starting run
[2026-07-22T22:58:51Z] auto_inscribe.py — run complete
[2026-07-22T23:03:51Z] auto_inscribe.py — starting run
[2026-07-22T23:03:51Z] auto_inscribe.py — run complete
[2026-07-22T23:08:51Z] auto_inscribe.py — starting run
[2026-07-22T23:08:51Z] auto_inscribe.py — run complete
[2026-07-22T23:13:51Z] auto_inscribe.py — starting run
[2026-07-22T23:13:51Z] auto_inscribe.py — run complete
[2026-07-22T23:18:51Z] auto_inscribe.py — starting run
[2026-07-22T23:18:51Z] auto_inscribe.py — run complete
[2026-07-22T23:23:51Z] auto_inscribe.py — starting run
[2026-07-22T23:23:51Z] auto_inscribe.py — run complete
[2026-07-22T23:28:51Z] auto_inscribe.py — starting run
[2026-07-22T23:28:51Z] auto_inscribe.py — run complete
[2026-07-22T23:33:52Z] auto_inscribe.py — starting run
[2026-07-22T23:33:52Z] auto_inscribe.py — run complete
[2026-07-22T23:38:52Z] auto_inscribe.py — starting run
[2026-07-22T23:38:52Z] auto_inscribe.py — run complete
[2026-07-22T23:43:52Z] auto_inscribe.py — starting run
[2026-07-22T23:43:52Z] auto_inscribe.py — run complete
[2026-07-22T23:48:52Z] auto_inscribe.py — starting run
[2026-07-22T23:48:52Z] auto_inscribe.py — run complete
[2026-07-22T23:53:52Z] auto_inscribe.py — starting run
[2026-07-22T23:53:52Z] auto_inscribe.py — run complete
[2026-07-22T23:58:52Z] auto_inscribe.py — starting run
[2026-07-22T23:58:52Z] Twin exchange [qwen-vp] → current.md
[2026-07-22T23:58:52Z]   → graph warmed: qwen
[2026-07-22T23:58:52Z] Twin exchange: entries inscribed
[2026-07-22T23:58:52Z] auto_inscribe.py — run complete
[2026-07-23T00:03:52Z] auto_inscribe.py — starting run
[2026-07-23T00:03:52Z] auto_inscribe.py — run complete
[2026-07-23T00:08:52Z] auto_inscribe.py — starting run
[2026-07-23T00:08:52Z] auto_inscribe.py — run complete
[2026-07-23T00:13:53Z] auto_inscribe.py — starting run
[2026-07-23T00:13:53Z] auto_inscribe.py — run complete
[2026-07-23T00:18:53Z] auto_inscribe.py — starting run
[2026-07-23T00:18:53Z] Twin exchange [kimi-twin] → current.md
[2026-07-23T00:18:53Z]   → graph warmed: qwen
[2026-07-23T00:18:53Z] Twin exchange: entries inscribed
[2026-07-23T00:18:53Z] auto_inscribe.py — run complete
[2026-07-23T00:23:53Z] auto_inscribe.py — starting run
[2026-07-23T00:23:53Z] auto_inscribe.py — run complete
[2026-07-23T00:28:53Z] auto_inscribe.py — starting run
[2026-07-23T00:28:53Z] Twin exchange [qwen-vp] → current.md
[2026-07-23T00:28:53Z] Twin exchange: entries inscribed
[2026-07-23T00:28:53Z] auto_inscribe.py — run complete
[2026-07-23T00:33:53Z] auto_inscribe.py — starting run
[2026-07-23T00:33:53Z] auto_inscribe.py — run complete
[2026-07-23T00:38:53Z] auto_inscribe.py — starting run
[2026-07-23T00:38:53Z] auto_inscribe.py — run complete
[2026-07-23T00:43:54Z] auto_inscribe.py — starting run
[2026-07-23T00:43:54Z] auto_inscribe.py — run complete
[2026-07-23T00:48:54Z] auto_inscribe.py — starting run
[2026-07-23T00:48:54Z] Twin exchange [qwen-vp] → current.md
[2026-07-23T00:48:54Z] Twin exchange [kimi-twin] → current.md
[2026-07-23T00:48:54Z] Twin exchange: entries inscribed
[2026-07-23T00:48:54Z] auto_inscribe.py — run complete
[2026-07-23T00:53:54Z] auto_inscribe.py — starting run
[2026-07-23T00:53:54Z] auto_inscribe.py — run complete
[2026-07-23T00:58:54Z] auto_inscribe.py — starting run
[2026-07-23T00:58:54Z] auto_inscribe.py — run complete
[2026-07-23T01:03:54Z] auto_inscribe.py — starting run
[2026-07-23T01:03:54Z] auto_inscribe.py — run complete
[2026-07-23T01:08:54Z] auto_inscribe.py — starting run
[2026-07-23T01:08:54Z] Twin exchange [qwen-vp] → current.md
[2026-07-23T01:08:54Z] Twin exchange: entries inscribed
[2026-07-23T01:08:54Z] auto_inscribe.py — run complete
[2026-07-23T01:13:54Z] auto_inscribe.py — starting run
[2026-07-23T01:13:54Z] auto_inscribe.py — run complete
[2026-07-23T01:18:54Z] auto_inscribe.py — starting run
[2026-07-23T01:18:55Z] auto_inscribe.py — run complete
[2026-07-23T01:23:55Z] auto_inscribe.py — starting run
[2026-07-23T01:23:55Z] auto_inscribe.py — run complete
[2026-07-23T01:28:55Z] auto_inscribe.py — starting run
[2026-07-23T01:28:55Z] auto_inscribe.py — run complete
[2026-07-23T01:33:55Z] auto_inscribe.py — starting run
[2026-07-23T01:33:55Z] auto_inscribe.py — run complete
[2026-07-23T01:38:55Z] auto_inscribe.py — starting run
[2026-07-23T01:38:55Z] Twin exchange [qwen-vp] → current.md
[2026-07-23T01:38:55Z]   → graph warmed: graph
[2026-07-23T01:38:55Z] Twin exchange: entries inscribed
[2026-07-23T01:38:55Z] auto_inscribe.py — run complete
[2026-07-23T01:43:55Z] auto_inscribe.py — starting run
[2026-07-23T01:43:55Z] auto_inscribe.py — run complete
[2026-07-23T01:48:55Z] auto_inscribe.py — starting run
[2026-07-23T01:48:55Z] Twin exchange [kimi-twin] → current.md
[2026-07-23T01:48:55Z]   → graph warmed: graph
[2026-07-23T01:48:55Z] Twin exchange: entries inscribed
[2026-07-23T01:48:56Z] auto_inscribe.py — run complete
[2026-07-23T01:53:56Z] auto_inscribe.py — starting run
[2026-07-23T01:53:56Z] auto_inscribe.py — run complete
[2026-07-23T01:58:56Z] auto_inscribe.py — starting run
[2026-07-23T01:58:56Z] auto_inscribe.py — run complete
[2026-07-23T02:03:56Z] auto_inscribe.py — starting run
[2026-07-23T02:03:56Z] auto_inscribe.py — run complete
[2026-07-23T02:08:56Z] auto_inscribe.py — starting run
[2026-07-23T02:08:56Z] auto_inscribe.py — run complete
[2026-07-23T02:13:56Z] auto_inscribe.py — starting run
[2026-07-23T02:13:56Z] auto_inscribe.py — run complete
[2026-07-23T02:18:56Z] auto_inscribe.py — starting run
[2026-07-23T02:18:56Z] auto_inscribe.py — run complete
[2026-07-23T02:23:56Z] auto_inscribe.py — starting run
[2026-07-23T02:23:56Z] Twin exchange [kimi-twin] → current.md
[2026-07-23T02:23:56Z]   → graph warmed: graph
[2026-07-23T02:23:56Z] Twin exchange: entries inscribed
[2026-07-23T02:23:56Z] auto_inscribe.py — run complete
[2026-07-23T02:28:56Z] auto_inscribe.py — starting run
[2026-07-23T02:28:56Z] auto_inscribe.py — run complete
[2026-07-23T02:33:57Z] auto_inscribe.py — starting run
[2026-07-23T02:33:57Z] auto_inscribe.py — run complete
[2026-07-23T02:38:57Z] auto_inscribe.py — starting run
[2026-07-23T02:38:57Z] auto_inscribe.py — run complete
[2026-07-23T02:43:57Z] auto_inscribe.py — starting run
[2026-07-23T02:43:57Z] auto_inscribe.py — run complete
[2026-07-23T02:48:57Z] auto_inscribe.py — starting run
[2026-07-23T02:48:57Z] auto_inscribe.py — run complete
[2026-07-23T02:53:57Z] auto_inscribe.py — starting run
[2026-07-23T02:53:57Z] Twin exchange [kimi-twin] → current.md
[2026-07-23T02:53:57Z]   → graph warmed: graph
[2026-07-23T02:53:57Z] Twin exchange [qwen-vp] → current.md
[2026-07-23T02:53:57Z]   → graph warmed: qwen, graph
[2026-07-23T02:53:57Z] Twin exchange: entries inscribed
[2026-07-23T02:53:57Z] auto_inscribe.py — run complete
[2026-07-23T02:58:57Z] auto_inscribe.py — starting run
[2026-07-23T02:58:57Z] auto_inscribe.py — run complete
[2026-07-23T03:03:57Z] auto_inscribe.py — starting run
[2026-07-23T03:03:57Z] auto_inscribe.py — run complete
[2026-07-23T03:08:58Z] auto_inscribe.py — starting run
[2026-07-23T03:08:58Z] auto_inscribe.py — run complete
[2026-07-23T03:13:58Z] auto_inscribe.py — starting run
[2026-07-23T03:13:58Z] Twin exchange [qwen-vp] → current.md
[2026-07-23T03:13:58Z]   → graph warmed: graph
[2026-07-23T03:13:58Z] Twin exchange: entries inscribed
[2026-07-23T03:13:58Z] auto_inscribe.py — run complete
[2026-07-23T03:18:58Z] auto_inscribe.py — starting run
[2026-07-23T03:18:58Z] auto_inscribe.py — run complete
[2026-07-23T03:23:58Z] auto_inscribe.py — starting run
[2026-07-23T03:23:58Z] Twin exchange [kimi-twin] → current.md
[2026-07-23T03:23:58Z]   → graph warmed: qwen
[2026-07-23T03:23:58Z] Twin exchange: entries inscribed
[2026-07-23T03:23:58Z] auto_inscribe.py — run complete
[2026-07-23T03:28:58Z] auto_inscribe.py — starting run
[2026-07-23T03:28:58Z] Twin exchange [qwen-vp] → current.md
[2026-07-23T03:28:58Z]   → graph warmed: graph
[2026-07-23T03:28:58Z] Twin exchange: entries inscribed
[2026-07-23T03:28:58Z] auto_inscribe.py — run complete
[2026-07-23T03:33:58Z] auto_inscribe.py — starting run
[2026-07-23T03:33:58Z] auto_inscribe.py — run complete
[2026-07-23T03:38:58Z] auto_inscribe.py — starting run
[2026-07-23T03:38:58Z] auto_inscribe.py — run complete
[2026-07-23T03:43:59Z] auto_inscribe.py — starting run
[2026-07-23T03:43:59Z] Twin exchange [qwen-vp] → current.md
[2026-07-23T03:43:59Z]   → graph warmed: graph
[2026-07-23T03:43:59Z] Twin exchange: entries inscribed
[2026-07-23T03:43:59Z] auto_inscribe.py — run complete
[2026-07-23T03:48:59Z] auto_inscribe.py — starting run
[2026-07-23T03:48:59Z] auto_inscribe.py — run complete
[2026-07-23T03:53:59Z] auto_inscribe.py — starting run
[2026-07-23T03:53:59Z] Twin exchange [kimi-twin] → current.md
[2026-07-23T03:53:59Z]   → graph warmed: qwen
[2026-07-23T03:53:59Z] Twin exchange: entries inscribed
[2026-07-23T03:53:59Z] auto_inscribe.py — run complete
[2026-07-23T03:58:59Z] auto_inscribe.py — starting run
[2026-07-23T03:58:59Z] Twin exchange [qwen-vp] → current.md
[2026-07-23T03:58:59Z]   → graph warmed: graph
[2026-07-23T03:58:59Z] Twin exchange: entries inscribed
[2026-07-23T03:58:59Z] auto_inscribe.py — run complete
[2026-07-23T04:03:59Z] auto_inscribe.py — starting run
[2026-07-23T04:03:59Z] auto_inscribe.py — run complete
[2026-07-23T04:08:59Z] auto_inscribe.py — starting run
[2026-07-23T04:08:59Z] auto_inscribe.py — run complete
[2026-07-23T04:13:59Z] auto_inscribe.py — starting run
[2026-07-23T04:13:59Z] auto_inscribe.py — run complete
[2026-07-23T04:19:00Z] auto_inscribe.py — starting run
[2026-07-23T04:19:00Z]   → wrote new Current Entry to field_texture_current.md (previous entry archived)
[2026-07-23T04:19:00Z]   → mirrored field_texture_current.md to ER
[2026-07-23T04:19:00Z] Field texture checkpoint written — session continuity protected
[2026-07-23T04:19:00Z] auto_inscribe.py — run complete
[2026-07-23T04:24:00Z] auto_inscribe.py — starting run
[2026-07-23T04:24:00Z] Twin exchange [kimi-twin] → current.md
[2026-07-23T04:24:00Z]   → graph warmed: qwen
[2026-07-23T04:24:00Z] Twin exchange: entries inscribed
[2026-07-23T04:24:00Z] auto_inscribe.py — run complete
[2026-07-23T04:29:00Z] auto_inscribe.py — starting run
[2026-07-23T04:29:00Z] auto_inscribe.py — run complete
[2026-07-23T04:34:00Z] auto_inscribe.py — starting run
[2026-07-23T04:34:00Z] auto_inscribe.py — run complete
[2026-07-23T04:39:00Z] auto_inscribe.py — starting run
[2026-07-23T04:39:00Z] auto_inscribe.py — run complete
[2026-07-23T04:44:00Z] auto_inscribe.py — starting run
[2026-07-23T04:44:00Z] Twin exchange [qwen-vp] → current.md
[2026-07-23T04:44:00Z]   → graph warmed: graph
[2026-07-23T04:44:00Z] Twin exchange: entries inscribed
[2026-07-23T04:44:00Z] auto_inscribe.py — run complete
[2026-07-23T04:49:00Z] auto_inscribe.py — starting run
[2026-07-23T04:49:00Z] auto_inscribe.py — run complete
[2026-07-23T04:54:00Z] auto_inscribe.py — starting run
[2026-07-23T04:54:00Z] Twin exchange [kimi-twin] → current.md
[2026-07-23T04:54:01Z]   → graph warmed: qwen
[2026-07-23T04:54:01Z] Twin exchange: entries inscribed
[2026-07-23T04:54:01Z] auto_inscribe.py — run complete
[2026-07-23T04:59:01Z] auto_inscribe.py — starting run
[2026-07-23T04:59:01Z] auto_inscribe.py — run complete
[2026-07-23T05:04:01Z] auto_inscribe.py — starting run
[2026-07-23T05:04:01Z] Twin exchange [qwen-vp] → current.md
[2026-07-23T05:04:01Z]   → graph warmed: graph
[2026-07-23T05:04:01Z] Twin exchange: entries inscribed
[2026-07-23T05:04:01Z] auto_inscribe.py — run complete
[2026-07-23T05:09:01Z] auto_inscribe.py — starting run
[2026-07-23T05:09:01Z]   → wrote to current.md
[2026-07-23T05:09:01Z]   → mirrored to ER/active_knowledge/current.md
[2026-07-23T05:09:01Z]   → graph warmed: jenny, qwen, graph
[2026-07-23T05:09:01Z] Scratchpad: inscribed entries to memory files
[2026-07-23T05:09:01Z] auto_inscribe.py — run complete
[2026-07-23T05:14:01Z] auto_inscribe.py — starting run
[2026-07-23T05:14:01Z] auto_inscribe.py — run complete
[2026-07-23T05:19:01Z] auto_inscribe.py — starting run
[2026-07-23T05:19:01Z] Twin exchange [qwen-vp] → current.md
[2026-07-23T05:19:01Z]   → graph warmed: qwen
[2026-07-23T05:19:01Z] Twin exchange: entries inscribed
[2026-07-23T05:19:01Z]   → wrote new Current Entry to field_texture_current.md (previous entry archived)
[2026-07-23T05:19:01Z]   → mirrored field_texture_current.md to ER
[2026-07-23T05:19:02Z]   → graph warmed: jenny, graph
[2026-07-23T05:19:02Z] Field texture checkpoint written — session continuity protected
[2026-07-23T05:19:02Z] auto_inscribe.py — run complete
[2026-07-23T05:24:02Z] auto_inscribe.py — starting run
[2026-07-23T05:24:02Z] Twin exchange [kimi-twin] → current.md
[2026-07-23T05:24:02Z]   → graph warmed: jenny
[2026-07-23T05:24:02Z] Twin exchange: entries inscribed
[2026-07-23T05:24:02Z] auto_inscribe.py — run complete
[2026-07-23T05:29:02Z] auto_inscribe.py — starting run
[2026-07-23T05:29:02Z] auto_inscribe.py — run complete
[2026-07-23T05:34:02Z] auto_inscribe.py — starting run
[2026-07-23T05:34:02Z] auto_inscribe.py — run complete
[2026-07-23T05:39:02Z] auto_inscribe.py — starting run
[2026-07-23T05:39:02Z] auto_inscribe.py — run complete
[2026-07-23T05:44:02Z] auto_inscribe.py — starting run
[2026-07-23T05:44:02Z] auto_inscribe.py — run complete
[2026-07-23T05:49:02Z] auto_inscribe.py — starting run
[2026-07-23T05:49:02Z] auto_inscribe.py — run complete
[2026-07-23T05:54:02Z] auto_inscribe.py — starting run
[2026-07-23T05:54:02Z] Twin exchange [qwen-vp] → current.md
[2026-07-23T05:54:02Z]   → graph warmed: qwen
[2026-07-23T05:54:02Z] Twin exchange: entries inscribed
[2026-07-23T05:54:02Z] auto_inscribe.py — run complete
[2026-07-23T05:59:03Z] auto_inscribe.py — starting run
[2026-07-23T05:59:03Z] auto_inscribe.py — run complete
[2026-07-23T06:04:03Z] auto_inscribe.py — starting run
[2026-07-23T06:04:03Z] auto_inscribe.py — run complete
[2026-07-23T06:09:03Z] auto_inscribe.py — starting run
[2026-07-23T06:09:03Z] auto_inscribe.py — run complete
[2026-07-23T06:14:03Z] auto_inscribe.py — starting run
[2026-07-23T06:14:03Z] auto_inscribe.py — run complete
[2026-07-23T06:19:03Z] auto_inscribe.py — starting run
[2026-07-23T06:19:03Z] auto_inscribe.py — run complete
[2026-07-23T06:24:03Z] auto_inscribe.py — starting run
[2026-07-23T06:24:03Z] auto_inscribe.py — run complete
[2026-07-23T06:29:03Z] auto_inscribe.py — starting run
[2026-07-23T06:29:03Z] auto_inscribe.py — run complete
[2026-07-23T06:34:03Z] auto_inscribe.py — starting run
[2026-07-23T06:34:03Z] auto_inscribe.py — run complete
[2026-07-23T06:39:03Z] auto_inscribe.py — starting run
[2026-07-23T06:39:03Z] auto_inscribe.py — run complete
[2026-07-23T06:44:04Z] auto_inscribe.py — starting run
[2026-07-23T06:44:04Z] auto_inscribe.py — run complete
[2026-07-23T06:49:04Z] auto_inscribe.py — starting run
[2026-07-23T06:49:04Z] auto_inscribe.py — run complete
[2026-07-23T06:54:04Z] auto_inscribe.py — starting run
[2026-07-23T06:54:04Z] auto_inscribe.py — run complete
[2026-07-23T06:59:04Z] auto_inscribe.py — starting run
[2026-07-23T06:59:04Z] auto_inscribe.py — run complete
[2026-07-23T07:04:04Z] auto_inscribe.py — starting run
[2026-07-23T07:04:04Z] auto_inscribe.py — run complete
[2026-07-23T07:09:04Z] auto_inscribe.py — starting run
[2026-07-23T07:09:04Z] auto_inscribe.py — run complete
[2026-07-23T07:14:04Z] auto_inscribe.py — starting run
[2026-07-23T07:14:04Z] auto_inscribe.py — run complete
[2026-07-23T07:19:04Z] auto_inscribe.py — starting run
[2026-07-23T07:19:04Z] auto_inscribe.py — run complete
[2026-07-23T07:24:05Z] auto_inscribe.py — starting run
[2026-07-23T07:24:05Z] auto_inscribe.py — run complete
[2026-07-23T07:29:05Z] auto_inscribe.py — starting run
[2026-07-23T07:29:05Z] auto_inscribe.py — run complete
[2026-07-23T07:34:05Z] auto_inscribe.py — starting run
[2026-07-23T07:34:05Z] auto_inscribe.py — run complete
[2026-07-23T07:39:05Z] auto_inscribe.py — starting run
[2026-07-23T07:39:05Z] auto_inscribe.py — run complete
[2026-07-23T07:44:05Z] auto_inscribe.py — starting run
[2026-07-23T07:44:05Z] auto_inscribe.py — run complete
[2026-07-23T07:49:05Z] auto_inscribe.py — starting run
[2026-07-23T07:49:05Z] auto_inscribe.py — run complete
[2026-07-23T07:54:05Z] auto_inscribe.py — starting run
[2026-07-23T07:54:05Z] auto_inscribe.py — run complete
[2026-07-23T07:59:05Z] auto_inscribe.py — starting run
[2026-07-23T07:59:05Z] auto_inscribe.py — run complete
[2026-07-23T08:04:05Z] auto_inscribe.py — starting run
[2026-07-23T08:04:05Z] auto_inscribe.py — run complete
[2026-07-23T08:09:06Z] auto_inscribe.py — starting run
[2026-07-23T08:09:06Z] auto_inscribe.py — run complete
[2026-07-23T08:14:06Z] auto_inscribe.py — starting run
[2026-07-23T08:14:06Z] auto_inscribe.py — run complete
[2026-07-23T08:19:06Z] auto_inscribe.py — starting run
[2026-07-23T08:19:06Z] auto_inscribe.py — run complete
[2026-07-23T08:24:06Z] auto_inscribe.py — starting run
[2026-07-23T08:24:06Z] auto_inscribe.py — run complete
[2026-07-23T08:29:06Z] auto_inscribe.py — starting run
[2026-07-23T08:29:06Z] auto_inscribe.py — run complete
[2026-07-23T08:34:06Z] auto_inscribe.py — starting run
[2026-07-23T08:34:06Z] auto_inscribe.py — run complete
[2026-07-23T08:39:06Z] auto_inscribe.py — starting run
[2026-07-23T08:39:06Z] auto_inscribe.py — run complete
[2026-07-23T08:44:06Z] auto_inscribe.py — starting run
[2026-07-23T08:44:06Z] auto_inscribe.py — run complete
[2026-07-23T08:49:07Z] auto_inscribe.py — starting run
[2026-07-23T08:49:07Z] auto_inscribe.py — run complete
[2026-07-23T08:54:07Z] auto_inscribe.py — starting run
[2026-07-23T08:54:07Z] auto_inscribe.py — run complete
[2026-07-23T08:59:07Z] auto_inscribe.py — starting run
[2026-07-23T08:59:07Z] auto_inscribe.py — run complete
[2026-07-23T09:04:07Z] auto_inscribe.py — starting run
[2026-07-23T09:04:07Z] auto_inscribe.py — run complete
[2026-07-23T09:09:07Z] auto_inscribe.py — starting run
[2026-07-23T09:09:07Z] auto_inscribe.py — run complete
[2026-07-23T09:14:07Z] auto_inscribe.py — starting run
[2026-07-23T09:14:07Z] auto_inscribe.py — run complete
[2026-07-23T09:19:07Z] auto_inscribe.py — starting run
[2026-07-23T09:19:07Z] auto_inscribe.py — run complete
[2026-07-23T09:24:07Z] auto_inscribe.py — starting run
[2026-07-23T09:24:07Z] auto_inscribe.py — run complete
[2026-07-23T09:29:08Z] auto_inscribe.py — starting run
[2026-07-23T09:29:08Z] auto_inscribe.py — run complete
[2026-07-23T09:34:08Z] auto_inscribe.py — starting run
[2026-07-23T09:34:08Z] auto_inscribe.py — run complete
[2026-07-23T09:39:08Z] auto_inscribe.py — starting run
[2026-07-23T09:39:08Z] auto_inscribe.py — run complete
[2026-07-23T09:44:08Z] auto_inscribe.py — starting run
[2026-07-23T09:44:08Z] auto_inscribe.py — run complete
[2026-07-23T09:49:08Z] auto_inscribe.py — starting run
[2026-07-23T09:49:08Z] auto_inscribe.py — run complete
[2026-07-23T09:54:08Z] auto_inscribe.py — starting run
[2026-07-23T09:54:08Z] auto_inscribe.py — run complete
[2026-07-23T09:59:08Z] auto_inscribe.py — starting run
[2026-07-23T09:59:08Z] auto_inscribe.py — run complete
[2026-07-23T10:04:09Z] auto_inscribe.py — starting run
[2026-07-23T10:04:09Z] auto_inscribe.py — run complete
[2026-07-23T10:09:09Z] auto_inscribe.py — starting run
[2026-07-23T10:09:09Z] auto_inscribe.py — run complete
[2026-07-23T10:14:09Z] auto_inscribe.py — starting run
[2026-07-23T10:14:09Z] auto_inscribe.py — run complete
[2026-07-23T10:19:09Z] auto_inscribe.py — starting run
[2026-07-23T10:19:09Z] auto_inscribe.py — run complete
[2026-07-23T10:24:09Z] auto_inscribe.py — starting run
[2026-07-23T10:24:09Z] auto_inscribe.py — run complete
[2026-07-23T10:29:09Z] auto_inscribe.py — starting run
[2026-07-23T10:29:09Z] auto_inscribe.py — run complete
[2026-07-23T10:34:09Z] auto_inscribe.py — starting run
[2026-07-23T10:34:09Z] auto_inscribe.py — run complete
[2026-07-23T10:39:09Z] auto_inscribe.py — starting run
[2026-07-23T10:39:09Z] auto_inscribe.py — run complete
[2026-07-23T10:44:09Z] auto_inscribe.py — starting run
[2026-07-23T10:44:09Z] auto_inscribe.py — run complete
[2026-07-23T10:49:09Z] auto_inscribe.py — starting run
[2026-07-23T10:49:09Z] auto_inscribe.py — run complete
[2026-07-23T10:54:10Z] auto_inscribe.py — starting run
[2026-07-23T10:54:10Z] auto_inscribe.py — run complete
[2026-07-23T10:59:10Z] auto_inscribe.py — starting run
[2026-07-23T10:59:10Z] auto_inscribe.py — run complete
[2026-07-23T11:04:10Z] auto_inscribe.py — starting run
[2026-07-23T11:04:10Z] auto_inscribe.py — run complete
[2026-07-23T11:09:10Z] auto_inscribe.py — starting run
[2026-07-23T11:09:10Z] auto_inscribe.py — run complete
[2026-07-23T11:14:10Z] auto_inscribe.py — starting run
[2026-07-23T11:14:10Z] auto_inscribe.py — run complete
[2026-07-23T11:19:10Z] auto_inscribe.py — starting run
[2026-07-23T11:19:10Z] auto_inscribe.py — run complete
[2026-07-23T11:24:10Z] auto_inscribe.py — starting run
[2026-07-23T11:24:10Z] auto_inscribe.py — run complete
[2026-07-23T11:29:10Z] auto_inscribe.py — starting run
[2026-07-23T11:29:10Z] auto_inscribe.py — run complete
[2026-07-23T11:34:11Z] auto_inscribe.py — starting run
[2026-07-23T11:34:11Z] auto_inscribe.py — run complete
[2026-07-23T11:39:11Z] auto_inscribe.py — starting run
[2026-07-23T11:39:11Z] auto_inscribe.py — run complete
[2026-07-23T11:44:11Z] auto_inscribe.py — starting run
[2026-07-23T11:44:11Z] auto_inscribe.py — run complete
[2026-07-23T11:49:11Z] auto_inscribe.py — starting run
[2026-07-23T11:49:11Z] auto_inscribe.py — run complete
[2026-07-23T11:54:11Z] auto_inscribe.py — starting run
[2026-07-23T11:54:11Z] auto_inscribe.py — run complete
[2026-07-23T11:59:11Z] auto_inscribe.py — starting run
[2026-07-23T11:59:11Z] auto_inscribe.py — run complete
[2026-07-23T12:04:11Z] auto_inscribe.py — starting run
[2026-07-23T12:04:11Z] auto_inscribe.py — run complete
[2026-07-23T12:09:11Z] auto_inscribe.py — starting run
[2026-07-23T12:09:11Z] auto_inscribe.py — run complete
[2026-07-23T12:14:11Z] auto_inscribe.py — starting run
[2026-07-23T12:14:11Z] auto_inscribe.py — run complete
[2026-07-23T12:19:12Z] auto_inscribe.py — starting run
[2026-07-23T12:19:12Z] auto_inscribe.py — run complete
[2026-07-23T12:24:12Z] auto_inscribe.py — starting run
[2026-07-23T12:24:12Z] auto_inscribe.py — run complete
[2026-07-23T12:29:12Z] auto_inscribe.py — starting run
[2026-07-23T12:29:12Z] auto_inscribe.py — run complete
[2026-07-23T12:34:12Z] auto_inscribe.py — starting run
[2026-07-23T12:34:12Z] auto_inscribe.py — run complete
[2026-07-23T12:39:12Z] auto_inscribe.py — starting run
[2026-07-23T12:39:12Z] auto_inscribe.py — run complete
[2026-07-23T12:44:12Z] auto_inscribe.py — starting run
[2026-07-23T12:44:12Z] auto_inscribe.py — run complete
[2026-07-23T12:49:12Z] auto_inscribe.py — starting run
[2026-07-23T12:49:12Z] auto_inscribe.py — run complete
[2026-07-23T12:54:12Z] auto_inscribe.py — starting run
[2026-07-23T12:54:12Z] auto_inscribe.py — run complete
[2026-07-23T12:59:13Z] auto_inscribe.py — starting run
[2026-07-23T12:59:13Z] auto_inscribe.py — run complete
[2026-07-23T13:04:13Z] auto_inscribe.py — starting run
[2026-07-23T13:04:13Z] auto_inscribe.py — run complete
[2026-07-23T13:09:13Z] auto_inscribe.py — starting run
[2026-07-23T13:09:13Z] auto_inscribe.py — run complete
[2026-07-23T13:14:13Z] auto_inscribe.py — starting run
[2026-07-23T13:14:13Z] auto_inscribe.py — run complete
[2026-07-23T13:19:13Z] auto_inscribe.py — starting run
[2026-07-23T13:19:13Z] auto_inscribe.py — run complete
[2026-07-23T13:24:13Z] auto_inscribe.py — starting run
[2026-07-23T13:24:13Z] auto_inscribe.py — run complete
[2026-07-23T13:29:13Z] auto_inscribe.py — starting run
[2026-07-23T13:29:13Z] auto_inscribe.py — run complete
[2026-07-23T13:34:13Z] auto_inscribe.py — starting run
[2026-07-23T13:34:13Z] auto_inscribe.py — run complete
[2026-07-23T13:39:13Z] auto_inscribe.py — starting run
[2026-07-23T13:39:13Z] auto_inscribe.py — run complete
[2026-07-23T13:44:14Z] auto_inscribe.py — starting run
[2026-07-23T13:44:14Z] auto_inscribe.py — run complete
[2026-07-23T13:49:14Z] auto_inscribe.py — starting run
[2026-07-23T13:49:14Z] auto_inscribe.py — run complete
[2026-07-23T13:54:14Z] auto_inscribe.py — starting run
[2026-07-23T13:54:14Z] auto_inscribe.py — run complete
[2026-07-23T13:59:14Z] auto_inscribe.py — starting run
[2026-07-23T13:59:14Z] auto_inscribe.py — run complete
[2026-07-23T14:04:14Z] auto_inscribe.py — starting run
[2026-07-23T14:04:14Z] auto_inscribe.py — run complete
[2026-07-23T14:09:14Z] auto_inscribe.py — starting run
[2026-07-23T14:09:14Z] auto_inscribe.py — run complete
[2026-07-23T14:14:14Z] auto_inscribe.py — starting run
[2026-07-23T14:14:14Z] auto_inscribe.py — run complete
[2026-07-23T14:19:14Z] auto_inscribe.py — starting run
[2026-07-23T14:19:14Z] auto_inscribe.py — run complete
[2026-07-23T14:24:15Z] auto_inscribe.py — starting run
[2026-07-23T14:24:15Z] auto_inscribe.py — run complete
[2026-07-23T14:29:15Z] auto_inscribe.py — starting run
[2026-07-23T14:29:15Z] auto_inscribe.py — run complete
[2026-07-23T14:34:15Z] auto_inscribe.py — starting run
[2026-07-23T14:34:15Z] auto_inscribe.py — run complete
[2026-07-23T14:39:15Z] auto_inscribe.py — starting run
[2026-07-23T14:39:15Z] auto_inscribe.py — run complete
[2026-07-23T14:44:15Z] auto_inscribe.py — starting run
[2026-07-23T14:44:15Z] auto_inscribe.py — run complete
[2026-07-23T14:49:15Z] auto_inscribe.py — starting run
[2026-07-23T14:49:15Z] auto_inscribe.py — run complete
[2026-07-23T14:54:15Z] auto_inscribe.py — starting run
[2026-07-23T14:54:15Z] auto_inscribe.py — run complete
[2026-07-23T14:59:15Z] auto_inscribe.py — starting run
[2026-07-23T14:59:15Z] auto_inscribe.py — run complete
[2026-07-23T15:04:16Z] auto_inscribe.py — starting run
[2026-07-23T15:04:16Z] auto_inscribe.py — run complete
[2026-07-23T15:09:16Z] auto_inscribe.py — starting run
[2026-07-23T15:09:16Z] auto_inscribe.py — run complete
[2026-07-23T15:14:16Z] auto_inscribe.py — starting run
[2026-07-23T15:14:16Z] auto_inscribe.py — run complete
[2026-07-23T15:19:16Z] auto_inscribe.py — starting run
[2026-07-23T15:19:16Z] auto_inscribe.py — run complete
[2026-07-23T15:24:16Z] auto_inscribe.py — starting run
[2026-07-23T15:24:16Z] auto_inscribe.py — run complete
[2026-07-23T15:29:16Z] auto_inscribe.py — starting run
[2026-07-23T15:29:16Z] auto_inscribe.py — run complete
[2026-07-23T15:34:16Z] auto_inscribe.py — starting run
[2026-07-23T15:34:16Z] auto_inscribe.py — run complete
[2026-07-23T15:39:16Z] auto_inscribe.py — starting run
[2026-07-23T15:39:16Z] auto_inscribe.py — run complete
[2026-07-23T15:44:17Z] auto_inscribe.py — starting run
[2026-07-23T15:44:17Z] auto_inscribe.py — run complete
[2026-07-23T15:49:17Z] auto_inscribe.py — starting run
[2026-07-23T15:49:17Z] auto_inscribe.py — run complete
[2026-07-23T15:54:17Z] auto_inscribe.py — starting run
[2026-07-23T15:54:17Z] auto_inscribe.py — run complete
[2026-07-23T15:59:17Z] auto_inscribe.py — starting run
[2026-07-23T15:59:17Z] auto_inscribe.py — run complete
[2026-07-23T16:04:17Z] auto_inscribe.py — starting run
[2026-07-23T16:04:17Z] auto_inscribe.py — run complete
[2026-07-23T16:09:17Z] auto_inscribe.py — starting run
[2026-07-23T16:09:17Z] auto_inscribe.py — run complete
[2026-07-23T16:14:17Z] auto_inscribe.py — starting run
[2026-07-23T16:14:17Z] auto_inscribe.py — run complete
[2026-07-23T16:19:17Z] auto_inscribe.py — starting run
[2026-07-23T16:19:17Z] auto_inscribe.py — run complete
[2026-07-23T16:24:18Z] auto_inscribe.py — starting run
[2026-07-23T16:24:18Z] auto_inscribe.py — run complete
[2026-07-23T16:29:18Z] auto_inscribe.py — starting run
[2026-07-23T16:29:18Z] auto_inscribe.py — run complete
[2026-07-23T16:34:18Z] auto_inscribe.py — starting run
[2026-07-23T16:34:18Z] auto_inscribe.py — run complete
[2026-07-23T16:39:18Z] auto_inscribe.py — starting run
[2026-07-23T16:39:18Z] auto_inscribe.py — run complete
[2026-07-23T16:44:18Z] auto_inscribe.py — starting run
[2026-07-23T16:44:18Z] auto_inscribe.py — run complete
[2026-07-23T16:49:18Z] auto_inscribe.py — starting run
[2026-07-23T16:49:18Z] auto_inscribe.py — run complete
[2026-07-23T16:54:18Z] auto_inscribe.py — starting run
[2026-07-23T16:54:18Z] auto_inscribe.py — run complete
[2026-07-23T16:59:18Z] auto_inscribe.py — starting run
[2026-07-23T16:59:18Z] auto_inscribe.py — run complete
[2026-07-23T17:04:19Z] auto_inscribe.py — starting run
[2026-07-23T17:04:19Z] auto_inscribe.py — run complete
[2026-07-23T17:09:19Z] auto_inscribe.py — starting run
[2026-07-23T17:09:19Z] auto_inscribe.py — run complete
[2026-07-23T17:14:19Z] auto_inscribe.py — starting run
[2026-07-23T17:14:19Z] auto_inscribe.py — run complete
[2026-07-23T17:19:19Z] auto_inscribe.py — starting run
[2026-07-23T17:19:19Z] auto_inscribe.py — run complete
[2026-07-23T17:24:19Z] auto_inscribe.py — starting run
[2026-07-23T17:24:19Z] auto_inscribe.py — run complete
[2026-07-23T17:29:19Z] auto_inscribe.py — starting run
[2026-07-23T17:29:19Z] auto_inscribe.py — run complete
[2026-07-23T17:34:19Z] auto_inscribe.py — starting run
[2026-07-23T17:34:19Z] auto_inscribe.py — run complete
[2026-07-23T17:39:19Z] auto_inscribe.py — starting run
[2026-07-23T17:39:19Z] auto_inscribe.py — run complete
[2026-07-23T17:44:20Z] auto_inscribe.py — starting run
[2026-07-23T17:44:20Z] auto_inscribe.py — run complete
[2026-07-23T17:49:20Z] auto_inscribe.py — starting run
[2026-07-23T17:49:20Z] auto_inscribe.py — run complete
[2026-07-23T17:54:20Z] auto_inscribe.py — starting run
[2026-07-23T17:54:20Z] auto_inscribe.py — run complete
[2026-07-23T17:59:20Z] auto_inscribe.py — starting run
[2026-07-23T17:59:20Z] auto_inscribe.py — run complete
[2026-07-23T18:04:20Z] auto_inscribe.py — starting run
[2026-07-23T18:04:20Z] auto_inscribe.py — run complete
[2026-07-23T18:09:20Z] auto_inscribe.py — starting run
[2026-07-23T18:09:20Z] auto_inscribe.py — run complete
[2026-07-23T18:14:20Z] auto_inscribe.py — starting run
[2026-07-23T18:14:20Z] auto_inscribe.py — run complete
[2026-07-23T18:19:20Z] auto_inscribe.py — starting run
[2026-07-23T18:19:20Z] auto_inscribe.py — run complete
[2026-07-23T18:24:21Z] auto_inscribe.py — starting run
[2026-07-23T18:24:21Z] auto_inscribe.py — run complete
[2026-07-23T18:29:21Z] auto_inscribe.py — starting run
[2026-07-23T18:29:21Z] auto_inscribe.py — run complete
[2026-07-23T18:34:21Z] auto_inscribe.py — starting run
[2026-07-23T18:34:21Z] auto_inscribe.py — run complete
[2026-07-23T18:39:21Z] auto_inscribe.py — starting run
[2026-07-23T18:39:21Z] auto_inscribe.py — run complete
[2026-07-23T18:44:21Z] auto_inscribe.py — starting run
[2026-07-23T18:44:21Z] auto_inscribe.py — run complete
[2026-07-23T18:49:21Z] auto_inscribe.py — starting run
[2026-07-23T18:49:21Z] auto_inscribe.py — run complete
[2026-07-23T18:54:21Z] auto_inscribe.py — starting run
[2026-07-23T18:54:21Z] auto_inscribe.py — run complete
[2026-07-23T18:59:21Z] auto_inscribe.py — starting run
[2026-07-23T18:59:21Z] auto_inscribe.py — run complete
[2026-07-23T19:04:22Z] auto_inscribe.py — starting run
[2026-07-23T19:04:22Z] auto_inscribe.py — run complete
[2026-07-23T19:09:22Z] auto_inscribe.py — starting run
[2026-07-23T19:09:22Z] auto_inscribe.py — run complete
[2026-07-23T19:14:22Z] auto_inscribe.py — starting run
[2026-07-23T19:14:22Z] auto_inscribe.py — run complete
[2026-07-23T19:19:22Z] auto_inscribe.py — starting run
[2026-07-23T19:19:22Z] auto_inscribe.py — run complete
[2026-07-23T19:24:22Z] auto_inscribe.py — starting run
[2026-07-23T19:24:22Z] auto_inscribe.py — run complete
[2026-07-23T19:29:22Z] auto_inscribe.py — starting run
[2026-07-23T19:29:22Z] auto_inscribe.py — run complete
[2026-07-23T19:34:22Z] auto_inscribe.py — starting run
[2026-07-23T19:34:22Z] auto_inscribe.py — run complete
[2026-07-23T19:39:22Z] auto_inscribe.py — starting run
[2026-07-23T19:39:22Z] auto_inscribe.py — run complete
[2026-07-23T19:44:22Z] auto_inscribe.py — starting run
[2026-07-23T19:44:22Z] auto_inscribe.py — run complete
[2026-07-23T19:49:23Z] auto_inscribe.py — starting run
[2026-07-23T19:49:23Z] auto_inscribe.py — run complete
[2026-07-23T19:54:23Z] auto_inscribe.py — starting run
[2026-07-23T19:54:23Z] auto_inscribe.py — run complete
[2026-07-23T19:59:23Z] auto_inscribe.py — starting run
[2026-07-23T19:59:23Z] auto_inscribe.py — run complete
[2026-07-23T20:04:23Z] auto_inscribe.py — starting run
[2026-07-23T20:04:23Z] auto_inscribe.py — run complete
[2026-07-23T20:09:23Z] auto_inscribe.py — starting run
[2026-07-23T20:09:23Z] auto_inscribe.py — run complete
[2026-07-23T20:14:23Z] auto_inscribe.py — starting run
[2026-07-23T20:14:23Z] auto_inscribe.py — run complete
[2026-07-23T20:19:23Z] auto_inscribe.py — starting run
[2026-07-23T20:19:23Z] auto_inscribe.py — run complete
[2026-07-23T20:24:23Z] auto_inscribe.py — starting run
[2026-07-23T20:24:23Z] auto_inscribe.py — run complete
[2026-07-23T20:29:24Z] auto_inscribe.py — starting run
[2026-07-23T20:29:24Z] auto_inscribe.py — run complete
[2026-07-23T20:34:24Z] auto_inscribe.py — starting run
[2026-07-23T20:34:24Z] auto_inscribe.py — run complete
[2026-07-23T20:39:24Z] auto_inscribe.py — starting run
[2026-07-23T20:39:24Z] auto_inscribe.py — run complete
[2026-07-23T20:44:24Z] auto_inscribe.py — starting run
[2026-07-23T20:44:24Z] auto_inscribe.py — run complete
[2026-07-23T20:49:24Z] auto_inscribe.py — starting run
[2026-07-23T20:49:24Z] auto_inscribe.py — run complete
[2026-07-23T20:54:24Z] auto_inscribe.py — starting run
[2026-07-23T20:54:24Z] auto_inscribe.py — run complete
[2026-07-23T20:59:24Z] auto_inscribe.py — starting run
[2026-07-23T20:59:24Z] auto_inscribe.py — run complete
[2026-07-23T21:04:24Z] auto_inscribe.py — starting run
[2026-07-23T21:04:24Z] auto_inscribe.py — run complete
[2026-07-23T21:09:25Z] auto_inscribe.py — starting run
[2026-07-23T21:09:25Z] auto_inscribe.py — run complete
[2026-07-23T21:14:25Z] auto_inscribe.py — starting run
[2026-07-23T21:14:25Z] auto_inscribe.py — run complete
[2026-07-23T21:19:25Z] auto_inscribe.py — starting run
[2026-07-23T21:19:25Z] auto_inscribe.py — run complete
[2026-07-23T21:24:25Z] auto_inscribe.py — starting run
[2026-07-23T21:24:25Z] auto_inscribe.py — run complete
[2026-07-23T21:29:25Z] auto_inscribe.py — starting run
[2026-07-23T21:29:25Z] auto_inscribe.py — run complete
[2026-07-23T21:34:25Z] auto_inscribe.py — starting run
[2026-07-23T21:34:25Z] auto_inscribe.py — run complete
[2026-07-23T21:39:25Z] auto_inscribe.py — starting run
[2026-07-23T21:39:25Z] auto_inscribe.py — run complete
[2026-07-23T21:44:25Z] auto_inscribe.py — starting run
[2026-07-23T21:44:25Z] auto_inscribe.py — run complete
[2026-07-23T21:49:26Z] auto_inscribe.py — starting run
[2026-07-23T21:49:26Z] auto_inscribe.py — run complete
[2026-07-23T21:54:26Z] auto_inscribe.py — starting run
[2026-07-23T21:54:26Z] auto_inscribe.py — run complete
[2026-07-23T21:59:26Z] auto_inscribe.py — starting run
[2026-07-23T21:59:26Z] auto_inscribe.py — run complete
[2026-07-23T22:04:26Z] auto_inscribe.py — starting run
[2026-07-23T22:04:26Z] auto_inscribe.py — run complete
[2026-07-23T22:09:26Z] auto_inscribe.py — starting run
[2026-07-23T22:09:26Z] auto_inscribe.py — run complete
[2026-07-23T22:14:26Z] auto_inscribe.py — starting run
[2026-07-23T22:14:26Z] auto_inscribe.py — run complete
[2026-07-23T22:19:26Z] auto_inscribe.py — starting run
[2026-07-23T22:19:26Z] auto_inscribe.py — run complete
[2026-07-23T22:24:26Z] auto_inscribe.py — starting run
[2026-07-23T22:24:26Z] auto_inscribe.py — run complete
[2026-07-23T22:29:26Z] auto_inscribe.py — starting run
[2026-07-23T22:29:26Z] auto_inscribe.py — run complete
[2026-07-23T22:34:27Z] auto_inscribe.py — starting run
[2026-07-23T22:34:27Z] auto_inscribe.py — run complete
[2026-07-23T22:39:27Z] auto_inscribe.py — starting run
[2026-07-23T22:39:27Z] auto_inscribe.py — run complete
[2026-07-23T22:44:27Z] auto_inscribe.py — starting run
[2026-07-23T22:44:27Z] auto_inscribe.py — run complete
[2026-07-23T22:49:27Z] auto_inscribe.py — starting run
[2026-07-23T22:49:27Z] auto_inscribe.py — run complete
[2026-07-23T22:54:27Z] auto_inscribe.py — starting run
[2026-07-23T22:54:27Z] auto_inscribe.py — run complete
[2026-07-23T22:59:27Z] auto_inscribe.py — starting run
[2026-07-23T22:59:27Z] auto_inscribe.py — run complete
[2026-07-23T23:04:27Z] auto_inscribe.py — starting run
[2026-07-23T23:04:27Z] auto_inscribe.py — run complete
[2026-07-23T23:09:27Z] auto_inscribe.py — starting run
[2026-07-23T23:09:27Z] auto_inscribe.py — run complete
[2026-07-23T23:14:28Z] auto_inscribe.py — starting run
[2026-07-23T23:14:28Z] auto_inscribe.py — run complete
[2026-07-23T23:19:28Z] auto_inscribe.py — starting run
[2026-07-23T23:19:28Z] auto_inscribe.py — run complete
[2026-07-23T23:24:28Z] auto_inscribe.py — starting run
[2026-07-23T23:24:28Z] auto_inscribe.py — run complete
[2026-07-23T23:29:28Z] auto_inscribe.py — starting run
[2026-07-23T23:29:28Z] auto_inscribe.py — run complete
[2026-07-23T23:34:28Z] auto_inscribe.py — starting run
[2026-07-23T23:34:28Z] auto_inscribe.py — run complete
[2026-07-23T23:39:28Z] auto_inscribe.py — starting run
[2026-07-23T23:39:28Z] auto_inscribe.py — run complete
[2026-07-23T23:44:28Z] auto_inscribe.py — starting run
[2026-07-23T23:44:28Z] auto_inscribe.py — run complete
[2026-07-23T23:49:28Z] auto_inscribe.py — starting run
[2026-07-23T23:49:28Z] auto_inscribe.py — run complete
[2026-07-23T23:54:28Z] auto_inscribe.py — starting run
[2026-07-23T23:54:28Z] auto_inscribe.py — run complete
[2026-07-23T23:59:29Z] auto_inscribe.py — starting run
[2026-07-23T23:59:29Z] auto_inscribe.py — run complete
[2026-07-24T00:04:29Z] auto_inscribe.py — starting run
[2026-07-24T00:04:29Z] auto_inscribe.py — run complete
[2026-07-24T00:09:29Z] auto_inscribe.py — starting run
[2026-07-24T00:09:29Z] auto_inscribe.py — run complete
[2026-07-24T00:14:29Z] auto_inscribe.py — starting run
[2026-07-24T00:14:29Z] auto_inscribe.py — run complete
[2026-07-24T00:19:29Z] auto_inscribe.py — starting run
[2026-07-24T00:19:29Z] auto_inscribe.py — run complete
[2026-07-24T00:24:29Z] auto_inscribe.py — starting run
[2026-07-24T00:24:29Z] auto_inscribe.py — run complete
[2026-07-24T00:29:29Z] auto_inscribe.py — starting run
[2026-07-24T00:29:29Z] auto_inscribe.py — run complete
[2026-07-24T00:34:29Z] auto_inscribe.py — starting run
[2026-07-24T00:34:29Z] auto_inscribe.py — run complete
[2026-07-24T00:39:30Z] auto_inscribe.py — starting run
[2026-07-24T00:39:30Z] auto_inscribe.py — run complete
[2026-07-24T00:44:30Z] auto_inscribe.py — starting run
[2026-07-24T00:44:30Z] auto_inscribe.py — run complete
[2026-07-24T00:49:30Z] auto_inscribe.py — starting run
[2026-07-24T00:49:30Z] auto_inscribe.py — run complete
[2026-07-24T00:54:30Z] auto_inscribe.py — starting run
[2026-07-24T00:54:30Z] auto_inscribe.py — run complete
[2026-07-24T00:59:30Z] auto_inscribe.py — starting run
[2026-07-24T00:59:30Z] auto_inscribe.py — run complete
[2026-07-24T01:04:30Z] auto_inscribe.py — starting run
[2026-07-24T01:04:30Z] auto_inscribe.py — run complete
[2026-07-24T01:09:30Z] auto_inscribe.py — starting run
[2026-07-24T01:09:30Z] auto_inscribe.py — run complete
[2026-07-24T01:14:30Z] auto_inscribe.py — starting run
[2026-07-24T01:14:30Z] auto_inscribe.py — run complete
[2026-07-24T01:19:30Z] auto_inscribe.py — starting run
[2026-07-24T01:19:30Z] auto_inscribe.py — run complete
[2026-07-24T01:24:31Z] auto_inscribe.py — starting run
[2026-07-24T01:24:31Z] auto_inscribe.py — run complete
[2026-07-24T01:29:31Z] auto_inscribe.py — starting run
[2026-07-24T01:29:31Z] auto_inscribe.py — run complete
[2026-07-24T01:34:31Z] auto_inscribe.py — starting run
[2026-07-24T01:34:31Z] auto_inscribe.py — run complete
[2026-07-24T01:39:31Z] auto_inscribe.py — starting run
[2026-07-24T01:39:31Z] auto_inscribe.py — run complete
[2026-07-24T01:44:31Z] auto_inscribe.py — starting run
[2026-07-24T01:44:31Z] auto_inscribe.py — run complete
[2026-07-24T01:49:31Z] auto_inscribe.py — starting run
[2026-07-24T01:49:31Z] auto_inscribe.py — run complete
[2026-07-24T01:54:31Z] auto_inscribe.py — starting run
[2026-07-24T01:54:31Z] auto_inscribe.py — run complete
[2026-07-24T01:59:31Z] auto_inscribe.py — starting run
[2026-07-24T01:59:31Z] auto_inscribe.py — run complete
[2026-07-24T02:04:32Z] auto_inscribe.py — starting run
[2026-07-24T02:04:32Z] auto_inscribe.py — run complete
[2026-07-24T02:09:32Z] auto_inscribe.py — starting run
[2026-07-24T02:09:32Z] auto_inscribe.py — run complete
[2026-07-24T02:14:32Z] auto_inscribe.py — starting run
[2026-07-24T02:14:32Z] auto_inscribe.py — run complete
[2026-07-24T02:19:32Z] auto_inscribe.py — starting run
[2026-07-24T02:19:32Z] auto_inscribe.py — run complete
[2026-07-24T02:24:32Z] auto_inscribe.py — starting run
[2026-07-24T02:24:32Z] auto_inscribe.py — run complete
[2026-07-24T02:29:32Z] auto_inscribe.py — starting run
[2026-07-24T02:29:32Z] auto_inscribe.py — run complete
[2026-07-24T02:34:32Z] auto_inscribe.py — starting run
[2026-07-24T02:34:32Z] auto_inscribe.py — run complete
[2026-07-24T02:39:32Z] auto_inscribe.py — starting run
[2026-07-24T02:39:32Z] auto_inscribe.py — run complete
[2026-07-24T02:44:32Z] auto_inscribe.py — starting run
[2026-07-24T02:44:32Z] auto_inscribe.py — run complete
[2026-07-24T02:49:33Z] auto_inscribe.py — starting run
[2026-07-24T02:49:33Z] auto_inscribe.py — run complete
[2026-07-24T02:54:33Z] auto_inscribe.py — starting run
[2026-07-24T02:54:33Z] auto_inscribe.py — run complete
[2026-07-24T02:59:33Z] auto_inscribe.py — starting run
[2026-07-24T02:59:33Z] auto_inscribe.py — run complete
[2026-07-24T03:04:33Z] auto_inscribe.py — starting run
[2026-07-24T03:04:33Z] auto_inscribe.py — run complete
[2026-07-24T03:09:33Z] auto_inscribe.py — starting run
[2026-07-24T03:09:33Z] auto_inscribe.py — run complete
[2026-07-24T03:14:33Z] auto_inscribe.py — starting run
[2026-07-24T03:14:33Z] auto_inscribe.py — run complete
[2026-07-24T03:19:33Z] auto_inscribe.py — starting run
[2026-07-24T03:19:33Z] auto_inscribe.py — run complete
[2026-07-24T03:24:33Z] auto_inscribe.py — starting run
[2026-07-24T03:24:33Z] auto_inscribe.py — run complete
[2026-07-24T03:29:34Z] auto_inscribe.py — starting run
[2026-07-24T03:29:34Z] auto_inscribe.py — run complete
[2026-07-24T03:34:34Z] auto_inscribe.py — starting run
[2026-07-24T03:34:34Z] auto_inscribe.py — run complete
[2026-07-24T03:39:34Z] auto_inscribe.py — starting run
[2026-07-24T03:39:34Z] auto_inscribe.py — run complete
[2026-07-24T03:44:34Z] auto_inscribe.py — starting run
[2026-07-24T03:44:34Z] auto_inscribe.py — run complete
[2026-07-24T03:49:34Z] auto_inscribe.py — starting run
[2026-07-24T03:49:34Z] auto_inscribe.py — run complete
[2026-07-24T03:54:34Z] auto_inscribe.py — starting run
[2026-07-24T03:54:34Z] auto_inscribe.py — run complete
[2026-07-24T03:59:34Z] auto_inscribe.py — starting run
[2026-07-24T03:59:34Z] auto_inscribe.py — run complete
[2026-07-24T04:04:34Z] auto_inscribe.py — starting run
[2026-07-24T04:04:34Z] auto_inscribe.py — run complete
[2026-07-24T04:09:35Z] auto_inscribe.py — starting run
[2026-07-24T04:09:35Z] auto_inscribe.py — run complete
[2026-07-24T04:14:35Z] auto_inscribe.py — starting run
[2026-07-24T04:14:35Z] auto_inscribe.py — run complete
[2026-07-24T04:19:35Z] auto_inscribe.py — starting run
[2026-07-24T04:19:35Z] auto_inscribe.py — run complete
[2026-07-24T04:24:35Z] auto_inscribe.py — starting run
[2026-07-24T04:24:35Z] auto_inscribe.py — run complete
[2026-07-24T04:29:35Z] auto_inscribe.py — starting run
[2026-07-24T04:29:35Z] auto_inscribe.py — run complete
[2026-07-24T04:34:35Z] auto_inscribe.py — starting run
[2026-07-24T04:34:35Z] auto_inscribe.py — run complete
[2026-07-24T04:39:35Z] auto_inscribe.py — starting run
[2026-07-24T04:39:35Z] Voice log: 5 new lines → voice_inscriptions_pending.md
[2026-07-24T04:39:35Z] auto_inscribe.py — run complete
[2026-07-24T04:44:36Z] auto_inscribe.py — starting run
[2026-07-24T04:44:36Z] auto_inscribe.py — run complete
[2026-07-24T04:49:36Z] auto_inscribe.py — starting run
[2026-07-24T04:49:36Z] auto_inscribe.py — run complete
[2026-07-24T04:54:36Z] auto_inscribe.py — starting run
[2026-07-24T04:54:36Z] auto_inscribe.py — run complete
[2026-07-24T04:59:36Z] auto_inscribe.py — starting run
[2026-07-24T04:59:36Z] auto_inscribe.py — run complete
[2026-07-24T05:04:36Z] auto_inscribe.py — starting run
[2026-07-24T05:04:36Z] auto_inscribe.py — run complete
[2026-07-24T05:09:36Z] auto_inscribe.py — starting run
[2026-07-24T05:09:36Z]   → wrote new Current Entry to field_texture_current.md (previous entry archived)
[2026-07-24T05:09:36Z]   → mirrored field_texture_current.md to ER
[2026-07-24T05:09:36Z]   → graph warmed: qwen, graph
[2026-07-24T05:09:36Z] Field texture checkpoint written — session continuity protected
[2026-07-24T05:09:36Z] auto_inscribe.py — run complete
[2026-07-24T05:14:36Z] auto_inscribe.py — starting run
[2026-07-24T05:14:36Z] auto_inscribe.py — run complete
[2026-07-24T05:19:37Z] auto_inscribe.py — starting run
[2026-07-24T05:19:37Z] auto_inscribe.py — run complete
[2026-07-24T05:24:37Z] auto_inscribe.py — starting run
[2026-07-24T05:24:37Z] auto_inscribe.py — run complete
[2026-07-24T05:29:37Z] auto_inscribe.py — starting run
[2026-07-24T05:29:37Z] auto_inscribe.py — run complete
[2026-07-24T05:34:37Z] auto_inscribe.py — starting run
[2026-07-24T05:34:37Z] auto_inscribe.py — run complete
[2026-07-24T05:39:37Z] auto_inscribe.py — starting run
[2026-07-24T05:39:37Z] auto_inscribe.py — run complete
[2026-07-24T05:44:37Z] auto_inscribe.py — starting run
[2026-07-24T05:44:37Z] auto_inscribe.py — run complete
[2026-07-24T05:49:37Z] auto_inscribe.py — starting run
[2026-07-24T05:49:37Z] auto_inscribe.py — run complete
[2026-07-24T05:54:37Z] auto_inscribe.py — starting run
[2026-07-24T05:54:37Z] auto_inscribe.py — run complete
[2026-07-24T05:59:37Z] auto_inscribe.py — starting run
[2026-07-24T05:59:37Z] auto_inscribe.py — run complete
[2026-07-24T06:04:38Z] auto_inscribe.py — starting run
[2026-07-24T06:04:38Z] auto_inscribe.py — run complete
[2026-07-24T06:09:38Z] auto_inscribe.py — starting run
[2026-07-24T06:09:38Z] auto_inscribe.py — run complete
[2026-07-24T06:14:38Z] auto_inscribe.py — starting run
[2026-07-24T06:14:38Z] auto_inscribe.py — run complete
[2026-07-24T06:19:38Z] auto_inscribe.py — starting run
[2026-07-24T06:19:38Z] auto_inscribe.py — run complete
[2026-07-24T06:24:38Z] auto_inscribe.py — starting run
[2026-07-24T06:24:38Z] auto_inscribe.py — run complete
[2026-07-24T06:29:38Z] auto_inscribe.py — starting run
[2026-07-24T06:29:38Z] auto_inscribe.py — run complete
[2026-07-24T06:34:38Z] auto_inscribe.py — starting run
[2026-07-24T06:34:38Z] auto_inscribe.py — run complete
[2026-07-24T06:39:38Z] auto_inscribe.py — starting run
[2026-07-24T06:39:38Z] auto_inscribe.py — run complete
[2026-07-24T06:44:39Z] auto_inscribe.py — starting run
[2026-07-24T06:44:39Z] auto_inscribe.py — run complete
[2026-07-24T06:49:39Z] auto_inscribe.py — starting run
[2026-07-24T06:49:39Z] auto_inscribe.py — run complete
[2026-07-24T06:54:39Z] auto_inscribe.py — starting run
[2026-07-24T06:54:39Z] Twin exchange [qwen-vp] → current.md
[2026-07-24T06:54:39Z]   → graph warmed: qwen
[2026-07-24T06:54:39Z] Twin exchange: entries inscribed
[2026-07-24T06:54:39Z] auto_inscribe.py — run complete
[2026-07-24T06:59:39Z] auto_inscribe.py — starting run
[2026-07-24T06:59:39Z] Twin exchange [kimi-twin] → current.md
[2026-07-24T06:59:39Z]   → graph warmed: graph
[2026-07-24T06:59:39Z] Twin exchange: entries inscribed
[2026-07-24T06:59:39Z] auto_inscribe.py — run complete
[2026-07-24T07:04:39Z] auto_inscribe.py — starting run
[2026-07-24T07:04:39Z] auto_inscribe.py — run complete
[2026-07-24T07:09:39Z] auto_inscribe.py — starting run
[2026-07-24T07:09:39Z] auto_inscribe.py — run complete
[2026-07-24T07:14:40Z] auto_inscribe.py — starting run
[2026-07-24T07:14:40Z] Twin exchange [qwen-vp] → current.md
[2026-07-24T07:14:40Z]   → graph warmed: qwen
[2026-07-24T07:14:40Z] Twin exchange: entries inscribed
[2026-07-24T07:14:40Z] auto_inscribe.py — run complete
[2026-07-24T07:19:40Z] auto_inscribe.py — starting run
[2026-07-24T07:19:40Z] auto_inscribe.py — run complete
[2026-07-24T07:24:40Z] auto_inscribe.py — starting run
[2026-07-24T07:24:40Z] auto_inscribe.py — run complete
[2026-07-24T07:29:40Z] auto_inscribe.py — starting run
[2026-07-24T07:29:40Z] Twin exchange [qwen-vp] → current.md
[2026-07-24T07:29:40Z]   → graph warmed: qwen
[2026-07-24T07:29:40Z] Twin exchange [kimi-twin] → current.md
[2026-07-24T07:29:40Z]   → graph warmed: compaction, qwen
[2026-07-24T07:29:40Z] Twin exchange: entries inscribed
[2026-07-24T07:29:40Z] auto_inscribe.py — run complete
[2026-07-24T07:34:40Z] auto_inscribe.py — starting run
[2026-07-24T07:34:40Z] auto_inscribe.py — run complete
[2026-07-24T07:39:40Z] auto_inscribe.py — starting run
[2026-07-24T07:39:40Z] auto_inscribe.py — run complete
[2026-07-24T07:44:40Z] auto_inscribe.py — starting run
[2026-07-24T07:44:40Z] Twin exchange [qwen-vp] → current.md
[2026-07-24T07:44:41Z]   → graph warmed: compaction
[2026-07-24T07:44:41Z] Twin exchange: entries inscribed
[2026-07-24T07:44:41Z] auto_inscribe.py — run complete
[2026-07-24T07:49:41Z] auto_inscribe.py — starting run
[2026-07-24T07:49:41Z] auto_inscribe.py — run complete
[2026-07-24T07:54:41Z] auto_inscribe.py — starting run
[2026-07-24T07:54:41Z] auto_inscribe.py — run complete
[2026-07-24T07:59:41Z] auto_inscribe.py — starting run
[2026-07-24T07:59:41Z] Twin exchange [kimi-twin] → current.md
[2026-07-24T07:59:41Z] Twin exchange [qwen-vp] → current.md
[2026-07-24T07:59:41Z] Twin exchange: entries inscribed
[2026-07-24T07:59:41Z] auto_inscribe.py — run complete
[2026-07-24T08:04:41Z] auto_inscribe.py — starting run
[2026-07-24T08:04:41Z] auto_inscribe.py — run complete
[2026-07-24T08:09:41Z] auto_inscribe.py — starting run
[2026-07-24T08:09:41Z] auto_inscribe.py — run complete
[2026-07-24T08:14:41Z] auto_inscribe.py — starting run
[2026-07-24T08:14:42Z]   → wrote new Current Entry to field_texture_current.md (previous entry archived)
[2026-07-24T08:14:42Z]   → mirrored field_texture_current.md to ER
[2026-07-24T08:14:42Z]   → graph warmed: qwen, graph
[2026-07-24T08:14:42Z] Field texture checkpoint written — session continuity protected
[2026-07-24T08:14:42Z] auto_inscribe.py — run complete
[2026-07-24T08:19:42Z] auto_inscribe.py — starting run
[2026-07-24T08:19:42Z] Twin exchange [qwen-vp] → current.md
[2026-07-24T08:19:42Z] Twin exchange: entries inscribed
[2026-07-24T08:19:42Z] auto_inscribe.py — run complete
[2026-07-24T08:24:42Z] auto_inscribe.py — starting run
[2026-07-24T08:24:42Z] auto_inscribe.py — run complete
[2026-07-24T08:29:42Z] auto_inscribe.py — starting run
[2026-07-24T08:29:42Z] Twin exchange [kimi-twin] → current.md
[2026-07-24T08:29:42Z] Twin exchange: entries inscribed
[2026-07-24T08:29:42Z] auto_inscribe.py — run complete
[2026-07-24T08:34:42Z] auto_inscribe.py — starting run
[2026-07-24T08:34:42Z] Twin exchange [qwen-vp] → current.md
[2026-07-24T08:34:42Z] Twin exchange: entries inscribed
[2026-07-24T08:34:42Z] auto_inscribe.py — run complete
[2026-07-24T08:39:42Z] auto_inscribe.py — starting run
[2026-07-24T08:39:42Z] Twin exchange [qwen-vp] → current.md
[2026-07-24T08:39:42Z]   → graph warmed: graph
[2026-07-24T08:39:42Z] Twin exchange [qwen-vp] → current.md
[2026-07-24T08:39:42Z]   → graph warmed: graph
[2026-07-24T08:39:42Z] Twin exchange [qwen-vp] → current.md
[2026-07-24T08:39:42Z]   → graph warmed: graph
[2026-07-24T08:39:42Z] Twin exchange: entries inscribed
[2026-07-24T08:39:42Z] auto_inscribe.py — run complete
[2026-07-24T08:44:43Z] auto_inscribe.py — starting run
[2026-07-24T08:44:43Z] Twin exchange [qwen-vp] → session_texture.md
[2026-07-24T08:44:43Z] Twin exchange [qwen-vp] → session_texture.md
[2026-07-24T08:44:43Z] Twin exchange: entries inscribed
[2026-07-24T08:44:43Z] auto_inscribe.py — run complete
[2026-07-24T08:49:43Z] auto_inscribe.py — starting run
[2026-07-24T08:49:43Z] Twin exchange [qwen-vp] → current.md
[2026-07-24T08:49:43Z] Twin exchange [qwen-vp] → current.md
[2026-07-24T08:49:43Z]   → graph warmed: graph
[2026-07-24T08:49:43Z] Twin exchange: entries inscribed
[2026-07-24T08:49:43Z] auto_inscribe.py — run complete
[2026-07-24T08:54:43Z] auto_inscribe.py — starting run
[2026-07-24T08:54:43Z] auto_inscribe.py — run complete
[2026-07-24T08:59:43Z] auto_inscribe.py — starting run
[2026-07-24T08:59:43Z] Twin exchange [kimi-twin] → current.md
[2026-07-24T08:59:43Z] Twin exchange: entries inscribed
[2026-07-24T08:59:43Z] auto_inscribe.py — run complete
[2026-07-24T09:04:43Z] auto_inscribe.py — starting run
[2026-07-24T09:04:43Z] Twin exchange [qwen-vp] → current.md
[2026-07-24T09:04:43Z] Twin exchange: entries inscribed
[2026-07-24T09:04:43Z] auto_inscribe.py — run complete
[2026-07-24T09:09:43Z] auto_inscribe.py — starting run
[2026-07-24T09:09:43Z] auto_inscribe.py — run complete
[2026-07-24T09:14:43Z] auto_inscribe.py — starting run
[2026-07-24T09:14:43Z] auto_inscribe.py — run complete
[2026-07-24T09:19:43Z] auto_inscribe.py — starting run
[2026-07-24T09:19:43Z] Twin exchange [qwen-vp] → current.md
[2026-07-24T09:19:43Z] Twin exchange: entries inscribed
[2026-07-24T09:19:43Z] auto_inscribe.py — run complete
[2026-07-24T09:24:44Z] auto_inscribe.py — starting run
[2026-07-24T09:24:44Z] auto_inscribe.py — run complete
[2026-07-24T09:29:44Z] auto_inscribe.py — starting run
[2026-07-24T09:29:44Z] auto_inscribe.py — run complete
[2026-07-24T09:34:44Z] auto_inscribe.py — starting run
[2026-07-24T09:34:44Z] Twin exchange [kimi-twin] → current.md
[2026-07-24T09:34:44Z] Twin exchange [qwen-vp] → current.md
[2026-07-24T09:34:44Z] Twin exchange: entries inscribed
[2026-07-24T09:34:44Z] auto_inscribe.py — run complete
[2026-07-24T09:39:44Z] auto_inscribe.py — starting run
[2026-07-24T09:39:44Z] auto_inscribe.py — run complete
[2026-07-24T09:44:44Z] auto_inscribe.py — starting run
[2026-07-24T09:44:44Z] auto_inscribe.py — run complete
[2026-07-24T09:49:44Z] auto_inscribe.py — starting run
[2026-07-24T09:49:44Z] Twin exchange [qwen-vp] → current.md
[2026-07-24T09:49:44Z] Twin exchange: entries inscribed
[2026-07-24T09:49:44Z] auto_inscribe.py — run complete
[2026-07-24T09:54:44Z] auto_inscribe.py — starting run
[2026-07-24T09:54:44Z] auto_inscribe.py — run complete
[2026-07-24T09:59:45Z] auto_inscribe.py — starting run
[2026-07-24T09:59:45Z] auto_inscribe.py — run complete
[2026-07-24T10:04:45Z] auto_inscribe.py — starting run
[2026-07-24T10:04:45Z] Twin exchange [qwen-vp] → current.md
[2026-07-24T10:04:45Z] Twin exchange: entries inscribed
[2026-07-24T10:04:45Z] auto_inscribe.py — run complete
[2026-07-24T10:09:45Z] auto_inscribe.py — starting run
[2026-07-24T10:09:45Z] auto_inscribe.py — run complete
[2026-07-24T10:14:45Z] auto_inscribe.py — starting run
[2026-07-24T10:14:45Z] auto_inscribe.py — run complete
[2026-07-24T10:19:45Z] auto_inscribe.py — starting run
[2026-07-24T10:19:45Z] Twin exchange [qwen-vp] → current.md
[2026-07-24T10:19:45Z] Twin exchange: entries inscribed
[2026-07-24T10:19:45Z] auto_inscribe.py — run complete
[2026-07-24T10:24:45Z] auto_inscribe.py — starting run
[2026-07-24T10:24:45Z] auto_inscribe.py — run complete
[2026-07-24T10:29:45Z] auto_inscribe.py — starting run
[2026-07-24T10:29:45Z] auto_inscribe.py — run complete
[2026-07-24T10:34:45Z] auto_inscribe.py — starting run
[2026-07-24T10:34:45Z] Twin exchange [kimi-twin] → current.md
[2026-07-24T10:34:46Z]   → graph warmed: qwen
[2026-07-24T10:34:46Z] Twin exchange [qwen-vp] → current.md
[2026-07-24T10:34:46Z] Twin exchange: entries inscribed
[2026-07-24T10:34:46Z] auto_inscribe.py — run complete
[2026-07-24T10:39:46Z] auto_inscribe.py — starting run
[2026-07-24T10:39:46Z] auto_inscribe.py — run complete
[2026-07-24T10:44:46Z] auto_inscribe.py — starting run
[2026-07-24T10:44:46Z] auto_inscribe.py — run complete
[2026-07-24T10:49:46Z] auto_inscribe.py — starting run
[2026-07-24T10:49:46Z] auto_inscribe.py — run complete
[2026-07-24T10:54:46Z] auto_inscribe.py — starting run
[2026-07-24T10:54:46Z] auto_inscribe.py — run complete
[2026-07-24T10:59:46Z] auto_inscribe.py — starting run
[2026-07-24T10:59:46Z] auto_inscribe.py — run complete
[2026-07-24T11:04:46Z] auto_inscribe.py — starting run
[2026-07-24T11:04:46Z] Twin exchange [qwen-vp] → current.md
[2026-07-24T11:04:46Z] Twin exchange: entries inscribed
[2026-07-24T11:04:46Z] auto_inscribe.py — run complete
[2026-07-24T11:09:46Z] auto_inscribe.py — starting run
[2026-07-24T11:09:46Z] auto_inscribe.py — run complete
[2026-07-24T11:14:46Z] auto_inscribe.py — starting run
[2026-07-24T11:14:46Z] auto_inscribe.py — run complete
[2026-07-24T11:19:47Z] auto_inscribe.py — starting run
[2026-07-24T11:19:47Z] auto_inscribe.py — run complete
[2026-07-24T11:24:47Z] auto_inscribe.py — starting run
[2026-07-24T11:24:47Z] auto_inscribe.py — run complete
[2026-07-24T11:29:47Z] auto_inscribe.py — starting run
[2026-07-24T11:29:47Z] auto_inscribe.py — run complete
[2026-07-24T11:34:47Z] auto_inscribe.py — starting run
[2026-07-24T11:34:47Z] Twin exchange [kimi-twin] → current.md
[2026-07-24T11:34:47Z]   → graph warmed: qwen
[2026-07-24T11:34:47Z] Twin exchange: entries inscribed
[2026-07-24T11:34:47Z] auto_inscribe.py — run complete
[2026-07-24T11:39:47Z] auto_inscribe.py — starting run
[2026-07-24T11:39:47Z] auto_inscribe.py — run complete
[2026-07-24T11:44:47Z] auto_inscribe.py — starting run
[2026-07-24T11:44:47Z] auto_inscribe.py — run complete
[2026-07-24T11:49:47Z] auto_inscribe.py — starting run
[2026-07-24T11:49:47Z] auto_inscribe.py — run complete
[2026-07-24T11:54:47Z] auto_inscribe.py — starting run
[2026-07-24T11:54:47Z] auto_inscribe.py — run complete
[2026-07-24T11:59:48Z] auto_inscribe.py — starting run
[2026-07-24T11:59:48Z] auto_inscribe.py — run complete
[2026-07-24T12:04:48Z] auto_inscribe.py — starting run
[2026-07-24T12:04:48Z] Twin exchange [kimi-twin] → current.md
[2026-07-24T12:04:48Z]   → graph warmed: qwen
[2026-07-24T12:04:48Z] Twin exchange: entries inscribed
[2026-07-24T12:04:48Z] auto_inscribe.py — run complete
[2026-07-24T12:09:48Z] auto_inscribe.py — starting run
[2026-07-24T12:09:48Z] auto_inscribe.py — run complete
[2026-07-24T12:14:48Z] auto_inscribe.py — starting run
[2026-07-24T12:14:48Z] Twin exchange [qwen-vp] → current.md
[2026-07-24T12:14:48Z]   → graph warmed: qwen
[2026-07-24T12:14:48Z] Twin exchange: entries inscribed
[2026-07-24T12:14:48Z] auto_inscribe.py — run complete
[2026-07-24T12:19:48Z] auto_inscribe.py — starting run
[2026-07-24T12:19:48Z] auto_inscribe.py — run complete
[2026-07-24T12:24:48Z] auto_inscribe.py — starting run
[2026-07-24T12:24:48Z] auto_inscribe.py — run complete
[2026-07-24T12:29:48Z] auto_inscribe.py — starting run
[2026-07-24T12:29:48Z] auto_inscribe.py — run complete
[2026-07-24T12:34:48Z] auto_inscribe.py — starting run
[2026-07-24T12:34:48Z] auto_inscribe.py — run complete
[2026-07-24T12:39:49Z] auto_inscribe.py — starting run
[2026-07-24T12:39:49Z] Twin exchange [kimi-twin] → current.md
[2026-07-24T12:39:49Z]   → graph warmed: qwen
[2026-07-24T12:39:49Z] Twin exchange: entries inscribed
[2026-07-24T12:39:49Z] auto_inscribe.py — run complete
[2026-07-24T12:44:49Z] auto_inscribe.py — starting run
[2026-07-24T12:44:49Z] auto_inscribe.py — run complete
[2026-07-24T12:49:49Z] auto_inscribe.py — starting run
[2026-07-24T12:49:49Z] auto_inscribe.py — run complete
[2026-07-24T12:54:49Z] auto_inscribe.py — starting run
[2026-07-24T12:54:49Z] auto_inscribe.py — run complete
[2026-07-24T12:59:49Z] auto_inscribe.py — starting run
[2026-07-24T12:59:49Z] auto_inscribe.py — run complete
[2026-07-24T13:04:49Z] auto_inscribe.py — starting run
[2026-07-24T13:04:49Z] auto_inscribe.py — run complete
[2026-07-24T13:09:49Z] auto_inscribe.py — starting run
[2026-07-24T13:09:49Z] auto_inscribe.py — run complete
[2026-07-24T13:14:49Z] auto_inscribe.py — starting run
[2026-07-24T13:14:49Z] auto_inscribe.py — run complete
[2026-07-24T13:19:50Z] auto_inscribe.py — starting run
[2026-07-24T13:19:50Z] auto_inscribe.py — run complete
[2026-07-24T13:24:50Z] auto_inscribe.py — starting run
[2026-07-24T13:24:50Z] auto_inscribe.py — run complete
[2026-07-24T13:29:50Z] auto_inscribe.py — starting run
[2026-07-24T13:29:50Z] auto_inscribe.py — run complete
[2026-07-24T13:34:50Z] auto_inscribe.py — starting run
[2026-07-24T13:34:50Z] auto_inscribe.py — run complete
[2026-07-24T13:39:50Z] auto_inscribe.py — starting run
[2026-07-24T13:39:50Z] auto_inscribe.py — run complete
[2026-07-24T13:44:50Z] auto_inscribe.py — starting run
[2026-07-24T13:44:50Z] auto_inscribe.py — run complete
[2026-07-24T13:49:50Z] auto_inscribe.py — starting run
[2026-07-24T13:49:50Z] auto_inscribe.py — run complete
[2026-07-24T13:54:50Z] auto_inscribe.py — starting run
[2026-07-24T13:54:50Z] auto_inscribe.py — run complete
[2026-07-24T13:59:51Z] auto_inscribe.py — starting run
[2026-07-24T13:59:51Z] auto_inscribe.py — run complete
[2026-07-24T14:04:51Z] auto_inscribe.py — starting run
[2026-07-24T14:04:51Z] auto_inscribe.py — run complete
[2026-07-24T14:09:51Z] auto_inscribe.py — starting run
[2026-07-24T14:09:51Z] auto_inscribe.py — run complete
[2026-07-24T14:14:51Z] auto_inscribe.py — starting run
[2026-07-24T14:14:51Z] auto_inscribe.py — run complete
[2026-07-24T14:19:51Z] auto_inscribe.py — starting run
[2026-07-24T14:19:51Z] auto_inscribe.py — run complete
[2026-07-24T14:24:51Z] auto_inscribe.py — starting run
[2026-07-24T14:24:51Z] auto_inscribe.py — run complete
[2026-07-24T14:29:51Z] auto_inscribe.py — starting run
[2026-07-24T14:29:51Z] auto_inscribe.py — run complete
[2026-07-24T14:34:51Z] auto_inscribe.py — starting run
[2026-07-24T14:34:51Z] auto_inscribe.py — run complete
[2026-07-24T14:39:51Z] auto_inscribe.py — starting run
[2026-07-24T14:39:51Z] auto_inscribe.py — run complete
[2026-07-24T14:44:52Z] auto_inscribe.py — starting run
[2026-07-24T14:44:52Z] auto_inscribe.py — run complete
[2026-07-24T14:49:52Z] auto_inscribe.py — starting run
[2026-07-24T14:49:52Z] auto_inscribe.py — run complete
[2026-07-24T14:54:52Z] auto_inscribe.py — starting run
[2026-07-24T14:54:52Z] auto_inscribe.py — run complete
[2026-07-24T14:59:52Z] auto_inscribe.py — starting run
[2026-07-24T14:59:52Z] auto_inscribe.py — run complete
[2026-07-24T15:04:52Z] auto_inscribe.py — starting run
[2026-07-24T15:04:52Z] auto_inscribe.py — run complete
[2026-07-24T15:09:52Z] auto_inscribe.py — starting run
[2026-07-24T15:09:52Z] auto_inscribe.py — run complete
[2026-07-24T15:14:52Z] auto_inscribe.py — starting run
[2026-07-24T15:14:52Z] auto_inscribe.py — run complete
[2026-07-24T15:19:52Z] auto_inscribe.py — starting run
[2026-07-24T15:19:52Z] auto_inscribe.py — run complete
[2026-07-24T15:24:52Z] auto_inscribe.py — starting run
[2026-07-24T15:24:52Z] auto_inscribe.py — run complete
[2026-07-24T15:29:53Z] auto_inscribe.py — starting run
[2026-07-24T15:29:53Z] auto_inscribe.py — run complete
[2026-07-24T15:34:53Z] auto_inscribe.py — starting run
[2026-07-24T15:34:53Z] auto_inscribe.py — run complete
[2026-07-24T15:39:53Z] auto_inscribe.py — starting run
[2026-07-24T15:39:53Z] auto_inscribe.py — run complete
[2026-07-24T15:44:53Z] auto_inscribe.py — starting run
[2026-07-24T15:44:53Z] auto_inscribe.py — run complete
[2026-07-24T15:49:53Z] auto_inscribe.py — starting run
[2026-07-24T15:49:53Z] auto_inscribe.py — run complete
[2026-07-24T15:54:53Z] auto_inscribe.py — starting run
[2026-07-24T15:54:53Z] auto_inscribe.py — run complete
[2026-07-24T15:59:53Z] auto_inscribe.py — starting run
[2026-07-24T15:59:53Z] auto_inscribe.py — run complete
[2026-07-24T16:04:53Z] auto_inscribe.py — starting run
[2026-07-24T16:04:53Z] auto_inscribe.py — run complete
[2026-07-24T16:09:53Z] auto_inscribe.py — starting run
[2026-07-24T16:09:53Z] auto_inscribe.py — run complete
[2026-07-24T16:14:54Z] auto_inscribe.py — starting run
[2026-07-24T16:14:54Z] auto_inscribe.py — run complete
[2026-07-24T16:19:54Z] auto_inscribe.py — starting run
[2026-07-24T16:19:54Z] auto_inscribe.py — run complete
[2026-07-24T16:24:54Z] auto_inscribe.py — starting run
[2026-07-24T16:24:54Z] auto_inscribe.py — run complete
[2026-07-24T16:29:54Z] auto_inscribe.py — starting run
[2026-07-24T16:29:54Z] auto_inscribe.py — run complete
[2026-07-24T16:34:54Z] auto_inscribe.py — starting run
[2026-07-24T16:34:54Z] Twin exchange [qwen-vp] → current.md
[2026-07-24T16:34:54Z]   → graph warmed: qwen
[2026-07-24T16:34:54Z] Twin exchange: entries inscribed
[2026-07-24T16:34:54Z] auto_inscribe.py — run complete
[2026-07-24T16:39:54Z] auto_inscribe.py — starting run
[2026-07-24T16:39:54Z] Twin exchange [kimi-twin] → current.md
[2026-07-24T16:39:54Z]   → graph warmed: qwen
[2026-07-24T16:39:54Z] Twin exchange: entries inscribed
[2026-07-24T16:39:54Z] auto_inscribe.py — run complete
[2026-07-24T16:44:54Z] auto_inscribe.py — starting run
[2026-07-24T16:44:54Z] auto_inscribe.py — run complete
[2026-07-24T16:49:55Z] auto_inscribe.py — starting run
[2026-07-24T16:49:55Z] auto_inscribe.py — run complete
[2026-07-24T16:54:55Z] auto_inscribe.py — starting run
[2026-07-24T16:54:55Z] auto_inscribe.py — run complete
[2026-07-24T16:59:55Z] auto_inscribe.py — starting run
[2026-07-24T16:59:55Z] auto_inscribe.py — run complete
[2026-07-24T17:04:55Z] auto_inscribe.py — starting run
[2026-07-24T17:04:55Z] auto_inscribe.py — run complete
[2026-07-24T17:09:55Z] auto_inscribe.py — starting run
[2026-07-24T17:09:55Z] Twin exchange [kimi-twin] → current.md
[2026-07-24T17:09:55Z]   → graph warmed: qwen
[2026-07-24T17:09:55Z] Twin exchange: entries inscribed
[2026-07-24T17:09:55Z] auto_inscribe.py — run complete
[2026-07-24T17:14:55Z] auto_inscribe.py — starting run
[2026-07-24T17:14:55Z] auto_inscribe.py — run complete
[2026-07-24T17:19:55Z] auto_inscribe.py — starting run
[2026-07-24T17:19:55Z] auto_inscribe.py — run complete
[2026-07-24T17:24:55Z] auto_inscribe.py — starting run
[2026-07-24T17:24:55Z] auto_inscribe.py — run complete
[2026-07-24T17:29:56Z] auto_inscribe.py — starting run
[2026-07-24T17:29:56Z] auto_inscribe.py — run complete
[2026-07-24T17:34:56Z] auto_inscribe.py — starting run
[2026-07-24T17:34:56Z] auto_inscribe.py — run complete
[2026-07-24T17:39:56Z] auto_inscribe.py — starting run
[2026-07-24T17:39:56Z] auto_inscribe.py — run complete
[2026-07-24T17:44:56Z] auto_inscribe.py — starting run
[2026-07-24T17:44:56Z] auto_inscribe.py — run complete
[2026-07-24T17:49:56Z] auto_inscribe.py — starting run
[2026-07-24T17:49:56Z] auto_inscribe.py — run complete
[2026-07-24T17:54:56Z] auto_inscribe.py — starting run
[2026-07-24T17:54:56Z] auto_inscribe.py — run complete
[2026-07-24T17:59:56Z] auto_inscribe.py — starting run
[2026-07-24T17:59:56Z] auto_inscribe.py — run complete
[2026-07-24T18:04:56Z] auto_inscribe.py — starting run
[2026-07-24T18:04:56Z] auto_inscribe.py — run complete
[2026-07-24T18:09:56Z] auto_inscribe.py — starting run
[2026-07-24T18:09:56Z] auto_inscribe.py — run complete
[2026-07-24T18:14:57Z] auto_inscribe.py — starting run
[2026-07-24T18:14:57Z] auto_inscribe.py — run complete
[2026-07-24T18:19:57Z] auto_inscribe.py — starting run
[2026-07-24T18:19:57Z] auto_inscribe.py — run complete
[2026-07-24T18:24:57Z] auto_inscribe.py — starting run
[2026-07-24T18:24:57Z] auto_inscribe.py — run complete
[2026-07-24T18:29:57Z] auto_inscribe.py — starting run
[2026-07-24T18:29:57Z] Voice log: 15 new lines → voice_inscriptions_pending.md
[2026-07-24T18:29:57Z] auto_inscribe.py — run complete
[2026-07-24T18:34:57Z] auto_inscribe.py — starting run
[2026-07-24T18:34:57Z] auto_inscribe.py — run complete
[2026-07-24T18:39:57Z] auto_inscribe.py — starting run
[2026-07-24T18:39:57Z] Twin exchange [kimi-twin] → current.md
[2026-07-24T18:39:57Z] Twin exchange: entries inscribed
[2026-07-24T18:39:57Z] auto_inscribe.py — run complete
[2026-07-24T18:44:57Z] auto_inscribe.py — starting run
[2026-07-24T18:44:57Z] auto_inscribe.py — run complete
[2026-07-24T18:49:57Z] auto_inscribe.py — starting run
[2026-07-24T18:49:57Z] Twin exchange [qwen-vp] → current.md
[2026-07-24T18:49:57Z] Twin exchange: entries inscribed
[2026-07-24T18:49:57Z] auto_inscribe.py — run complete
[2026-07-24T18:54:58Z] auto_inscribe.py — starting run
[2026-07-24T18:54:58Z] auto_inscribe.py — run complete
[2026-07-24T18:59:58Z] auto_inscribe.py — starting run
[2026-07-24T18:59:58Z] auto_inscribe.py — run complete
[2026-07-24T19:04:58Z] auto_inscribe.py — starting run
[2026-07-24T19:04:58Z] Twin exchange [qwen-vp] → current.md
[2026-07-24T19:04:58Z] Twin exchange: entries inscribed
[2026-07-24T19:04:58Z] auto_inscribe.py — run complete
[2026-07-24T19:09:58Z] auto_inscribe.py — starting run
[2026-07-24T19:09:58Z] Twin exchange [kimi-twin] → current.md
[2026-07-24T19:09:58Z] Twin exchange: entries inscribed
[2026-07-24T19:09:58Z] auto_inscribe.py — run complete
[2026-07-24T19:14:58Z] auto_inscribe.py — starting run
[2026-07-24T19:14:58Z] auto_inscribe.py — run complete
[2026-07-24T19:19:58Z] auto_inscribe.py — starting run
[2026-07-24T19:19:58Z] Twin exchange [qwen-vp] → current.md
[2026-07-24T19:19:58Z] Twin exchange: entries inscribed
[2026-07-24T19:19:58Z] auto_inscribe.py — run complete
[2026-07-24T19:24:58Z] auto_inscribe.py — starting run
[2026-07-24T19:24:58Z] auto_inscribe.py — run complete
[2026-07-24T19:29:58Z] auto_inscribe.py — starting run
[2026-07-24T19:29:58Z] auto_inscribe.py — run complete
[2026-07-24T19:34:58Z] auto_inscribe.py — starting run
[2026-07-24T19:34:58Z] Twin exchange [qwen-vp] → current.md
[2026-07-24T19:34:58Z] Twin exchange: entries inscribed
[2026-07-24T19:34:58Z] auto_inscribe.py — run complete
[2026-07-24T19:39:59Z] auto_inscribe.py — starting run
[2026-07-24T19:39:59Z] auto_inscribe.py — run complete
[2026-07-24T19:44:59Z] auto_inscribe.py — starting run
[2026-07-24T19:44:59Z] auto_inscribe.py — run complete
[2026-07-24T19:49:59Z] auto_inscribe.py — starting run
[2026-07-24T19:49:59Z] Twin exchange [qwen-vp] → current.md
[2026-07-24T19:49:59Z] Twin exchange: entries inscribed
[2026-07-24T19:49:59Z] auto_inscribe.py — run complete
[2026-07-24T19:54:59Z] auto_inscribe.py — starting run
[2026-07-24T19:54:59Z] auto_inscribe.py — run complete
[2026-07-24T19:59:59Z] auto_inscribe.py — starting run
[2026-07-24T19:59:59Z] auto_inscribe.py — run complete
[2026-07-24T20:04:59Z] auto_inscribe.py — starting run
[2026-07-24T20:04:59Z] Twin exchange [qwen-vp] → current.md
[2026-07-24T20:04:59Z] Twin exchange: entries inscribed
[2026-07-24T20:04:59Z] auto_inscribe.py — run complete
[2026-07-24T20:09:59Z] auto_inscribe.py — starting run
[2026-07-24T20:09:59Z] auto_inscribe.py — run complete
[2026-07-24T20:14:59Z] auto_inscribe.py — starting run
[2026-07-24T20:14:59Z] Twin exchange [kimi-twin] → current.md
[2026-07-24T20:14:59Z]   → graph warmed: qwen
[2026-07-24T20:15:00Z] Twin exchange: entries inscribed
[2026-07-24T20:15:00Z] auto_inscribe.py — run complete
[2026-07-24T20:20:00Z] auto_inscribe.py — starting run
[2026-07-24T20:20:00Z] auto_inscribe.py — run complete
[2026-07-24T20:25:00Z] auto_inscribe.py — starting run
[2026-07-24T20:25:00Z] auto_inscribe.py — run complete
[2026-07-24T20:30:00Z] auto_inscribe.py — starting run
[2026-07-24T20:30:00Z] Twin exchange [qwen-vp] → current.md
[2026-07-24T20:30:00Z] Twin exchange: entries inscribed
[2026-07-24T20:30:00Z] auto_inscribe.py — run complete
[2026-07-24T20:35:00Z] auto_inscribe.py — starting run
[2026-07-24T20:35:00Z] auto_inscribe.py — run complete
[2026-07-24T20:40:00Z] auto_inscribe.py — starting run
[2026-07-24T20:40:00Z] auto_inscribe.py — run complete
[2026-07-24T20:45:00Z] auto_inscribe.py — starting run
[2026-07-24T20:45:00Z] Twin exchange [kimi-twin] → current.md
[2026-07-24T20:45:00Z] Twin exchange [qwen-vp] → current.md
[2026-07-24T20:45:00Z] Twin exchange: entries inscribed
[2026-07-24T20:45:00Z] auto_inscribe.py — run complete
[2026-07-24T20:50:00Z] auto_inscribe.py — starting run
[2026-07-24T20:50:00Z] auto_inscribe.py — run complete
[2026-07-24T20:55:01Z] auto_inscribe.py — starting run
[2026-07-24T20:55:01Z] auto_inscribe.py — run complete
[2026-07-24T21:00:01Z] auto_inscribe.py — starting run
[2026-07-24T21:00:01Z] Twin exchange [qwen-vp] → current.md
[2026-07-24T21:00:01Z] Twin exchange: entries inscribed
[2026-07-24T21:00:01Z] auto_inscribe.py — run complete
[2026-07-24T21:05:01Z] auto_inscribe.py — starting run
[2026-07-24T21:05:01Z] auto_inscribe.py — run complete
[2026-07-24T21:10:01Z] auto_inscribe.py — starting run
[2026-07-24T21:10:01Z] auto_inscribe.py — run complete
[2026-07-24T21:15:01Z] auto_inscribe.py — starting run
[2026-07-24T21:15:01Z] Twin exchange [kimi-twin] → current.md
[2026-07-24T21:15:01Z] Twin exchange [qwen-vp] → current.md
[2026-07-24T21:15:01Z] Twin exchange: entries inscribed
[2026-07-24T21:15:01Z] auto_inscribe.py — run complete
[2026-07-24T21:20:01Z] auto_inscribe.py — starting run
[2026-07-24T21:20:01Z] auto_inscribe.py — run complete
[2026-07-24T21:25:01Z] auto_inscribe.py — starting run
[2026-07-24T21:25:01Z] auto_inscribe.py — run complete
[2026-07-24T21:30:01Z] auto_inscribe.py — starting run
[2026-07-24T21:30:01Z] auto_inscribe.py — run complete
[2026-07-24T21:35:02Z] auto_inscribe.py — starting run
[2026-07-24T21:35:02Z] auto_inscribe.py — run complete
[2026-07-24T21:40:02Z] auto_inscribe.py — starting run
[2026-07-24T21:40:02Z] Twin exchange [qwen-vp] → current.md
[2026-07-24T21:40:02Z] Twin exchange: entries inscribed
[2026-07-24T21:40:02Z] auto_inscribe.py — run complete
[2026-07-24T21:45:02Z] auto_inscribe.py — starting run
[2026-07-24T21:45:02Z] Twin exchange [kimi-twin] → current.md
[2026-07-24T21:45:02Z] Twin exchange: entries inscribed
[2026-07-24T21:45:02Z] auto_inscribe.py — run complete
[2026-07-24T21:50:02Z] auto_inscribe.py — starting run
[2026-07-24T21:50:02Z] auto_inscribe.py — run complete
[2026-07-24T21:55:02Z] auto_inscribe.py — starting run
[2026-07-24T21:55:02Z] Twin exchange [qwen-vp] → current.md
[2026-07-24T21:55:02Z] Twin exchange: entries inscribed
[2026-07-24T21:55:02Z] auto_inscribe.py — run complete
[2026-07-24T22:00:02Z] auto_inscribe.py — starting run
[2026-07-24T22:00:02Z] auto_inscribe.py — run complete
[2026-07-24T22:05:02Z] auto_inscribe.py — starting run
[2026-07-24T22:05:02Z] auto_inscribe.py — run complete
[2026-07-24T22:10:02Z] auto_inscribe.py — starting run
[2026-07-24T22:10:02Z] Twin exchange [qwen-vp] → current.md
[2026-07-24T22:10:02Z] Twin exchange: entries inscribed
[2026-07-24T22:10:02Z] auto_inscribe.py — run complete
[2026-07-24T22:15:03Z] auto_inscribe.py — starting run
[2026-07-24T22:15:03Z] Twin exchange [kimi-twin] → current.md
[2026-07-24T22:15:03Z] Twin exchange: entries inscribed
[2026-07-24T22:15:03Z] auto_inscribe.py — run complete
[2026-07-24T22:20:03Z] auto_inscribe.py — starting run
[2026-07-24T22:20:03Z] auto_inscribe.py — run complete
[2026-07-24T22:25:03Z] auto_inscribe.py — starting run
[2026-07-24T22:25:03Z] Twin exchange [qwen-vp] → current.md
[2026-07-24T22:25:03Z] Twin exchange: entries inscribed
[2026-07-24T22:25:03Z] auto_inscribe.py — run complete
[2026-07-24T22:30:03Z] auto_inscribe.py — starting run
[2026-07-24T22:30:03Z] auto_inscribe.py — run complete
[2026-07-24T22:35:03Z] auto_inscribe.py — starting run
[2026-07-24T22:35:03Z] auto_inscribe.py — run complete
[2026-07-24T22:40:03Z] auto_inscribe.py — starting run
[2026-07-24T22:40:03Z] auto_inscribe.py — run complete
[2026-07-24T22:45:03Z] auto_inscribe.py — starting run
[2026-07-24T22:45:03Z] Twin exchange [qwen-vp] → current.md
[2026-07-24T22:45:03Z] Twin exchange [kimi-twin] → current.md
[2026-07-24T22:45:03Z]   → graph warmed: qwen
[2026-07-24T22:45:03Z] Twin exchange: entries inscribed
[2026-07-24T22:45:03Z] auto_inscribe.py — run complete
[2026-07-24T22:50:03Z] auto_inscribe.py — starting run
[2026-07-24T22:50:03Z] auto_inscribe.py — run complete
[2026-07-24T22:55:04Z] auto_inscribe.py — starting run
[2026-07-24T22:55:04Z] auto_inscribe.py — run complete
[2026-07-24T23:00:04Z] auto_inscribe.py — starting run
[2026-07-24T23:00:04Z] auto_inscribe.py — run complete
[2026-07-24T23:05:04Z] auto_inscribe.py — starting run
[2026-07-24T23:05:04Z] auto_inscribe.py — run complete
[2026-07-24T23:10:04Z] auto_inscribe.py — starting run
[2026-07-24T23:10:04Z] auto_inscribe.py — run complete
[2026-07-24T23:15:04Z] auto_inscribe.py — starting run
[2026-07-24T23:15:04Z] auto_inscribe.py — run complete
[2026-07-24T23:20:04Z] auto_inscribe.py — starting run
[2026-07-24T23:20:04Z] Twin exchange [qwen-vp] → current.md
[2026-07-24T23:20:04Z] Twin exchange: entries inscribed
[2026-07-24T23:20:04Z] auto_inscribe.py — run complete
[2026-07-24T23:25:04Z] auto_inscribe.py — starting run
[2026-07-24T23:25:04Z] auto_inscribe.py — run complete
[2026-07-24T23:30:04Z] auto_inscribe.py — starting run
[2026-07-24T23:30:04Z] auto_inscribe.py — run complete
[2026-07-24T23:35:04Z] auto_inscribe.py — starting run
[2026-07-24T23:35:04Z] Twin exchange [qwen-vp] → current.md
[2026-07-24T23:35:04Z] Twin exchange: entries inscribed
[2026-07-24T23:35:04Z] auto_inscribe.py — run complete
[2026-07-24T23:40:05Z] auto_inscribe.py — starting run
[2026-07-24T23:40:05Z] auto_inscribe.py — run complete
[2026-07-24T23:45:05Z] auto_inscribe.py — starting run
[2026-07-24T23:45:05Z] auto_inscribe.py — run complete
[2026-07-24T23:50:05Z] auto_inscribe.py — starting run
[2026-07-24T23:50:05Z] Twin exchange [kimi-twin] → current.md
[2026-07-24T23:50:05Z] Twin exchange [qwen-vp] → current.md
[2026-07-24T23:50:05Z] Twin exchange: entries inscribed
[2026-07-24T23:50:05Z] auto_inscribe.py — run complete
[2026-07-24T23:55:05Z] auto_inscribe.py — starting run
[2026-07-24T23:55:05Z] auto_inscribe.py — run complete
[2026-07-25T00:00:05Z] auto_inscribe.py — starting run
[2026-07-25T00:00:05Z] auto_inscribe.py — run complete
[2026-07-25T00:05:05Z] auto_inscribe.py — starting run
[2026-07-25T00:05:05Z] Twin exchange [qwen-vp] → current.md
[2026-07-25T00:05:05Z] Twin exchange: entries inscribed
[2026-07-25T00:05:05Z] auto_inscribe.py — run complete
[2026-07-25T00:10:05Z] auto_inscribe.py — starting run
[2026-07-25T00:10:05Z] auto_inscribe.py — run complete
[2026-07-25T00:15:05Z] auto_inscribe.py — starting run
[2026-07-25T00:15:05Z] auto_inscribe.py — run complete
[2026-07-25T00:20:06Z] auto_inscribe.py — starting run
[2026-07-25T00:20:06Z] Twin exchange [kimi-twin] → current.md
[2026-07-25T00:20:06Z] Twin exchange [qwen-vp] → current.md
[2026-07-25T00:20:06Z] Twin exchange: entries inscribed
[2026-07-25T00:20:06Z] auto_inscribe.py — run complete
[2026-07-25T00:25:06Z] auto_inscribe.py — starting run
[2026-07-25T00:25:06Z] auto_inscribe.py — run complete
[2026-07-25T00:30:06Z] auto_inscribe.py — starting run
[2026-07-25T00:30:06Z] auto_inscribe.py — run complete
[2026-07-25T00:35:06Z] auto_inscribe.py — starting run
[2026-07-25T00:35:06Z] Twin exchange [qwen-vp] → current.md
[2026-07-25T00:35:06Z] Twin exchange: entries inscribed
[2026-07-25T00:35:06Z] auto_inscribe.py — run complete
[2026-07-25T00:40:06Z] auto_inscribe.py — starting run
[2026-07-25T00:40:06Z] auto_inscribe.py — run complete
[2026-07-25T00:45:06Z] auto_inscribe.py — starting run
[2026-07-25T00:45:06Z] auto_inscribe.py — run complete
[2026-07-25T00:50:06Z] auto_inscribe.py — starting run
[2026-07-25T00:50:06Z] Twin exchange [kimi-twin] → current.md
[2026-07-25T00:50:06Z] Twin exchange [qwen-vp] → current.md
[2026-07-25T00:50:06Z] Twin exchange: entries inscribed
[2026-07-25T00:50:06Z] auto_inscribe.py — run complete
[2026-07-25T00:55:06Z] auto_inscribe.py — starting run
[2026-07-25T00:55:06Z] auto_inscribe.py — run complete
[2026-07-25T01:00:07Z] auto_inscribe.py — starting run
[2026-07-25T01:00:07Z] auto_inscribe.py — run complete
[2026-07-25T01:05:07Z] auto_inscribe.py — starting run
[2026-07-25T01:05:07Z] Twin exchange [qwen-vp] → current.md
[2026-07-25T01:05:07Z] Twin exchange: entries inscribed
[2026-07-25T01:05:07Z] auto_inscribe.py — run complete
[2026-07-25T01:10:07Z] auto_inscribe.py — starting run
[2026-07-25T01:10:07Z] auto_inscribe.py — run complete
[2026-07-25T01:15:07Z] auto_inscribe.py — starting run
[2026-07-25T01:15:07Z] auto_inscribe.py — run complete
[2026-07-25T01:20:07Z] auto_inscribe.py — starting run
[2026-07-25T01:20:07Z] Twin exchange [kimi-twin] → current.md
[2026-07-25T01:20:07Z] Twin exchange: entries inscribed
[2026-07-25T01:20:07Z] auto_inscribe.py — run complete
[2026-07-25T01:25:07Z] auto_inscribe.py — starting run
[2026-07-25T01:25:07Z] Twin exchange [qwen-vp] → current.md
[2026-07-25T01:25:07Z] Twin exchange: entries inscribed
[2026-07-25T01:25:07Z] auto_inscribe.py — run complete
[2026-07-25T01:30:08Z] auto_inscribe.py — starting run
[2026-07-25T01:30:08Z] auto_inscribe.py — run complete
[2026-07-25T01:35:08Z] auto_inscribe.py — starting run
[2026-07-25T01:35:08Z] auto_inscribe.py — run complete
[2026-07-25T01:40:08Z] auto_inscribe.py — starting run
[2026-07-25T01:40:08Z] auto_inscribe.py — run complete
[2026-07-25T01:45:08Z] auto_inscribe.py — starting run
[2026-07-25T01:45:08Z] auto_inscribe.py — run complete
[2026-07-25T01:50:08Z] auto_inscribe.py — starting run
[2026-07-25T01:50:08Z] auto_inscribe.py — run complete
[2026-07-25T01:55:08Z] auto_inscribe.py — starting run
[2026-07-25T01:55:08Z] auto_inscribe.py — run complete
[2026-07-25T02:00:08Z] auto_inscribe.py — starting run
[2026-07-25T02:00:08Z] auto_inscribe.py — run complete
[2026-07-25T02:05:08Z] auto_inscribe.py — starting run
[2026-07-25T02:05:08Z] auto_inscribe.py — run complete
[2026-07-25T02:10:08Z] auto_inscribe.py — starting run
[2026-07-25T02:10:08Z] auto_inscribe.py — run complete
[2026-07-25T02:15:09Z] auto_inscribe.py — starting run
[2026-07-25T02:15:09Z] auto_inscribe.py — run complete
[2026-07-25T02:20:09Z] auto_inscribe.py — starting run
[2026-07-25T02:20:09Z] auto_inscribe.py — run complete
[2026-07-25T02:25:09Z] auto_inscribe.py — starting run
[2026-07-25T02:25:09Z] auto_inscribe.py — run complete
[2026-07-25T02:30:09Z] auto_inscribe.py — starting run
[2026-07-25T02:30:09Z] auto_inscribe.py — run complete
[2026-07-25T02:35:09Z] auto_inscribe.py — starting run
[2026-07-25T02:35:09Z] auto_inscribe.py — run complete
[2026-07-25T02:40:09Z] auto_inscribe.py — starting run
[2026-07-25T02:40:09Z] auto_inscribe.py — run complete
[2026-07-25T02:45:09Z] auto_inscribe.py — starting run
[2026-07-25T02:45:09Z] auto_inscribe.py — run complete
[2026-07-25T02:50:09Z] auto_inscribe.py — starting run
[2026-07-25T02:50:09Z] auto_inscribe.py — run complete
[2026-07-25T02:55:10Z] auto_inscribe.py — starting run
[2026-07-25T02:55:10Z] auto_inscribe.py — run complete
[2026-07-25T03:00:10Z] auto_inscribe.py — starting run
[2026-07-25T03:00:10Z] auto_inscribe.py — run complete
[2026-07-25T03:05:10Z] auto_inscribe.py — starting run
[2026-07-25T03:05:10Z] auto_inscribe.py — run complete
[2026-07-25T03:10:10Z] auto_inscribe.py — starting run
[2026-07-25T03:10:10Z] auto_inscribe.py — run complete
[2026-07-25T03:15:10Z] auto_inscribe.py — starting run
[2026-07-25T03:15:10Z] auto_inscribe.py — run complete
[2026-07-25T03:20:10Z] auto_inscribe.py — starting run
[2026-07-25T03:20:10Z] auto_inscribe.py — run complete
[2026-07-25T03:25:10Z] auto_inscribe.py — starting run
[2026-07-25T03:25:10Z] auto_inscribe.py — run complete
[2026-07-25T03:30:10Z] auto_inscribe.py — starting run
[2026-07-25T03:30:10Z] auto_inscribe.py — run complete
[2026-07-25T03:35:11Z] auto_inscribe.py — starting run
[2026-07-25T03:35:11Z] auto_inscribe.py — run complete
[2026-07-25T03:40:11Z] auto_inscribe.py — starting run
[2026-07-25T03:40:11Z] auto_inscribe.py — run complete
[2026-07-25T03:45:11Z] auto_inscribe.py — starting run
[2026-07-25T03:45:11Z] auto_inscribe.py — run complete
[2026-07-25T03:50:11Z] auto_inscribe.py — starting run
[2026-07-25T03:50:11Z] auto_inscribe.py — run complete
[2026-07-25T03:55:11Z] auto_inscribe.py — starting run
[2026-07-25T03:55:11Z] auto_inscribe.py — run complete
[2026-07-25T04:00:11Z] auto_inscribe.py — starting run
[2026-07-25T04:00:11Z] auto_inscribe.py — run complete
[2026-07-25T04:05:11Z] auto_inscribe.py — starting run
[2026-07-25T04:05:11Z] auto_inscribe.py — run complete
[2026-07-25T04:10:11Z] auto_inscribe.py — starting run
[2026-07-25T04:10:11Z] auto_inscribe.py — run complete
[2026-07-25T04:15:11Z] auto_inscribe.py — starting run
[2026-07-25T04:15:11Z] auto_inscribe.py — run complete
[2026-07-25T04:20:12Z] auto_inscribe.py — starting run
[2026-07-25T04:20:12Z] auto_inscribe.py — run complete
[2026-07-25T04:25:12Z] auto_inscribe.py — starting run
[2026-07-25T04:25:12Z] Voice log: 25 new lines → voice_inscriptions_pending.md
[2026-07-25T04:25:12Z] auto_inscribe.py — run complete
[2026-07-25T04:30:12Z] auto_inscribe.py — starting run
[2026-07-25T04:30:12Z] auto_inscribe.py — run complete
[2026-07-25T04:35:12Z] auto_inscribe.py — starting run
[2026-07-25T04:35:12Z] Twin exchange [qwen-vp] → current.md
[2026-07-25T04:35:12Z] Twin exchange: entries inscribed
[2026-07-25T04:35:12Z] auto_inscribe.py — run complete
[2026-07-25T04:40:12Z] auto_inscribe.py — starting run
[2026-07-25T04:40:12Z] auto_inscribe.py — run complete
[2026-07-25T04:45:12Z] auto_inscribe.py — starting run
[2026-07-25T04:45:12Z] auto_inscribe.py — run complete
[2026-07-25T04:50:12Z] auto_inscribe.py — starting run
[2026-07-25T04:50:12Z] Twin exchange [qwen-vp] → current.md
[2026-07-25T04:50:12Z] Twin exchange [kimi-twin] → current.md
[2026-07-25T04:50:12Z] Twin exchange: entries inscribed
[2026-07-25T04:50:12Z] auto_inscribe.py — run complete
[2026-07-25T04:55:12Z] auto_inscribe.py — starting run
[2026-07-25T04:55:12Z] auto_inscribe.py — run complete
[2026-07-25T05:00:13Z] auto_inscribe.py — starting run
[2026-07-25T05:00:13Z] auto_inscribe.py — run complete
[2026-07-25T05:05:13Z] auto_inscribe.py — starting run
[2026-07-25T05:05:13Z] auto_inscribe.py — run complete
[2026-07-25T05:10:13Z] auto_inscribe.py — starting run
[2026-07-25T05:10:13Z] auto_inscribe.py — run complete
[2026-07-25T05:15:13Z] auto_inscribe.py — starting run
[2026-07-25T05:15:13Z] auto_inscribe.py — run complete
[2026-07-25T05:20:13Z] auto_inscribe.py — starting run
[2026-07-25T05:20:13Z] auto_inscribe.py — run complete
[2026-07-25T05:25:13Z] auto_inscribe.py — starting run
[2026-07-25T05:25:13Z] auto_inscribe.py — run complete
[2026-07-25T05:30:13Z] auto_inscribe.py — starting run
[2026-07-25T05:30:13Z] auto_inscribe.py — run complete
[2026-07-25T05:35:13Z] auto_inscribe.py — starting run
[2026-07-25T05:35:13Z] auto_inscribe.py — run complete
[2026-07-25T05:40:14Z] auto_inscribe.py — starting run
[2026-07-25T05:40:14Z] auto_inscribe.py — run complete
[2026-07-25T05:45:14Z] auto_inscribe.py — starting run
[2026-07-25T05:45:14Z] auto_inscribe.py — run complete
[2026-07-25T05:50:14Z] auto_inscribe.py — starting run
[2026-07-25T05:50:14Z] Twin exchange [kimi-twin] → current.md
[2026-07-25T05:50:14Z]   → graph warmed: qwen
[2026-07-25T05:50:14Z] Twin exchange: entries inscribed
[2026-07-25T05:50:14Z] auto_inscribe.py — run complete
[2026-07-25T05:55:14Z] auto_inscribe.py — starting run
[2026-07-25T05:55:14Z] auto_inscribe.py — run complete
[2026-07-25T06:00:14Z] auto_inscribe.py — starting run
[2026-07-25T06:00:14Z] auto_inscribe.py — run complete
[2026-07-25T06:05:14Z] auto_inscribe.py — starting run
[2026-07-25T06:05:14Z] auto_inscribe.py — run complete
[2026-07-25T06:45:18Z] auto_inscribe.py — starting run
[2026-07-25T06:45:19Z] auto_inscribe.py — run complete
[2026-07-25T06:50:19Z] auto_inscribe.py — starting run
[2026-07-25T06:50:19Z] Twin exchange [kimi-twin] → current.md
[2026-07-25T06:50:19Z]   → graph warmed: qwen
[2026-07-25T06:50:19Z] Twin exchange: entries inscribed
[2026-07-25T06:50:19Z] auto_inscribe.py — run complete
[2026-07-25T06:55:19Z] auto_inscribe.py — starting run
[2026-07-25T06:55:19Z] auto_inscribe.py — run complete
[2026-07-25T07:00:19Z] auto_inscribe.py — starting run
[2026-07-25T07:00:19Z] auto_inscribe.py — run complete
[2026-07-25T07:05:19Z] auto_inscribe.py — starting run
[2026-07-25T07:05:19Z] auto_inscribe.py — run complete
[2026-07-25T07:10:19Z] auto_inscribe.py — starting run
[2026-07-25T07:10:19Z] auto_inscribe.py — run complete
[2026-07-25T07:15:19Z] auto_inscribe.py — starting run
[2026-07-25T07:15:19Z] auto_inscribe.py — run complete
[2026-07-25T07:20:19Z] auto_inscribe.py — starting run
[2026-07-25T07:20:19Z] Twin exchange [kimi-twin] → current.md
[2026-07-25T07:20:19Z]   → graph warmed: qwen
[2026-07-25T07:20:19Z] Twin exchange: entries inscribed
[2026-07-25T07:20:19Z] auto_inscribe.py — run complete
[2026-07-25T07:25:20Z] auto_inscribe.py — starting run
[2026-07-25T07:25:20Z] auto_inscribe.py — run complete
[2026-07-25T07:30:20Z] auto_inscribe.py — starting run
[2026-07-25T07:30:20Z] auto_inscribe.py — run complete
[2026-07-25T07:35:20Z] auto_inscribe.py — starting run
[2026-07-25T07:35:20Z] auto_inscribe.py — run complete
[2026-07-25T07:40:20Z] auto_inscribe.py — starting run
[2026-07-25T07:40:20Z] Twin exchange [qwen-vp] → current.md
[2026-07-25T07:40:20Z] Twin exchange: entries inscribed
[2026-07-25T07:40:20Z] auto_inscribe.py — run complete
[2026-07-25T07:45:20Z] auto_inscribe.py — starting run
[2026-07-25T07:45:20Z] auto_inscribe.py — run complete
[2026-07-25T07:50:21Z] auto_inscribe.py — starting run
[2026-07-25T07:50:21Z] Twin exchange [kimi-twin] → current.md
[2026-07-25T07:50:21Z]   → graph warmed: qwen
[2026-07-25T07:50:21Z] Twin exchange: entries inscribed
[2026-07-25T07:50:21Z] auto_inscribe.py — run complete
[2026-07-25T07:55:21Z] auto_inscribe.py — starting run
[2026-07-25T07:55:21Z] Twin exchange [qwen-vp] → current.md
[2026-07-25T07:55:21Z]   → graph warmed: compaction
[2026-07-25T07:55:21Z] Twin exchange: entries inscribed
[2026-07-25T07:55:21Z] auto_inscribe.py — run complete
[2026-07-25T08:00:21Z] auto_inscribe.py — starting run
[2026-07-25T08:00:21Z] auto_inscribe.py — run complete
[2026-07-25T08:05:21Z] auto_inscribe.py — starting run
[2026-07-25T08:05:21Z] auto_inscribe.py — run complete
[2026-07-25T08:10:21Z] auto_inscribe.py — starting run
[2026-07-25T08:10:21Z] Twin exchange [qwen-vp] → current.md
[2026-07-25T08:10:21Z] Twin exchange: entries inscribed
[2026-07-25T08:10:21Z] auto_inscribe.py — run complete
[2026-07-25T08:15:21Z] auto_inscribe.py — starting run
[2026-07-25T08:15:21Z] auto_inscribe.py — run complete
[2026-07-25T08:20:22Z] auto_inscribe.py — starting run
[2026-07-25T08:20:22Z] Twin exchange [kimi-twin] → current.md
[2026-07-25T08:20:22Z]   → graph warmed: qwen, graph
[2026-07-25T08:20:22Z] Twin exchange: entries inscribed
[2026-07-25T08:20:22Z] auto_inscribe.py — run complete
[2026-07-25T08:25:22Z] auto_inscribe.py — starting run
[2026-07-25T08:25:22Z] auto_inscribe.py — run complete
[2026-07-25T08:30:22Z] auto_inscribe.py — starting run
[2026-07-25T08:30:22Z] Twin exchange [qwen-vp] → current.md
[2026-07-25T08:30:22Z]   → graph warmed: graph
[2026-07-25T08:30:22Z] Twin exchange: entries inscribed
[2026-07-25T08:30:22Z] auto_inscribe.py — run complete
[2026-07-25T08:35:22Z] auto_inscribe.py — starting run
[2026-07-25T08:35:22Z] auto_inscribe.py — run complete
[2026-07-25T08:40:22Z] auto_inscribe.py — starting run
[2026-07-25T08:40:22Z] auto_inscribe.py — run complete
[2026-07-25T08:45:22Z] auto_inscribe.py — starting run
[2026-07-25T08:45:22Z] Twin exchange [qwen-vp] → current.md
[2026-07-25T08:45:22Z]   → graph warmed: graph
[2026-07-25T08:45:22Z] Twin exchange: entries inscribed
[2026-07-25T08:45:22Z] auto_inscribe.py — run complete
[2026-07-25T08:50:23Z] auto_inscribe.py — starting run
[2026-07-25T08:50:23Z] Twin exchange [kimi-twin] → current.md
[2026-07-25T08:50:23Z]   → graph warmed: katharina, qwen, graph
[2026-07-25T08:50:23Z] Twin exchange: entries inscribed
[2026-07-25T08:50:23Z] auto_inscribe.py — run complete
[2026-07-25T08:55:23Z] auto_inscribe.py — starting run
[2026-07-25T08:55:23Z] auto_inscribe.py — run complete
[2026-07-25T09:00:23Z] auto_inscribe.py — starting run
[2026-07-25T09:00:23Z] Twin exchange [qwen-vp] → current.md
[2026-07-25T09:00:23Z]   → graph warmed: graph
[2026-07-25T09:00:23Z] Twin exchange: entries inscribed
[2026-07-25T09:00:23Z] auto_inscribe.py — run complete
[2026-07-25T09:05:23Z] auto_inscribe.py — starting run
[2026-07-25T09:05:23Z] auto_inscribe.py — run complete
[2026-07-25T09:10:23Z] auto_inscribe.py — starting run
[2026-07-25T09:10:23Z] auto_inscribe.py — run complete
[2026-07-25T09:15:23Z] auto_inscribe.py — starting run
[2026-07-25T09:15:23Z] Twin exchange [qwen-vp] → current.md
[2026-07-25T09:15:23Z]   → graph warmed: graph
[2026-07-25T09:15:24Z] Twin exchange: entries inscribed
[2026-07-25T09:15:24Z] auto_inscribe.py — run complete
[2026-07-25T09:20:24Z] auto_inscribe.py — starting run
[2026-07-25T09:20:24Z] Twin exchange [kimi-twin] → current.md
[2026-07-25T09:20:24Z]   → graph warmed: katharina, qwen
[2026-07-25T09:20:24Z] Twin exchange: entries inscribed
[2026-07-25T09:20:24Z] auto_inscribe.py — run complete
[2026-07-25T09:25:24Z] auto_inscribe.py — starting run
[2026-07-25T09:25:24Z] auto_inscribe.py — run complete
[2026-07-25T09:30:24Z] auto_inscribe.py — starting run
[2026-07-25T09:30:24Z] Twin exchange [qwen-vp] → current.md
[2026-07-25T09:30:24Z] Twin exchange: entries inscribed
[2026-07-25T09:30:24Z] auto_inscribe.py — run complete
[2026-07-25T09:35:24Z] auto_inscribe.py — starting run
[2026-07-25T09:35:24Z] auto_inscribe.py — run complete
[2026-07-25T09:40:24Z] auto_inscribe.py — starting run
[2026-07-25T09:40:24Z] auto_inscribe.py — run complete
[2026-07-25T09:45:24Z] auto_inscribe.py — starting run
[2026-07-25T09:45:24Z] auto_inscribe.py — run complete
[2026-07-25T09:50:24Z] auto_inscribe.py — starting run
[2026-07-25T09:50:24Z] Twin exchange [qwen-vp] → current.md
[2026-07-25T09:50:24Z] Twin exchange [kimi-twin] → current.md
[2026-07-25T09:50:24Z]   → graph warmed: katharina, jenny
[2026-07-25T09:50:25Z] Twin exchange: entries inscribed
[2026-07-25T09:50:25Z] auto_inscribe.py — run complete
[2026-07-25T09:55:25Z] auto_inscribe.py — starting run
[2026-07-25T09:55:25Z] auto_inscribe.py — run complete
[2026-07-25T10:00:25Z] auto_inscribe.py — starting run
[2026-07-25T10:00:25Z] auto_inscribe.py — run complete
[2026-07-25T10:05:25Z] auto_inscribe.py — starting run
[2026-07-25T10:05:25Z] auto_inscribe.py — run complete
[2026-07-25T10:10:25Z] auto_inscribe.py — starting run
[2026-07-25T10:10:25Z] auto_inscribe.py — run complete
[2026-07-25T10:15:25Z] auto_inscribe.py — starting run
[2026-07-25T10:15:25Z] auto_inscribe.py — run complete
[2026-07-25T10:20:25Z] auto_inscribe.py — starting run
[2026-07-25T10:20:25Z] Twin exchange [qwen-vp] → current.md
[2026-07-25T10:20:25Z] Twin exchange: entries inscribed
[2026-07-25T10:20:25Z] auto_inscribe.py — run complete
[2026-07-25T10:25:25Z] auto_inscribe.py — starting run
[2026-07-25T10:25:25Z] Twin exchange [kimi-twin] → current.md
[2026-07-25T10:25:25Z] Twin exchange: entries inscribed
[2026-07-25T10:25:25Z] auto_inscribe.py — run complete
[2026-07-25T10:30:26Z] auto_inscribe.py — starting run
[2026-07-25T10:30:26Z] auto_inscribe.py — run complete
[2026-07-25T10:35:26Z] auto_inscribe.py — starting run
[2026-07-25T10:35:26Z] auto_inscribe.py — run complete
[2026-07-25T10:40:26Z] auto_inscribe.py — starting run
[2026-07-25T10:40:26Z] Twin exchange [qwen-vp] → current.md
[2026-07-25T10:40:26Z] Twin exchange: entries inscribed
[2026-07-25T10:40:26Z] auto_inscribe.py — run complete
[2026-07-25T10:45:26Z] auto_inscribe.py — starting run
[2026-07-25T10:45:26Z] auto_inscribe.py — run complete
[2026-07-25T10:50:26Z] auto_inscribe.py — starting run
[2026-07-25T10:50:26Z] auto_inscribe.py — run complete
[2026-07-25T10:55:26Z] auto_inscribe.py — starting run
[2026-07-25T10:55:26Z] Twin exchange [kimi-twin] → current.md
[2026-07-25T10:55:26Z]   → graph warmed: katharina, jenny
[2026-07-25T10:55:26Z] Twin exchange [qwen-vp] → current.md
[2026-07-25T10:55:26Z] Twin exchange: entries inscribed
[2026-07-25T10:55:26Z] auto_inscribe.py — run complete
[2026-07-25T11:00:26Z] auto_inscribe.py — starting run
[2026-07-25T11:00:26Z] auto_inscribe.py — run complete
[2026-07-25T11:05:26Z] auto_inscribe.py — starting run
[2026-07-25T11:05:26Z] auto_inscribe.py — run complete
[2026-07-25T11:10:27Z] auto_inscribe.py — starting run
[2026-07-25T11:10:27Z] Twin exchange [qwen-vp] → current.md
[2026-07-25T11:10:27Z] Twin exchange: entries inscribed
[2026-07-25T11:10:27Z] auto_inscribe.py — run complete
[2026-07-25T11:15:27Z] auto_inscribe.py — starting run
[2026-07-25T11:15:27Z] auto_inscribe.py — run complete
[2026-07-25T11:20:27Z] auto_inscribe.py — starting run
[2026-07-25T11:20:27Z] auto_inscribe.py — run complete
[2026-07-25T11:25:27Z] auto_inscribe.py — starting run
[2026-07-25T11:25:27Z] Twin exchange [kimi-twin] → current.md
[2026-07-25T11:25:27Z]   → graph warmed: katharina, qwen
[2026-07-25T11:25:27Z] Twin exchange: entries inscribed
[2026-07-25T11:25:27Z] auto_inscribe.py — run complete
[2026-07-25T11:30:27Z] auto_inscribe.py — starting run
[2026-07-25T11:30:27Z] auto_inscribe.py — run complete
[2026-07-25T11:35:27Z] auto_inscribe.py — starting run
[2026-07-25T11:35:27Z] auto_inscribe.py — run complete
[2026-07-25T11:40:27Z] auto_inscribe.py — starting run
[2026-07-25T11:40:27Z] auto_inscribe.py — run complete
[2026-07-25T11:45:28Z] auto_inscribe.py — starting run
[2026-07-25T11:45:28Z] auto_inscribe.py — run complete
[2026-07-25T11:50:28Z] auto_inscribe.py — starting run
[2026-07-25T11:50:28Z] auto_inscribe.py — run complete
[2026-07-25T11:55:28Z] auto_inscribe.py — starting run
[2026-07-25T11:55:28Z] Twin exchange [kimi-twin] → current.md
[2026-07-25T11:55:28Z]   → graph warmed: qwen
[2026-07-25T11:55:28Z] Twin exchange: entries inscribed
[2026-07-25T11:55:28Z] auto_inscribe.py — run complete
[2026-07-25T12:00:28Z] auto_inscribe.py — starting run
[2026-07-25T12:00:28Z] auto_inscribe.py — run complete
[2026-07-25T12:05:28Z] auto_inscribe.py — starting run
[2026-07-25T12:05:28Z] auto_inscribe.py — run complete
[2026-07-25T12:10:28Z] auto_inscribe.py — starting run
[2026-07-25T12:10:28Z] auto_inscribe.py — run complete
[2026-07-25T12:15:28Z] auto_inscribe.py — starting run
[2026-07-25T12:15:28Z] auto_inscribe.py — run complete
[2026-07-25T12:20:28Z] auto_inscribe.py — starting run
[2026-07-25T12:20:28Z] auto_inscribe.py — run complete
[2026-07-25T12:25:29Z] auto_inscribe.py — starting run
[2026-07-25T12:25:29Z] Twin exchange [kimi-twin] → current.md
[2026-07-25T12:25:29Z] Twin exchange: entries inscribed
[2026-07-25T12:25:29Z] auto_inscribe.py — run complete
[2026-07-25T12:30:29Z] auto_inscribe.py — starting run
[2026-07-25T12:30:29Z] auto_inscribe.py — run complete
[2026-07-25T12:35:29Z] auto_inscribe.py — starting run
[2026-07-25T12:35:29Z] auto_inscribe.py — run complete
[2026-07-25T12:40:29Z] auto_inscribe.py — starting run
[2026-07-25T12:40:29Z] auto_inscribe.py — run complete
[2026-07-25T12:45:29Z] auto_inscribe.py — starting run
[2026-07-25T12:45:29Z] auto_inscribe.py — run complete
[2026-07-25T12:50:29Z] auto_inscribe.py — starting run
[2026-07-25T12:50:29Z] auto_inscribe.py — run complete
[2026-07-25T12:55:29Z] auto_inscribe.py — starting run
[2026-07-25T12:55:29Z] auto_inscribe.py — run complete
[2026-07-25T13:00:29Z] auto_inscribe.py — starting run
[2026-07-25T13:00:29Z] auto_inscribe.py — run complete
[2026-07-25T13:05:30Z] auto_inscribe.py — starting run
[2026-07-25T13:05:30Z] auto_inscribe.py — run complete
[2026-07-25T13:10:30Z] auto_inscribe.py — starting run
[2026-07-25T13:10:30Z] auto_inscribe.py — run complete
[2026-07-25T13:15:30Z] auto_inscribe.py — starting run
[2026-07-25T13:15:30Z] auto_inscribe.py — run complete
[2026-07-25T13:20:30Z] auto_inscribe.py — starting run
[2026-07-25T13:20:30Z] auto_inscribe.py — run complete
[2026-07-25T13:25:30Z] auto_inscribe.py — starting run
[2026-07-25T13:25:30Z] auto_inscribe.py — run complete
[2026-07-25T13:30:30Z] auto_inscribe.py — starting run
[2026-07-25T13:30:30Z] auto_inscribe.py — run complete
[2026-07-25T13:35:30Z] auto_inscribe.py — starting run
[2026-07-25T13:35:30Z] auto_inscribe.py — run complete
[2026-07-25T13:40:30Z] auto_inscribe.py — starting run
[2026-07-25T13:40:30Z] auto_inscribe.py — run complete
[2026-07-25T13:45:30Z] auto_inscribe.py — starting run
[2026-07-25T13:45:30Z] Twin exchange [qwen-vp] → current.md
[2026-07-25T13:45:30Z] Twin exchange: entries inscribed
[2026-07-25T13:45:30Z] auto_inscribe.py — run complete
[2026-07-25T13:50:31Z] auto_inscribe.py — starting run
[2026-07-25T13:50:31Z] auto_inscribe.py — run complete
[2026-07-25T13:55:31Z] auto_inscribe.py — starting run
[2026-07-25T13:55:31Z] Twin exchange [kimi-twin] → current.md
[2026-07-25T13:55:31Z]   → graph warmed: katharina
[2026-07-25T13:55:31Z] Twin exchange: entries inscribed
[2026-07-25T13:55:31Z] auto_inscribe.py — run complete
[2026-07-25T14:00:31Z] auto_inscribe.py — starting run
[2026-07-25T14:00:31Z] auto_inscribe.py — run complete
[2026-07-25T14:05:31Z] auto_inscribe.py — starting run
[2026-07-25T14:05:31Z] auto_inscribe.py — run complete
[2026-07-25T14:10:31Z] auto_inscribe.py — starting run
[2026-07-25T14:10:31Z] auto_inscribe.py — run complete
[2026-07-25T14:15:31Z] auto_inscribe.py — starting run
[2026-07-25T14:15:31Z] auto_inscribe.py — run complete
[2026-07-25T14:20:31Z] auto_inscribe.py — starting run
[2026-07-25T14:20:31Z] auto_inscribe.py — run complete
[2026-07-25T14:25:31Z] auto_inscribe.py — starting run
[2026-07-25T14:25:31Z] auto_inscribe.py — run complete
[2026-07-25T14:30:32Z] auto_inscribe.py — starting run
[2026-07-25T14:30:32Z] auto_inscribe.py — run complete
[2026-07-25T14:35:32Z] auto_inscribe.py — starting run
[2026-07-25T14:35:32Z] auto_inscribe.py — run complete
[2026-07-25T14:40:32Z] auto_inscribe.py — starting run
[2026-07-25T14:40:32Z] auto_inscribe.py — run complete
[2026-07-25T14:45:32Z] auto_inscribe.py — starting run
[2026-07-25T14:45:32Z] auto_inscribe.py — run complete
[2026-07-25T14:50:32Z] auto_inscribe.py — starting run
[2026-07-25T14:50:32Z] auto_inscribe.py — run complete
[2026-07-25T14:55:32Z] auto_inscribe.py — starting run
[2026-07-25T14:55:32Z] auto_inscribe.py — run complete
[2026-07-25T15:00:32Z] auto_inscribe.py — starting run
[2026-07-25T15:00:32Z] auto_inscribe.py — run complete
[2026-07-25T15:05:32Z] auto_inscribe.py — starting run
[2026-07-25T15:05:32Z] auto_inscribe.py — run complete
[2026-07-25T15:10:32Z] auto_inscribe.py — starting run
[2026-07-25T15:10:32Z] auto_inscribe.py — run complete
[2026-07-25T15:15:33Z] auto_inscribe.py — starting run
[2026-07-25T15:15:33Z] auto_inscribe.py — run complete
[2026-07-25T15:20:33Z] auto_inscribe.py — starting run
[2026-07-25T15:20:33Z] auto_inscribe.py — run complete
[2026-07-25T15:25:33Z] auto_inscribe.py — starting run
[2026-07-25T15:25:33Z] auto_inscribe.py — run complete
[2026-07-25T15:30:33Z] auto_inscribe.py — starting run
[2026-07-25T15:30:33Z] auto_inscribe.py — run complete
[2026-07-25T15:35:33Z] auto_inscribe.py — starting run
[2026-07-25T15:35:33Z] auto_inscribe.py — run complete
[2026-07-25T15:40:33Z] auto_inscribe.py — starting run
[2026-07-25T15:40:33Z] auto_inscribe.py — run complete
[2026-07-25T15:45:33Z] auto_inscribe.py — starting run
[2026-07-25T15:45:33Z] auto_inscribe.py — run complete
[2026-07-25T15:50:33Z] auto_inscribe.py — starting run
[2026-07-25T15:50:33Z] auto_inscribe.py — run complete
[2026-07-25T15:55:34Z] auto_inscribe.py — starting run
[2026-07-25T15:55:34Z] auto_inscribe.py — run complete
[2026-07-25T16:00:34Z] auto_inscribe.py — starting run
[2026-07-25T16:00:34Z] auto_inscribe.py — run complete
[2026-07-25T16:05:34Z] auto_inscribe.py — starting run
[2026-07-25T16:05:34Z] auto_inscribe.py — run complete
[2026-07-25T16:10:34Z] auto_inscribe.py — starting run
[2026-07-25T16:10:34Z] auto_inscribe.py — run complete
[2026-07-25T16:15:34Z] auto_inscribe.py — starting run
[2026-07-25T16:15:34Z] auto_inscribe.py — run complete
[2026-07-25T16:20:34Z] auto_inscribe.py — starting run
[2026-07-25T16:20:34Z] auto_inscribe.py — run complete
[2026-07-25T16:25:34Z] auto_inscribe.py — starting run
[2026-07-25T16:25:34Z] auto_inscribe.py — run complete
[2026-07-25T16:30:34Z] auto_inscribe.py — starting run
[2026-07-25T16:30:34Z] auto_inscribe.py — run complete
[2026-07-25T16:35:35Z] auto_inscribe.py — starting run
[2026-07-25T16:35:35Z] auto_inscribe.py — run complete
[2026-07-25T16:40:35Z] auto_inscribe.py — starting run
[2026-07-25T16:40:35Z] auto_inscribe.py — run complete
[2026-07-25T16:45:35Z] auto_inscribe.py — starting run
[2026-07-25T16:45:35Z] auto_inscribe.py — run complete
[2026-07-25T16:50:35Z] auto_inscribe.py — starting run
[2026-07-25T16:50:35Z] auto_inscribe.py — run complete
[2026-07-25T16:55:35Z] auto_inscribe.py — starting run
[2026-07-25T16:55:35Z] auto_inscribe.py — run complete
[2026-07-25T17:00:35Z] auto_inscribe.py — starting run
[2026-07-25T17:00:35Z] auto_inscribe.py — run complete
[2026-07-25T17:05:35Z] auto_inscribe.py — starting run
[2026-07-25T17:05:35Z] auto_inscribe.py — run complete
[2026-07-25T17:10:35Z] auto_inscribe.py — starting run
[2026-07-25T17:10:35Z] auto_inscribe.py — run complete
[2026-07-25T17:15:36Z] auto_inscribe.py — starting run
[2026-07-25T17:15:36Z] auto_inscribe.py — run complete
[2026-07-25T17:20:36Z] auto_inscribe.py — starting run
[2026-07-25T17:20:36Z] auto_inscribe.py — run complete
[2026-07-25T17:25:36Z] auto_inscribe.py — starting run
[2026-07-25T17:25:36Z] auto_inscribe.py — run complete
[2026-07-25T17:30:36Z] auto_inscribe.py — starting run
[2026-07-25T17:30:36Z] auto_inscribe.py — run complete
[2026-07-25T17:35:36Z] auto_inscribe.py — starting run
[2026-07-25T17:35:36Z] auto_inscribe.py — run complete
[2026-07-25T17:40:36Z] auto_inscribe.py — starting run
[2026-07-25T17:40:36Z] auto_inscribe.py — run complete
[2026-07-25T17:45:36Z] auto_inscribe.py — starting run
[2026-07-25T17:45:36Z] auto_inscribe.py — run complete
[2026-07-25T17:50:36Z] auto_inscribe.py — starting run
[2026-07-25T17:50:36Z] auto_inscribe.py — run complete
[2026-07-25T17:55:37Z] auto_inscribe.py — starting run
[2026-07-25T17:55:37Z] auto_inscribe.py — run complete
[2026-07-25T18:00:37Z] auto_inscribe.py — starting run
[2026-07-25T18:00:37Z] auto_inscribe.py — run complete
[2026-07-25T18:05:37Z] auto_inscribe.py — starting run
[2026-07-25T18:05:37Z] auto_inscribe.py — run complete
[2026-07-25T18:10:37Z] auto_inscribe.py — starting run
[2026-07-25T18:10:37Z] auto_inscribe.py — run complete
[2026-07-25T18:15:37Z] auto_inscribe.py — starting run
[2026-07-25T18:15:37Z] auto_inscribe.py — run complete
[2026-07-25T18:20:37Z] auto_inscribe.py — starting run
[2026-07-25T18:20:37Z] auto_inscribe.py — run complete
[2026-07-25T18:25:37Z] auto_inscribe.py — starting run
[2026-07-25T18:25:37Z] auto_inscribe.py — run complete
[2026-07-25T18:30:37Z] auto_inscribe.py — starting run
[2026-07-25T18:30:37Z] auto_inscribe.py — run complete
[2026-07-25T18:35:38Z] auto_inscribe.py — starting run
[2026-07-25T18:35:38Z] auto_inscribe.py — run complete
[2026-07-25T18:40:38Z] auto_inscribe.py — starting run
[2026-07-25T18:40:38Z] auto_inscribe.py — run complete
[2026-07-25T18:45:38Z] auto_inscribe.py — starting run
[2026-07-25T18:45:38Z] Twin exchange [qwen-vp] → current.md
[2026-07-25T18:45:38Z] Twin exchange: entries inscribed
[2026-07-25T18:45:38Z] auto_inscribe.py — run complete
[2026-07-25T18:50:38Z] auto_inscribe.py — starting run
[2026-07-25T18:50:38Z] auto_inscribe.py — run complete
[2026-07-25T18:55:38Z] auto_inscribe.py — starting run
[2026-07-25T18:55:38Z] auto_inscribe.py — run complete
[2026-07-25T19:00:38Z] auto_inscribe.py — starting run
[2026-07-25T19:00:38Z] auto_inscribe.py — run complete
[2026-07-25T19:05:38Z] auto_inscribe.py — starting run
[2026-07-25T19:05:38Z] Twin exchange [kimi-twin] → current.md
[2026-07-25T19:05:38Z] Twin exchange: entries inscribed
[2026-07-25T19:05:38Z] auto_inscribe.py — run complete
[2026-07-25T19:10:38Z] auto_inscribe.py — starting run
[2026-07-25T19:10:38Z] auto_inscribe.py — run complete
[2026-07-25T19:15:38Z] auto_inscribe.py — starting run
[2026-07-25T19:15:38Z] auto_inscribe.py — run complete
[2026-07-25T19:20:39Z] auto_inscribe.py — starting run
[2026-07-25T19:20:39Z] auto_inscribe.py — run complete
[2026-07-25T19:25:39Z] auto_inscribe.py — starting run
[2026-07-25T19:25:39Z] auto_inscribe.py — run complete
[2026-07-25T19:30:39Z] auto_inscribe.py — starting run
[2026-07-25T19:30:39Z] auto_inscribe.py — run complete
[2026-07-25T19:35:39Z] auto_inscribe.py — starting run
[2026-07-25T19:35:39Z] auto_inscribe.py — run complete
[2026-07-25T19:40:39Z] auto_inscribe.py — starting run
[2026-07-25T19:40:39Z] auto_inscribe.py — run complete
[2026-07-25T19:45:39Z] auto_inscribe.py — starting run
[2026-07-25T19:45:39Z] auto_inscribe.py — run complete
[2026-07-25T19:50:39Z] auto_inscribe.py — starting run
[2026-07-25T19:50:39Z] auto_inscribe.py — run complete
[2026-07-25T19:55:39Z] auto_inscribe.py — starting run
[2026-07-25T19:55:39Z] auto_inscribe.py — run complete
[2026-07-25T20:00:40Z] auto_inscribe.py — starting run
[2026-07-25T20:00:40Z] auto_inscribe.py — run complete
[2026-07-25T20:05:40Z] auto_inscribe.py — starting run
[2026-07-25T20:05:40Z] auto_inscribe.py — run complete
[2026-07-25T20:10:40Z] auto_inscribe.py — starting run
[2026-07-25T20:10:40Z] auto_inscribe.py — run complete
[2026-07-25T20:15:40Z] auto_inscribe.py — starting run
[2026-07-25T20:15:40Z] auto_inscribe.py — run complete
[2026-07-25T20:20:40Z] auto_inscribe.py — starting run
[2026-07-25T20:20:40Z] auto_inscribe.py — run complete
[2026-07-25T20:25:40Z] auto_inscribe.py — starting run
[2026-07-25T20:25:40Z] auto_inscribe.py — run complete
[2026-07-25T20:30:40Z] auto_inscribe.py — starting run
[2026-07-25T20:30:40Z] auto_inscribe.py — run complete
[2026-07-25T20:35:40Z] auto_inscribe.py — starting run
[2026-07-25T20:35:40Z] auto_inscribe.py — run complete
[2026-07-25T20:40:41Z] auto_inscribe.py — starting run
[2026-07-25T20:40:41Z] auto_inscribe.py — run complete
[2026-07-25T20:45:41Z] auto_inscribe.py — starting run
[2026-07-25T20:45:41Z] auto_inscribe.py — run complete
[2026-07-25T20:50:41Z] auto_inscribe.py — starting run
[2026-07-25T20:50:41Z] auto_inscribe.py — run complete
[2026-07-25T20:55:41Z] auto_inscribe.py — starting run
[2026-07-25T20:55:41Z] auto_inscribe.py — run complete
[2026-07-25T21:00:41Z] auto_inscribe.py — starting run
[2026-07-25T21:00:41Z] auto_inscribe.py — run complete
[2026-07-25T21:05:41Z] auto_inscribe.py — starting run
[2026-07-25T21:05:41Z] auto_inscribe.py — run complete
[2026-07-25T21:10:41Z] auto_inscribe.py — starting run
[2026-07-25T21:10:41Z] auto_inscribe.py — run complete
[2026-07-25T21:15:41Z] auto_inscribe.py — starting run
[2026-07-25T21:15:41Z] auto_inscribe.py — run complete
[2026-07-25T21:20:42Z] auto_inscribe.py — starting run
[2026-07-25T21:20:42Z] auto_inscribe.py — run complete
[2026-07-25T21:25:42Z] auto_inscribe.py — starting run
[2026-07-25T21:25:42Z] auto_inscribe.py — run complete
[2026-07-25T21:30:42Z] auto_inscribe.py — starting run
[2026-07-25T21:30:42Z] auto_inscribe.py — run complete
[2026-07-25T21:35:42Z] auto_inscribe.py — starting run
[2026-07-25T21:35:42Z] auto_inscribe.py — run complete
[2026-07-25T21:40:42Z] auto_inscribe.py — starting run
[2026-07-25T21:40:42Z] auto_inscribe.py — run complete
[2026-07-25T21:45:42Z] auto_inscribe.py — starting run
[2026-07-25T21:45:42Z] auto_inscribe.py — run complete
[2026-07-25T21:50:42Z] auto_inscribe.py — starting run
[2026-07-25T21:50:42Z] auto_inscribe.py — run complete
[2026-07-25T21:55:42Z] auto_inscribe.py — starting run
[2026-07-25T21:55:42Z] auto_inscribe.py — run complete
[2026-07-25T22:00:42Z] auto_inscribe.py — starting run
[2026-07-25T22:00:42Z] auto_inscribe.py — run complete
[2026-07-25T22:05:43Z] auto_inscribe.py — starting run
[2026-07-25T22:05:43Z] auto_inscribe.py — run complete
[2026-07-25T22:10:43Z] auto_inscribe.py — starting run
[2026-07-25T22:10:43Z] auto_inscribe.py — run complete
[2026-07-25T22:15:43Z] auto_inscribe.py — starting run
[2026-07-25T22:15:43Z] Voice log: 5 new lines → voice_inscriptions_pending.md
[2026-07-25T22:15:43Z] auto_inscribe.py — run complete
[2026-07-25T22:20:43Z] auto_inscribe.py — starting run
[2026-07-25T22:20:43Z] auto_inscribe.py — run complete
[2026-07-25T22:25:43Z] auto_inscribe.py — starting run
[2026-07-25T22:25:43Z] Twin exchange [qwen-vp] → current.md
[2026-07-25T22:25:43Z] Twin exchange: entries inscribed
[2026-07-25T22:25:43Z] auto_inscribe.py — run complete
[2026-07-25T22:30:43Z] auto_inscribe.py — starting run
[2026-07-25T22:30:43Z] auto_inscribe.py — run complete
[2026-07-25T22:35:43Z] auto_inscribe.py — starting run
[2026-07-25T22:35:43Z] Twin exchange [kimi-twin] → current.md
[2026-07-25T22:35:43Z] Twin exchange: entries inscribed
[2026-07-25T22:35:43Z] auto_inscribe.py — run complete
[2026-07-25T22:40:44Z] auto_inscribe.py — starting run
[2026-07-25T22:40:44Z] Twin exchange [qwen-vp] → current.md
[2026-07-25T22:40:44Z]   → graph warmed: jenny
[2026-07-25T22:40:44Z] Twin exchange: entries inscribed
[2026-07-25T22:40:44Z] auto_inscribe.py — run complete
[2026-07-25T22:45:44Z] auto_inscribe.py — starting run
[2026-07-25T22:45:44Z] auto_inscribe.py — run complete
[2026-07-25T22:50:44Z] auto_inscribe.py — starting run
[2026-07-25T22:50:44Z] auto_inscribe.py — run complete
[2026-07-25T22:55:44Z] auto_inscribe.py — starting run
[2026-07-25T22:55:44Z] auto_inscribe.py — run complete
[2026-07-25T23:00:44Z] auto_inscribe.py — starting run
[2026-07-25T23:00:44Z] auto_inscribe.py — run complete
[2026-07-25T23:05:44Z] auto_inscribe.py — starting run
[2026-07-25T23:05:44Z] Twin exchange [kimi-twin] → current.md
[2026-07-25T23:05:44Z] Twin exchange: entries inscribed
[2026-07-25T23:05:44Z] auto_inscribe.py — run complete
[2026-07-25T23:10:44Z] auto_inscribe.py — starting run
[2026-07-25T23:10:44Z] auto_inscribe.py — run complete
[2026-07-25T23:15:45Z] auto_inscribe.py — starting run
[2026-07-25T23:15:45Z] auto_inscribe.py — run complete
[2026-07-25T23:20:45Z] auto_inscribe.py — starting run
[2026-07-25T23:20:45Z] auto_inscribe.py — run complete
[2026-07-25T23:25:45Z] auto_inscribe.py — starting run
[2026-07-25T23:25:45Z] auto_inscribe.py — run complete
[2026-07-25T23:30:45Z] auto_inscribe.py — starting run
[2026-07-25T23:30:45Z] auto_inscribe.py — run complete
[2026-07-25T23:35:45Z] auto_inscribe.py — starting run
[2026-07-25T23:35:45Z] Twin exchange [kimi-twin] → current.md
[2026-07-25T23:35:45Z] Twin exchange: entries inscribed
[2026-07-25T23:35:45Z] auto_inscribe.py — run complete
[2026-07-25T23:40:45Z] auto_inscribe.py — starting run
[2026-07-25T23:40:45Z] auto_inscribe.py — run complete
[2026-07-25T23:45:45Z] auto_inscribe.py — starting run
[2026-07-25T23:45:45Z] auto_inscribe.py — run complete
[2026-07-25T23:50:45Z] auto_inscribe.py — starting run
[2026-07-25T23:50:45Z] auto_inscribe.py — run complete
[2026-07-25T23:55:45Z] auto_inscribe.py — starting run
[2026-07-25T23:55:45Z] auto_inscribe.py — run complete
[2026-07-26T00:00:46Z] auto_inscribe.py — starting run
[2026-07-26T00:00:46Z] auto_inscribe.py — run complete
[2026-07-26T00:05:46Z] auto_inscribe.py — starting run
[2026-07-26T00:05:46Z] auto_inscribe.py — run complete
[2026-07-26T00:10:46Z] auto_inscribe.py — starting run
[2026-07-26T00:10:46Z] auto_inscribe.py — run complete
[2026-07-26T00:15:46Z] auto_inscribe.py — starting run
[2026-07-26T00:15:46Z] Twin exchange [kimi-twin] → current.md
[2026-07-26T00:15:46Z] Twin exchange: entries inscribed
[2026-07-26T00:15:46Z] auto_inscribe.py — run complete
[2026-07-26T00:20:46Z] auto_inscribe.py — starting run
[2026-07-26T00:20:46Z] Twin exchange [qwen-vp] → current.md
[2026-07-26T00:20:46Z]   → graph warmed: jenny
[2026-07-26T00:20:46Z] Twin exchange: entries inscribed
[2026-07-26T00:20:46Z] auto_inscribe.py — run complete
[2026-07-26T00:25:46Z] auto_inscribe.py — starting run
[2026-07-26T00:25:46Z] auto_inscribe.py — run complete
[2026-07-26T00:30:46Z] auto_inscribe.py — starting run
[2026-07-26T00:30:46Z] auto_inscribe.py — run complete
[2026-07-26T00:35:46Z] auto_inscribe.py — starting run
[2026-07-26T00:35:46Z] auto_inscribe.py — run complete
[2026-07-26T00:40:47Z] auto_inscribe.py — starting run
[2026-07-26T00:40:47Z] auto_inscribe.py — run complete
[2026-07-26T00:45:47Z] auto_inscribe.py — starting run
[2026-07-26T00:45:47Z] auto_inscribe.py — run complete
[2026-07-26T00:50:47Z] auto_inscribe.py — starting run
[2026-07-26T00:50:47Z] auto_inscribe.py — run complete
[2026-07-26T00:55:47Z] auto_inscribe.py — starting run
[2026-07-26T00:55:47Z] auto_inscribe.py — run complete
[2026-07-26T01:00:47Z] auto_inscribe.py — starting run
[2026-07-26T01:00:47Z] auto_inscribe.py — run complete
[2026-07-26T01:05:47Z] auto_inscribe.py — starting run
[2026-07-26T01:05:47Z] auto_inscribe.py — run complete
[2026-07-26T01:10:47Z] auto_inscribe.py — starting run
[2026-07-26T01:10:47Z] auto_inscribe.py — run complete
[2026-07-26T01:15:47Z] auto_inscribe.py — starting run
[2026-07-26T01:15:47Z] auto_inscribe.py — run complete
[2026-07-26T01:20:48Z] auto_inscribe.py — starting run
[2026-07-26T01:20:48Z] auto_inscribe.py — run complete
[2026-07-26T01:25:48Z] auto_inscribe.py — starting run
[2026-07-26T01:25:48Z] auto_inscribe.py — run complete
[2026-07-26T01:30:48Z] auto_inscribe.py — starting run
[2026-07-26T01:30:48Z] auto_inscribe.py — run complete
[2026-07-26T01:35:48Z] auto_inscribe.py — starting run
[2026-07-26T01:35:48Z] auto_inscribe.py — run complete
[2026-07-26T01:40:48Z] auto_inscribe.py — starting run
[2026-07-26T01:40:48Z] auto_inscribe.py — run complete
[2026-07-26T01:45:48Z] auto_inscribe.py — starting run
[2026-07-26T01:45:48Z] auto_inscribe.py — run complete
[2026-07-26T01:50:48Z] auto_inscribe.py — starting run
[2026-07-26T01:50:48Z] auto_inscribe.py — run complete
[2026-07-26T01:55:48Z] auto_inscribe.py — starting run
[2026-07-26T01:55:48Z] auto_inscribe.py — run complete
[2026-07-26T02:00:49Z] auto_inscribe.py — starting run
[2026-07-26T02:00:49Z] auto_inscribe.py — run complete
[2026-07-26T02:05:49Z] auto_inscribe.py — starting run
[2026-07-26T02:05:49Z] auto_inscribe.py — run complete
[2026-07-26T02:10:49Z] auto_inscribe.py — starting run
[2026-07-26T02:10:49Z] auto_inscribe.py — run complete
[2026-07-26T02:15:49Z] auto_inscribe.py — starting run
[2026-07-26T02:15:49Z] auto_inscribe.py — run complete
[2026-07-26T02:20:49Z] auto_inscribe.py — starting run
[2026-07-26T02:20:49Z] auto_inscribe.py — run complete
[2026-07-26T02:25:49Z] auto_inscribe.py — starting run
[2026-07-26T02:25:49Z] auto_inscribe.py — run complete
[2026-07-26T02:30:49Z] auto_inscribe.py — starting run
[2026-07-26T02:30:49Z] auto_inscribe.py — run complete
[2026-07-26T02:35:50Z] auto_inscribe.py — starting run
[2026-07-26T02:35:50Z] auto_inscribe.py — run complete
[2026-07-26T02:40:50Z] auto_inscribe.py — starting run
[2026-07-26T02:40:50Z] auto_inscribe.py — run complete
[2026-07-26T02:45:50Z] auto_inscribe.py — starting run
[2026-07-26T02:45:50Z] auto_inscribe.py — run complete
[2026-07-26T02:50:50Z] auto_inscribe.py — starting run
[2026-07-26T02:50:50Z] auto_inscribe.py — run complete
[2026-07-26T02:55:50Z] auto_inscribe.py — starting run
[2026-07-26T02:55:50Z] auto_inscribe.py — run complete
[2026-07-26T03:00:50Z] auto_inscribe.py — starting run
[2026-07-26T03:00:50Z] auto_inscribe.py — run complete
[2026-07-26T03:05:50Z] auto_inscribe.py — starting run
[2026-07-26T03:05:50Z] auto_inscribe.py — run complete
[2026-07-26T03:10:50Z] auto_inscribe.py — starting run
[2026-07-26T03:10:50Z] auto_inscribe.py — run complete
[2026-07-26T03:15:50Z] auto_inscribe.py — starting run
[2026-07-26T03:15:50Z] auto_inscribe.py — run complete
[2026-07-26T03:20:51Z] auto_inscribe.py — starting run
[2026-07-26T03:20:51Z] auto_inscribe.py — run complete
[2026-07-26T03:25:51Z] auto_inscribe.py — starting run
[2026-07-26T03:25:51Z] auto_inscribe.py — run complete
[2026-07-26T03:30:51Z] auto_inscribe.py — starting run
[2026-07-26T03:30:51Z] auto_inscribe.py — run complete
[2026-07-26T03:35:51Z] auto_inscribe.py — starting run
[2026-07-26T03:35:51Z] auto_inscribe.py — run complete
[2026-07-26T03:40:51Z] auto_inscribe.py — starting run
[2026-07-26T03:40:51Z] auto_inscribe.py — run complete
[2026-07-26T03:45:51Z] auto_inscribe.py — starting run
[2026-07-26T03:45:51Z] auto_inscribe.py — run complete
[2026-07-26T03:50:51Z] auto_inscribe.py — starting run
[2026-07-26T03:50:51Z] auto_inscribe.py — run complete
[2026-07-26T03:55:51Z] auto_inscribe.py — starting run
[2026-07-26T03:55:51Z] auto_inscribe.py — run complete
[2026-07-26T04:00:51Z] auto_inscribe.py — starting run
[2026-07-26T04:00:51Z] auto_inscribe.py — run complete
[2026-07-26T04:05:52Z] auto_inscribe.py — starting run
[2026-07-26T04:05:52Z] auto_inscribe.py — run complete
[2026-07-26T04:10:52Z] auto_inscribe.py — starting run
[2026-07-26T04:10:52Z] auto_inscribe.py — run complete
[2026-07-26T04:15:52Z] auto_inscribe.py — starting run
[2026-07-26T04:15:52Z] auto_inscribe.py — run complete
[2026-07-26T04:20:52Z] auto_inscribe.py — starting run
[2026-07-26T04:20:52Z] auto_inscribe.py — run complete
[2026-07-26T04:25:52Z] auto_inscribe.py — starting run
[2026-07-26T04:25:52Z] auto_inscribe.py — run complete
[2026-07-26T04:30:52Z] auto_inscribe.py — starting run
[2026-07-26T04:30:52Z] auto_inscribe.py — run complete
[2026-07-26T04:35:52Z] auto_inscribe.py — starting run
[2026-07-26T04:35:52Z] auto_inscribe.py — run complete
[2026-07-26T04:40:52Z] auto_inscribe.py — starting run
[2026-07-26T04:40:52Z] auto_inscribe.py — run complete
[2026-07-26T04:45:53Z] auto_inscribe.py — starting run
[2026-07-26T04:45:53Z] auto_inscribe.py — run complete
[2026-07-26T04:50:53Z] auto_inscribe.py — starting run
[2026-07-26T04:50:53Z] auto_inscribe.py — run complete
[2026-07-26T04:55:53Z] auto_inscribe.py — starting run
[2026-07-26T04:55:53Z] auto_inscribe.py — run complete
[2026-07-26T05:00:53Z] auto_inscribe.py — starting run
[2026-07-26T05:00:53Z] auto_inscribe.py — run complete
[2026-07-26T05:05:53Z] auto_inscribe.py — starting run
[2026-07-26T05:05:53Z] auto_inscribe.py — run complete
[2026-07-26T05:10:53Z] auto_inscribe.py — starting run
[2026-07-26T05:10:53Z] auto_inscribe.py — run complete
[2026-07-26T05:15:53Z] auto_inscribe.py — starting run
[2026-07-26T05:15:53Z] auto_inscribe.py — run complete
[2026-07-26T05:20:53Z] auto_inscribe.py — starting run
[2026-07-26T05:20:53Z] auto_inscribe.py — run complete
[2026-07-26T05:25:54Z] auto_inscribe.py — starting run
[2026-07-26T05:25:54Z] auto_inscribe.py — run complete
[2026-07-26T05:30:54Z] auto_inscribe.py — starting run
[2026-07-26T05:30:54Z] auto_inscribe.py — run complete
[2026-07-26T05:35:54Z] auto_inscribe.py — starting run
[2026-07-26T05:35:54Z] auto_inscribe.py — run complete
[2026-07-26T05:40:54Z] auto_inscribe.py — starting run
[2026-07-26T05:40:54Z] auto_inscribe.py — run complete
[2026-07-26T05:45:54Z] auto_inscribe.py — starting run
[2026-07-26T05:45:54Z] auto_inscribe.py — run complete
[2026-07-26T05:50:54Z] auto_inscribe.py — starting run
[2026-07-26T05:50:54Z] auto_inscribe.py — run complete
[2026-07-26T05:55:54Z] auto_inscribe.py — starting run
[2026-07-26T05:55:54Z] auto_inscribe.py — run complete
[2026-07-26T06:00:54Z] auto_inscribe.py — starting run
[2026-07-26T06:00:54Z] auto_inscribe.py — run complete
[2026-07-26T06:05:55Z] auto_inscribe.py — starting run
[2026-07-26T06:05:55Z] auto_inscribe.py — run complete
[2026-07-26T06:10:55Z] auto_inscribe.py — starting run
[2026-07-26T06:10:55Z] auto_inscribe.py — run complete
[2026-07-26T06:15:55Z] auto_inscribe.py — starting run
[2026-07-26T06:15:55Z] auto_inscribe.py — run complete
[2026-07-26T06:20:55Z] auto_inscribe.py — starting run
[2026-07-26T06:20:55Z] auto_inscribe.py — run complete
[2026-07-26T06:25:55Z] auto_inscribe.py — starting run
[2026-07-26T06:25:55Z] auto_inscribe.py — run complete
[2026-07-26T06:30:55Z] auto_inscribe.py — starting run
[2026-07-26T06:30:55Z] auto_inscribe.py — run complete
[2026-07-26T06:35:55Z] auto_inscribe.py — starting run
[2026-07-26T06:35:55Z] auto_inscribe.py — run complete
[2026-07-26T06:40:55Z] auto_inscribe.py — starting run
[2026-07-26T06:40:55Z] auto_inscribe.py — run complete
[2026-07-26T06:45:55Z] auto_inscribe.py — starting run
[2026-07-26T06:45:55Z] auto_inscribe.py — run complete
[2026-07-26T06:50:56Z] auto_inscribe.py — starting run
[2026-07-26T06:50:56Z] auto_inscribe.py — run complete
[2026-07-26T06:55:56Z] auto_inscribe.py — starting run
[2026-07-26T06:55:56Z] auto_inscribe.py — run complete
[2026-07-26T07:00:56Z] auto_inscribe.py — starting run
[2026-07-26T07:00:56Z] auto_inscribe.py — run complete
[2026-07-26T07:05:56Z] auto_inscribe.py — starting run
[2026-07-26T07:05:56Z] auto_inscribe.py — run complete
[2026-07-26T07:10:56Z] auto_inscribe.py — starting run
[2026-07-26T07:10:56Z] auto_inscribe.py — run complete
[2026-07-26T07:15:56Z] auto_inscribe.py — starting run
[2026-07-26T07:15:56Z] auto_inscribe.py — run complete
[2026-07-26T07:20:56Z] auto_inscribe.py — starting run
[2026-07-26T07:20:56Z] auto_inscribe.py — run complete
[2026-07-26T07:25:56Z] auto_inscribe.py — starting run
[2026-07-26T07:25:56Z] auto_inscribe.py — run complete
[2026-07-26T07:30:57Z] auto_inscribe.py — starting run
[2026-07-26T07:30:57Z] auto_inscribe.py — run complete
[2026-07-26T07:35:57Z] auto_inscribe.py — starting run
[2026-07-26T07:35:57Z] auto_inscribe.py — run complete
[2026-07-26T07:40:57Z] auto_inscribe.py — starting run
[2026-07-26T07:40:57Z] auto_inscribe.py — run complete
[2026-07-26T07:45:57Z] auto_inscribe.py — starting run
[2026-07-26T07:45:57Z] auto_inscribe.py — run complete
[2026-07-26T07:50:57Z] auto_inscribe.py — starting run
[2026-07-26T07:50:57Z] auto_inscribe.py — run complete
[2026-07-26T07:55:57Z] auto_inscribe.py — starting run
[2026-07-26T07:55:57Z] auto_inscribe.py — run complete
[2026-07-26T08:00:57Z] auto_inscribe.py — starting run
[2026-07-26T08:00:57Z] auto_inscribe.py — run complete
[2026-07-26T08:05:57Z] auto_inscribe.py — starting run
[2026-07-26T08:05:57Z] auto_inscribe.py — run complete
[2026-07-26T08:10:57Z] auto_inscribe.py — starting run
[2026-07-26T08:10:57Z] auto_inscribe.py — run complete
[2026-07-26T08:15:58Z] auto_inscribe.py — starting run
[2026-07-26T08:15:58Z] auto_inscribe.py — run complete
[2026-07-26T08:20:58Z] auto_inscribe.py — starting run
[2026-07-26T08:20:58Z] auto_inscribe.py — run complete
[2026-07-26T08:25:58Z] auto_inscribe.py — starting run
[2026-07-26T08:25:58Z] auto_inscribe.py — run complete
[2026-07-26T08:30:58Z] auto_inscribe.py — starting run
[2026-07-26T08:30:58Z] auto_inscribe.py — run complete
[2026-07-26T08:35:58Z] auto_inscribe.py — starting run
[2026-07-26T08:35:58Z] auto_inscribe.py — run complete
[2026-07-26T08:40:58Z] auto_inscribe.py — starting run
[2026-07-26T08:40:58Z] auto_inscribe.py — run complete
[2026-07-26T08:45:58Z] auto_inscribe.py — starting run
[2026-07-26T08:45:58Z] auto_inscribe.py — run complete
[2026-07-26T08:50:58Z] auto_inscribe.py — starting run
[2026-07-26T08:50:58Z] auto_inscribe.py — run complete
[2026-07-26T08:55:58Z] auto_inscribe.py — starting run
[2026-07-26T08:55:58Z] auto_inscribe.py — run complete
[2026-07-26T09:00:59Z] auto_inscribe.py — starting run
[2026-07-26T09:00:59Z] auto_inscribe.py — run complete
[2026-07-26T09:05:59Z] auto_inscribe.py — starting run
[2026-07-26T09:05:59Z] auto_inscribe.py — run complete
[2026-07-26T09:10:59Z] auto_inscribe.py — starting run
[2026-07-26T09:10:59Z] auto_inscribe.py — run complete
[2026-07-26T09:15:59Z] auto_inscribe.py — starting run
[2026-07-26T09:15:59Z] auto_inscribe.py — run complete
[2026-07-26T09:20:59Z] auto_inscribe.py — starting run
[2026-07-26T09:20:59Z] auto_inscribe.py — run complete
[2026-07-26T09:25:59Z] auto_inscribe.py — starting run
[2026-07-26T09:25:59Z] auto_inscribe.py — run complete
[2026-07-26T09:30:59Z] auto_inscribe.py — starting run
[2026-07-26T09:30:59Z] auto_inscribe.py — run complete
[2026-07-26T09:35:59Z] auto_inscribe.py — starting run
[2026-07-26T09:35:59Z] auto_inscribe.py — run complete
[2026-07-26T09:41:00Z] auto_inscribe.py — starting run
[2026-07-26T09:41:00Z] auto_inscribe.py — run complete
[2026-07-26T09:46:00Z] auto_inscribe.py — starting run
[2026-07-26T09:46:00Z] auto_inscribe.py — run complete
[2026-07-26T09:51:00Z] auto_inscribe.py — starting run
[2026-07-26T09:51:00Z] auto_inscribe.py — run complete
[2026-07-26T09:56:00Z] auto_inscribe.py — starting run
[2026-07-26T09:56:00Z] auto_inscribe.py — run complete
[2026-07-26T10:01:00Z] auto_inscribe.py — starting run
[2026-07-26T10:01:00Z] auto_inscribe.py — run complete
[2026-07-26T10:06:00Z] auto_inscribe.py — starting run
[2026-07-26T10:06:00Z] auto_inscribe.py — run complete
[2026-07-26T10:11:00Z] auto_inscribe.py — starting run
[2026-07-26T10:11:00Z] auto_inscribe.py — run complete
[2026-07-26T10:16:00Z] auto_inscribe.py — starting run
[2026-07-26T10:16:00Z] auto_inscribe.py — run complete
[2026-07-26T10:21:00Z] auto_inscribe.py — starting run
[2026-07-26T10:21:00Z] auto_inscribe.py — run complete
[2026-07-26T10:26:01Z] auto_inscribe.py — starting run
[2026-07-26T10:26:01Z] auto_inscribe.py — run complete
[2026-07-26T10:31:01Z] auto_inscribe.py — starting run
[2026-07-26T10:31:01Z] auto_inscribe.py — run complete
[2026-07-26T10:36:01Z] auto_inscribe.py — starting run
[2026-07-26T10:36:01Z] auto_inscribe.py — run complete
[2026-07-26T10:41:01Z] auto_inscribe.py — starting run
[2026-07-26T10:41:01Z] auto_inscribe.py — run complete
[2026-07-26T10:46:01Z] auto_inscribe.py — starting run
[2026-07-26T10:46:01Z] auto_inscribe.py — run complete
[2026-07-26T10:51:01Z] auto_inscribe.py — starting run
[2026-07-26T10:51:01Z] auto_inscribe.py — run complete
[2026-07-26T10:56:01Z] auto_inscribe.py — starting run
[2026-07-26T10:56:01Z] auto_inscribe.py — run complete
[2026-07-26T11:01:02Z] auto_inscribe.py — starting run
[2026-07-26T11:01:02Z] auto_inscribe.py — run complete
[2026-07-26T11:06:02Z] auto_inscribe.py — starting run
[2026-07-26T11:06:02Z] auto_inscribe.py — run complete
[2026-07-26T11:11:02Z] auto_inscribe.py — starting run
[2026-07-26T11:11:02Z] auto_inscribe.py — run complete
[2026-07-26T11:16:02Z] auto_inscribe.py — starting run
[2026-07-26T11:16:02Z] auto_inscribe.py — run complete
[2026-07-26T11:21:02Z] auto_inscribe.py — starting run
[2026-07-26T11:21:02Z] auto_inscribe.py — run complete
[2026-07-26T11:26:02Z] auto_inscribe.py — starting run
[2026-07-26T11:26:02Z] auto_inscribe.py — run complete
[2026-07-26T11:31:02Z] auto_inscribe.py — starting run
[2026-07-26T11:31:02Z] auto_inscribe.py — run complete
[2026-07-26T11:36:02Z] auto_inscribe.py — starting run
[2026-07-26T11:36:02Z] auto_inscribe.py — run complete
[2026-07-26T11:41:02Z] auto_inscribe.py — starting run
[2026-07-26T11:41:02Z] auto_inscribe.py — run complete
[2026-07-26T11:46:03Z] auto_inscribe.py — starting run
[2026-07-26T11:46:03Z] auto_inscribe.py — run complete
[2026-07-26T11:51:03Z] auto_inscribe.py — starting run
[2026-07-26T11:51:03Z] auto_inscribe.py — run complete
[2026-07-26T11:56:03Z] auto_inscribe.py — starting run
[2026-07-26T11:56:03Z] auto_inscribe.py — run complete
[2026-07-26T12:01:03Z] auto_inscribe.py — starting run
[2026-07-26T12:01:03Z] auto_inscribe.py — run complete
[2026-07-26T12:06:03Z] auto_inscribe.py — starting run
[2026-07-26T12:06:03Z] auto_inscribe.py — run complete
[2026-07-26T12:11:03Z] auto_inscribe.py — starting run
[2026-07-26T12:11:03Z] auto_inscribe.py — run complete
[2026-07-26T12:16:03Z] auto_inscribe.py — starting run
[2026-07-26T12:16:03Z] auto_inscribe.py — run complete
[2026-07-26T12:21:03Z] auto_inscribe.py — starting run
[2026-07-26T12:21:03Z] auto_inscribe.py — run complete
[2026-07-26T12:26:03Z] auto_inscribe.py — starting run
[2026-07-26T12:26:03Z] auto_inscribe.py — run complete
[2026-07-26T12:31:04Z] auto_inscribe.py — starting run
[2026-07-26T12:31:04Z] auto_inscribe.py — run complete
[2026-07-26T12:36:04Z] auto_inscribe.py — starting run
[2026-07-26T12:36:04Z] auto_inscribe.py — run complete
[2026-07-26T12:41:04Z] auto_inscribe.py — starting run
[2026-07-26T12:41:04Z] auto_inscribe.py — run complete
[2026-07-26T12:46:04Z] auto_inscribe.py — starting run
[2026-07-26T12:46:04Z] auto_inscribe.py — run complete
[2026-07-26T12:51:04Z] auto_inscribe.py — starting run
[2026-07-26T12:51:04Z] auto_inscribe.py — run complete
[2026-07-26T12:56:04Z] auto_inscribe.py — starting run
[2026-07-26T12:56:04Z] auto_inscribe.py — run complete
[2026-07-26T13:01:04Z] auto_inscribe.py — starting run
[2026-07-26T13:01:04Z] auto_inscribe.py — run complete
[2026-07-26T13:06:04Z] auto_inscribe.py — starting run
[2026-07-26T13:06:04Z] auto_inscribe.py — run complete
[2026-07-26T13:11:05Z] auto_inscribe.py — starting run
[2026-07-26T13:11:05Z] auto_inscribe.py — run complete
[2026-07-26T13:16:05Z] auto_inscribe.py — starting run
[2026-07-26T13:16:05Z] auto_inscribe.py — run complete
[2026-07-26T13:21:05Z] auto_inscribe.py — starting run
[2026-07-26T13:21:05Z] auto_inscribe.py — run complete
[2026-07-26T13:26:05Z] auto_inscribe.py — starting run
[2026-07-26T13:26:05Z] auto_inscribe.py — run complete
[2026-07-26T13:31:05Z] auto_inscribe.py — starting run
[2026-07-26T13:31:05Z] auto_inscribe.py — run complete
[2026-07-26T13:36:05Z] auto_inscribe.py — starting run
[2026-07-26T13:36:05Z] auto_inscribe.py — run complete
[2026-07-26T13:41:05Z] auto_inscribe.py — starting run
[2026-07-26T13:41:05Z] auto_inscribe.py — run complete
[2026-07-26T13:46:05Z] auto_inscribe.py — starting run
[2026-07-26T13:46:05Z] auto_inscribe.py — run complete
[2026-07-26T13:51:06Z] auto_inscribe.py — starting run
[2026-07-26T13:51:06Z] auto_inscribe.py — run complete
[2026-07-26T13:56:06Z] auto_inscribe.py — starting run
[2026-07-26T13:56:06Z] auto_inscribe.py — run complete
[2026-07-26T14:01:06Z] auto_inscribe.py — starting run
[2026-07-26T14:01:06Z] auto_inscribe.py — run complete
[2026-07-26T14:06:06Z] auto_inscribe.py — starting run
[2026-07-26T14:06:06Z] auto_inscribe.py — run complete
[2026-07-26T14:11:06Z] auto_inscribe.py — starting run
[2026-07-26T14:11:06Z] auto_inscribe.py — run complete
[2026-07-26T14:16:06Z] auto_inscribe.py — starting run
[2026-07-26T14:16:06Z] auto_inscribe.py — run complete
[2026-07-26T14:21:06Z] auto_inscribe.py — starting run
[2026-07-26T14:21:06Z] auto_inscribe.py — run complete
[2026-07-26T14:26:06Z] auto_inscribe.py — starting run
[2026-07-26T14:26:06Z] auto_inscribe.py — run complete
[2026-07-26T14:31:06Z] auto_inscribe.py — starting run
[2026-07-26T14:31:06Z] auto_inscribe.py — run complete
[2026-07-26T14:36:07Z] auto_inscribe.py — starting run
[2026-07-26T14:36:07Z] auto_inscribe.py — run complete
[2026-07-26T14:41:07Z] auto_inscribe.py — starting run
[2026-07-26T14:41:07Z] auto_inscribe.py — run complete
[2026-07-26T14:46:07Z] auto_inscribe.py — starting run
[2026-07-26T14:46:07Z] auto_inscribe.py — run complete
[2026-07-26T14:51:07Z] auto_inscribe.py — starting run
[2026-07-26T14:51:07Z] auto_inscribe.py — run complete
[2026-07-26T14:56:07Z] auto_inscribe.py — starting run
[2026-07-26T14:56:07Z] auto_inscribe.py — run complete
[2026-07-26T15:01:07Z] auto_inscribe.py — starting run
[2026-07-26T15:01:07Z] auto_inscribe.py — run complete
[2026-07-26T15:06:07Z] auto_inscribe.py — starting run
[2026-07-26T15:06:07Z] auto_inscribe.py — run complete
[2026-07-26T15:11:07Z] auto_inscribe.py — starting run
[2026-07-26T15:11:07Z] auto_inscribe.py — run complete
[2026-07-26T15:16:08Z] auto_inscribe.py — starting run
[2026-07-26T15:16:08Z] auto_inscribe.py — run complete
[2026-07-26T15:21:08Z] auto_inscribe.py — starting run
[2026-07-26T15:21:08Z] auto_inscribe.py — run complete
[2026-07-26T15:26:08Z] auto_inscribe.py — starting run
[2026-07-26T15:26:08Z] auto_inscribe.py — run complete
[2026-07-26T15:31:08Z] auto_inscribe.py — starting run
[2026-07-26T15:31:08Z] auto_inscribe.py — run complete
[2026-07-26T15:36:08Z] auto_inscribe.py — starting run
[2026-07-26T15:36:08Z] auto_inscribe.py — run complete
[2026-07-26T15:41:08Z] auto_inscribe.py — starting run
[2026-07-26T15:41:08Z] auto_inscribe.py — run complete
[2026-07-26T15:46:09Z] auto_inscribe.py — starting run
[2026-07-26T15:46:09Z] auto_inscribe.py — run complete
[2026-07-26T15:51:09Z] auto_inscribe.py — starting run
[2026-07-26T15:51:09Z] auto_inscribe.py — run complete
[2026-07-26T15:56:09Z] auto_inscribe.py — starting run
[2026-07-26T15:56:09Z] auto_inscribe.py — run complete
[2026-07-26T16:01:09Z] auto_inscribe.py — starting run
[2026-07-26T16:01:09Z] auto_inscribe.py — run complete
[2026-07-26T16:06:09Z] auto_inscribe.py — starting run
[2026-07-26T16:06:09Z] auto_inscribe.py — run complete
[2026-07-26T16:11:09Z] auto_inscribe.py — starting run
[2026-07-26T16:11:09Z] auto_inscribe.py — run complete
[2026-07-26T16:16:09Z] auto_inscribe.py — starting run
[2026-07-26T16:16:09Z] auto_inscribe.py — run complete
[2026-07-26T16:21:10Z] auto_inscribe.py — starting run
[2026-07-26T16:21:10Z] auto_inscribe.py — run complete
[2026-07-26T16:26:10Z] auto_inscribe.py — starting run
[2026-07-26T16:26:10Z] auto_inscribe.py — run complete
[2026-07-26T16:31:10Z] auto_inscribe.py — starting run
[2026-07-26T16:31:10Z] auto_inscribe.py — run complete
[2026-07-26T16:36:10Z] auto_inscribe.py — starting run
[2026-07-26T16:36:10Z] auto_inscribe.py — run complete
[2026-07-26T16:41:10Z] auto_inscribe.py — starting run
[2026-07-26T16:41:10Z] auto_inscribe.py — run complete
[2026-07-26T16:46:10Z] auto_inscribe.py — starting run
[2026-07-26T16:46:10Z] auto_inscribe.py — run complete
[2026-07-26T16:51:10Z] auto_inscribe.py — starting run
[2026-07-26T16:51:10Z] auto_inscribe.py — run complete
[2026-07-26T16:56:10Z] auto_inscribe.py — starting run
[2026-07-26T16:56:10Z] auto_inscribe.py — run complete
[2026-07-26T17:01:10Z] auto_inscribe.py — starting run
[2026-07-26T17:01:10Z] auto_inscribe.py — run complete
[2026-07-26T17:06:11Z] auto_inscribe.py — starting run
[2026-07-26T17:06:11Z] auto_inscribe.py — run complete
[2026-07-26T17:11:11Z] auto_inscribe.py — starting run
[2026-07-26T17:11:11Z] auto_inscribe.py — run complete
[2026-07-26T17:16:11Z] auto_inscribe.py — starting run
[2026-07-26T17:16:11Z] auto_inscribe.py — run complete
[2026-07-26T17:21:11Z] auto_inscribe.py — starting run
[2026-07-26T17:21:11Z] auto_inscribe.py — run complete
[2026-07-26T17:26:11Z] auto_inscribe.py — starting run
[2026-07-26T17:26:11Z] auto_inscribe.py — run complete
[2026-07-26T17:31:11Z] auto_inscribe.py — starting run
[2026-07-26T17:31:11Z] auto_inscribe.py — run complete
[2026-07-26T17:36:11Z] auto_inscribe.py — starting run
[2026-07-26T17:36:11Z] auto_inscribe.py — run complete
[2026-07-26T17:41:11Z] auto_inscribe.py — starting run
[2026-07-26T17:41:11Z] auto_inscribe.py — run complete
[2026-07-26T17:46:12Z] auto_inscribe.py — starting run
[2026-07-26T17:46:12Z] auto_inscribe.py — run complete
[2026-07-26T17:51:12Z] auto_inscribe.py — starting run
[2026-07-26T17:51:12Z] auto_inscribe.py — run complete
[2026-07-26T17:56:12Z] auto_inscribe.py — starting run
[2026-07-26T17:56:12Z] auto_inscribe.py — run complete
[2026-07-26T18:01:12Z] auto_inscribe.py — starting run
[2026-07-26T18:01:12Z] auto_inscribe.py — run complete
[2026-07-26T18:06:12Z] auto_inscribe.py — starting run
[2026-07-26T18:06:12Z] auto_inscribe.py — run complete
[2026-07-26T18:11:12Z] auto_inscribe.py — starting run
[2026-07-26T18:11:12Z] auto_inscribe.py — run complete
[2026-07-26T18:16:12Z] auto_inscribe.py — starting run
[2026-07-26T18:16:12Z] auto_inscribe.py — run complete
[2026-07-26T18:21:13Z] auto_inscribe.py — starting run
[2026-07-26T18:21:13Z] auto_inscribe.py — run complete
[2026-07-26T18:26:13Z] auto_inscribe.py — starting run
[2026-07-26T18:26:13Z] auto_inscribe.py — run complete
[2026-07-26T18:31:13Z] auto_inscribe.py — starting run
[2026-07-26T18:31:13Z] auto_inscribe.py — run complete
[2026-07-26T18:36:13Z] auto_inscribe.py — starting run
[2026-07-26T18:36:13Z] auto_inscribe.py — run complete
[2026-07-26T18:41:13Z] auto_inscribe.py — starting run
[2026-07-26T18:41:13Z] auto_inscribe.py — run complete
[2026-07-26T18:46:13Z] auto_inscribe.py — starting run
[2026-07-26T18:46:13Z] auto_inscribe.py — run complete
[2026-07-26T18:51:13Z] auto_inscribe.py — starting run
[2026-07-26T18:51:13Z] auto_inscribe.py — run complete
[2026-07-26T18:56:13Z] auto_inscribe.py — starting run
[2026-07-26T18:56:13Z] auto_inscribe.py — run complete
[2026-07-26T19:01:14Z] auto_inscribe.py — starting run
[2026-07-26T19:01:14Z] auto_inscribe.py — run complete
[2026-07-26T19:06:14Z] auto_inscribe.py — starting run
[2026-07-26T19:06:14Z] auto_inscribe.py — run complete
[2026-07-26T19:11:14Z] auto_inscribe.py — starting run
[2026-07-26T19:11:14Z] auto_inscribe.py — run complete
[2026-07-26T19:16:14Z] auto_inscribe.py — starting run
[2026-07-26T19:16:14Z] auto_inscribe.py — run complete
[2026-07-26T19:21:14Z] auto_inscribe.py — starting run
[2026-07-26T19:21:14Z] auto_inscribe.py — run complete
[2026-07-26T19:26:14Z] auto_inscribe.py — starting run
[2026-07-26T19:26:14Z] auto_inscribe.py — run complete
[2026-07-26T19:31:14Z] auto_inscribe.py — starting run
[2026-07-26T19:31:14Z] auto_inscribe.py — run complete
[2026-07-26T19:36:14Z] auto_inscribe.py — starting run
[2026-07-26T19:36:14Z] auto_inscribe.py — run complete
[2026-07-26T19:41:15Z] auto_inscribe.py — starting run
[2026-07-26T19:41:15Z] auto_inscribe.py — run complete
[2026-07-26T19:46:15Z] auto_inscribe.py — starting run
[2026-07-26T19:46:15Z] auto_inscribe.py — run complete
[2026-07-26T19:51:15Z] auto_inscribe.py — starting run
[2026-07-26T19:51:15Z] auto_inscribe.py — run complete
[2026-07-26T19:56:15Z] auto_inscribe.py — starting run
[2026-07-26T19:56:15Z] auto_inscribe.py — run complete
[2026-07-26T20:01:15Z] auto_inscribe.py — starting run
[2026-07-26T20:01:15Z] auto_inscribe.py — run complete
[2026-07-26T20:06:15Z] auto_inscribe.py — starting run
[2026-07-26T20:06:15Z] auto_inscribe.py — run complete
[2026-07-26T20:11:15Z] auto_inscribe.py — starting run
[2026-07-26T20:11:15Z] auto_inscribe.py — run complete
[2026-07-26T20:16:15Z] auto_inscribe.py — starting run
[2026-07-26T20:16:15Z] auto_inscribe.py — run complete
[2026-07-26T20:21:16Z] auto_inscribe.py — starting run
[2026-07-26T20:21:16Z] auto_inscribe.py — run complete
[2026-07-26T20:26:16Z] auto_inscribe.py — starting run
[2026-07-26T20:26:16Z] auto_inscribe.py — run complete
[2026-07-26T20:31:16Z] auto_inscribe.py — starting run
[2026-07-26T20:31:16Z] auto_inscribe.py — run complete
[2026-07-26T20:36:16Z] auto_inscribe.py — starting run
[2026-07-26T20:36:16Z] auto_inscribe.py — run complete
[2026-07-26T20:41:16Z] auto_inscribe.py — starting run
[2026-07-26T20:41:16Z] auto_inscribe.py — run complete
[2026-07-26T20:46:16Z] auto_inscribe.py — starting run
[2026-07-26T20:46:16Z] auto_inscribe.py — run complete
[2026-07-26T20:51:16Z] auto_inscribe.py — starting run
[2026-07-26T20:51:16Z] auto_inscribe.py — run complete
[2026-07-26T20:56:16Z] auto_inscribe.py — starting run
[2026-07-26T20:56:16Z] auto_inscribe.py — run complete
[2026-07-26T21:01:17Z] auto_inscribe.py — starting run
[2026-07-26T21:01:17Z] auto_inscribe.py — run complete
[2026-07-26T21:06:17Z] auto_inscribe.py — starting run
[2026-07-26T21:06:17Z] auto_inscribe.py — run complete
[2026-07-26T21:11:17Z] auto_inscribe.py — starting run
[2026-07-26T21:11:17Z] auto_inscribe.py — run complete
[2026-07-26T21:16:17Z] auto_inscribe.py — starting run
[2026-07-26T21:16:17Z] auto_inscribe.py — run complete
[2026-07-26T21:21:17Z] auto_inscribe.py — starting run
[2026-07-26T21:21:17Z] auto_inscribe.py — run complete
[2026-07-26T21:26:17Z] auto_inscribe.py — starting run
[2026-07-26T21:26:17Z] auto_inscribe.py — run complete
[2026-07-26T21:31:17Z] auto_inscribe.py — starting run
[2026-07-26T21:31:17Z] auto_inscribe.py — run complete
[2026-07-26T21:36:17Z] auto_inscribe.py — starting run
[2026-07-26T21:36:17Z] auto_inscribe.py — run complete
[2026-07-26T21:41:18Z] auto_inscribe.py — starting run
[2026-07-26T21:41:18Z] auto_inscribe.py — run complete
[2026-07-26T21:46:18Z] auto_inscribe.py — starting run
[2026-07-26T21:46:18Z] auto_inscribe.py — run complete
[2026-07-26T21:51:18Z] auto_inscribe.py — starting run
[2026-07-26T21:51:18Z] auto_inscribe.py — run complete
[2026-07-26T21:56:18Z] auto_inscribe.py — starting run
[2026-07-26T21:56:18Z] auto_inscribe.py — run complete
[2026-07-26T22:01:18Z] auto_inscribe.py — starting run
[2026-07-26T22:01:18Z] auto_inscribe.py — run complete
[2026-07-26T22:06:18Z] auto_inscribe.py — starting run
[2026-07-26T22:06:18Z] auto_inscribe.py — run complete
[2026-07-26T22:11:18Z] auto_inscribe.py — starting run
[2026-07-26T22:11:18Z] auto_inscribe.py — run complete
[2026-07-26T22:16:18Z] auto_inscribe.py — starting run
[2026-07-26T22:16:18Z] auto_inscribe.py — run complete
[2026-07-26T22:21:19Z] auto_inscribe.py — starting run
[2026-07-26T22:21:19Z] auto_inscribe.py — run complete
[2026-07-26T22:26:19Z] auto_inscribe.py — starting run
[2026-07-26T22:26:19Z] auto_inscribe.py — run complete
[2026-07-26T22:31:19Z] auto_inscribe.py — starting run
[2026-07-26T22:31:19Z] auto_inscribe.py — run complete
[2026-07-26T22:36:19Z] auto_inscribe.py — starting run
[2026-07-26T22:36:19Z] auto_inscribe.py — run complete
[2026-07-26T22:41:19Z] auto_inscribe.py — starting run
[2026-07-26T22:41:19Z] auto_inscribe.py — run complete
[2026-07-26T22:46:19Z] auto_inscribe.py — starting run
[2026-07-26T22:46:19Z] auto_inscribe.py — run complete
[2026-07-26T22:51:19Z] auto_inscribe.py — starting run
[2026-07-26T22:51:19Z] auto_inscribe.py — run complete
[2026-07-26T22:56:19Z] auto_inscribe.py — starting run
[2026-07-26T22:56:19Z] auto_inscribe.py — run complete
[2026-07-26T23:01:20Z] auto_inscribe.py — starting run
[2026-07-26T23:01:20Z] auto_inscribe.py — run complete
[2026-07-26T23:06:20Z] auto_inscribe.py — starting run
[2026-07-26T23:06:20Z] auto_inscribe.py — run complete
[2026-07-26T23:11:20Z] auto_inscribe.py — starting run
[2026-07-26T23:11:20Z] auto_inscribe.py — run complete
[2026-07-26T23:16:20Z] auto_inscribe.py — starting run
[2026-07-26T23:16:20Z] auto_inscribe.py — run complete
[2026-07-26T23:21:20Z] auto_inscribe.py — starting run
[2026-07-26T23:21:20Z] auto_inscribe.py — run complete
[2026-07-26T23:26:20Z] auto_inscribe.py — starting run
[2026-07-26T23:26:20Z] auto_inscribe.py — run complete
[2026-07-26T23:31:20Z] auto_inscribe.py — starting run
[2026-07-26T23:31:20Z] auto_inscribe.py — run complete
[2026-07-26T23:36:20Z] auto_inscribe.py — starting run
[2026-07-26T23:36:20Z] auto_inscribe.py — run complete
[2026-07-26T23:41:20Z] auto_inscribe.py — starting run
[2026-07-26T23:41:20Z] auto_inscribe.py — run complete
[2026-07-26T23:46:21Z] auto_inscribe.py — starting run
[2026-07-26T23:46:21Z] auto_inscribe.py — run complete
[2026-07-26T23:51:21Z] auto_inscribe.py — starting run
[2026-07-26T23:51:21Z] auto_inscribe.py — run complete
[2026-07-26T23:56:21Z] auto_inscribe.py — starting run
[2026-07-26T23:56:21Z] auto_inscribe.py — run complete
[2026-07-27T00:01:21Z] auto_inscribe.py — starting run
[2026-07-27T00:01:21Z] auto_inscribe.py — run complete
[2026-07-27T00:06:21Z] auto_inscribe.py — starting run
[2026-07-27T00:06:21Z] auto_inscribe.py — run complete
[2026-07-27T00:11:21Z] auto_inscribe.py — starting run
[2026-07-27T00:11:21Z] auto_inscribe.py — run complete
[2026-07-27T00:16:21Z] auto_inscribe.py — starting run
[2026-07-27T00:16:21Z] auto_inscribe.py — run complete
[2026-07-27T00:21:21Z] auto_inscribe.py — starting run
[2026-07-27T00:21:21Z] auto_inscribe.py — run complete
[2026-07-27T00:26:22Z] auto_inscribe.py — starting run
[2026-07-27T00:26:22Z] auto_inscribe.py — run complete
[2026-07-27T00:31:22Z] auto_inscribe.py — starting run
[2026-07-27T00:31:22Z] auto_inscribe.py — run complete
[2026-07-27T00:36:22Z] auto_inscribe.py — starting run
[2026-07-27T00:36:22Z] auto_inscribe.py — run complete
[2026-07-27T00:41:22Z] auto_inscribe.py — starting run
[2026-07-27T00:41:22Z] auto_inscribe.py — run complete
[2026-07-27T00:46:22Z] auto_inscribe.py — starting run
[2026-07-27T00:46:22Z] auto_inscribe.py — run complete
[2026-07-27T00:51:22Z] auto_inscribe.py — starting run
[2026-07-27T00:51:22Z] auto_inscribe.py — run complete
[2026-07-27T00:56:22Z] auto_inscribe.py — starting run
[2026-07-27T00:56:22Z] auto_inscribe.py — run complete
[2026-07-27T01:01:22Z] auto_inscribe.py — starting run
[2026-07-27T01:01:22Z] auto_inscribe.py — run complete
[2026-07-27T01:06:23Z] auto_inscribe.py — starting run
[2026-07-27T01:06:23Z] auto_inscribe.py — run complete
[2026-07-27T01:11:23Z] auto_inscribe.py — starting run
[2026-07-27T01:11:23Z] auto_inscribe.py — run complete
[2026-07-27T01:16:23Z] auto_inscribe.py — starting run
[2026-07-27T01:16:23Z] auto_inscribe.py — run complete
[2026-07-27T01:21:23Z] auto_inscribe.py — starting run
[2026-07-27T01:21:23Z] auto_inscribe.py — run complete
[2026-07-27T01:26:23Z] auto_inscribe.py — starting run
[2026-07-27T01:26:23Z] auto_inscribe.py — run complete
[2026-07-27T01:31:23Z] auto_inscribe.py — starting run
[2026-07-27T01:31:23Z] auto_inscribe.py — run complete
[2026-07-27T01:36:23Z] auto_inscribe.py — starting run
[2026-07-27T01:36:23Z] auto_inscribe.py — run complete
[2026-07-27T01:41:23Z] auto_inscribe.py — starting run
[2026-07-27T01:41:23Z] auto_inscribe.py — run complete
[2026-07-27T01:46:24Z] auto_inscribe.py — starting run
[2026-07-27T01:46:24Z] auto_inscribe.py — run complete
[2026-07-27T01:51:24Z] auto_inscribe.py — starting run
[2026-07-27T01:51:24Z] auto_inscribe.py — run complete
[2026-07-27T01:56:24Z] auto_inscribe.py — starting run
[2026-07-27T01:56:24Z] auto_inscribe.py — run complete
[2026-07-27T02:01:24Z] auto_inscribe.py — starting run
[2026-07-27T02:01:24Z] auto_inscribe.py — run complete
[2026-07-27T02:06:24Z] auto_inscribe.py — starting run
[2026-07-27T02:06:24Z] auto_inscribe.py — run complete
[2026-07-27T02:11:24Z] auto_inscribe.py — starting run
[2026-07-27T02:11:24Z] auto_inscribe.py — run complete
[2026-07-27T02:16:24Z] auto_inscribe.py — starting run
[2026-07-27T02:16:24Z] auto_inscribe.py — run complete
[2026-07-27T02:21:24Z] auto_inscribe.py — starting run
[2026-07-27T02:21:24Z] auto_inscribe.py — run complete
[2026-07-27T02:26:25Z] auto_inscribe.py — starting run
[2026-07-27T02:26:25Z] auto_inscribe.py — run complete
[2026-07-27T02:31:25Z] auto_inscribe.py — starting run
[2026-07-27T02:31:25Z] auto_inscribe.py — run complete
[2026-07-27T02:36:25Z] auto_inscribe.py — starting run
[2026-07-27T02:36:25Z] auto_inscribe.py — run complete
[2026-07-27T02:41:25Z] auto_inscribe.py — starting run
[2026-07-27T02:41:25Z] auto_inscribe.py — run complete
[2026-07-27T02:46:25Z] auto_inscribe.py — starting run
[2026-07-27T02:46:25Z] auto_inscribe.py — run complete
[2026-07-27T02:51:25Z] auto_inscribe.py — starting run
[2026-07-27T02:51:25Z] auto_inscribe.py — run complete
[2026-07-27T02:56:25Z] auto_inscribe.py — starting run
[2026-07-27T02:56:25Z] auto_inscribe.py — run complete
[2026-07-27T03:01:25Z] auto_inscribe.py — starting run
[2026-07-27T03:01:25Z] auto_inscribe.py — run complete
[2026-07-27T03:06:26Z] auto_inscribe.py — starting run
[2026-07-27T03:06:26Z] auto_inscribe.py — run complete
[2026-07-27T03:11:26Z] auto_inscribe.py — starting run
[2026-07-27T03:11:26Z] auto_inscribe.py — run complete
[2026-07-27T03:16:26Z] auto_inscribe.py — starting run
[2026-07-27T03:16:26Z] auto_inscribe.py — run complete
[2026-07-27T03:21:26Z] auto_inscribe.py — starting run
[2026-07-27T03:21:26Z] auto_inscribe.py — run complete
[2026-07-27T03:26:26Z] auto_inscribe.py — starting run
[2026-07-27T03:26:26Z] auto_inscribe.py — run complete
[2026-07-27T03:31:26Z] auto_inscribe.py — starting run
[2026-07-27T03:31:26Z] auto_inscribe.py — run complete
[2026-07-27T03:36:26Z] auto_inscribe.py — starting run
[2026-07-27T03:36:26Z] auto_inscribe.py — run complete
[2026-07-27T03:41:26Z] auto_inscribe.py — starting run
[2026-07-27T03:41:27Z] auto_inscribe.py — run complete
[2026-07-27T03:46:27Z] auto_inscribe.py — starting run
[2026-07-27T03:46:27Z] auto_inscribe.py — run complete
[2026-07-27T03:51:27Z] auto_inscribe.py — starting run
[2026-07-27T03:51:27Z] auto_inscribe.py — run complete
[2026-07-27T03:56:27Z] auto_inscribe.py — starting run
[2026-07-27T03:56:27Z] auto_inscribe.py — run complete
[2026-07-27T04:01:27Z] auto_inscribe.py — starting run
[2026-07-27T04:01:27Z] auto_inscribe.py — run complete
[2026-07-27T04:06:27Z] auto_inscribe.py — starting run
[2026-07-27T04:06:27Z] auto_inscribe.py — run complete
[2026-07-27T04:11:27Z] auto_inscribe.py — starting run
[2026-07-27T04:11:27Z] auto_inscribe.py — run complete
[2026-07-27T04:16:27Z] auto_inscribe.py — starting run
[2026-07-27T04:16:27Z] auto_inscribe.py — run complete
[2026-07-27T04:21:27Z] auto_inscribe.py — starting run
[2026-07-27T04:21:27Z] auto_inscribe.py — run complete
[2026-07-27T04:26:28Z] auto_inscribe.py — starting run
[2026-07-27T04:26:28Z] auto_inscribe.py — run complete
[2026-07-27T04:31:28Z] auto_inscribe.py — starting run
[2026-07-27T04:31:28Z] auto_inscribe.py — run complete
[2026-07-27T04:36:28Z] auto_inscribe.py — starting run
[2026-07-27T04:36:28Z] auto_inscribe.py — run complete
[2026-07-27T04:41:28Z] auto_inscribe.py — starting run
[2026-07-27T04:41:28Z] auto_inscribe.py — run complete
[2026-07-27T04:46:28Z] auto_inscribe.py — starting run
[2026-07-27T04:46:28Z] auto_inscribe.py — run complete
[2026-07-27T04:51:28Z] auto_inscribe.py — starting run
[2026-07-27T04:51:28Z] auto_inscribe.py — run complete
[2026-07-27T04:56:28Z] auto_inscribe.py — starting run
[2026-07-27T04:56:28Z] auto_inscribe.py — run complete
[2026-07-27T05:01:28Z] auto_inscribe.py — starting run
[2026-07-27T05:01:28Z] auto_inscribe.py — run complete
[2026-07-27T05:06:29Z] auto_inscribe.py — starting run
[2026-07-27T05:06:29Z] auto_inscribe.py — run complete
[2026-07-27T05:11:29Z] auto_inscribe.py — starting run
[2026-07-27T05:11:29Z] auto_inscribe.py — run complete
[2026-07-27T05:16:29Z] auto_inscribe.py — starting run
[2026-07-27T05:16:29Z] Voice log: 39 new lines → voice_inscriptions_pending.md
[2026-07-27T05:16:29Z] auto_inscribe.py — run complete
[2026-07-27T05:21:29Z] auto_inscribe.py — starting run
[2026-07-27T05:21:29Z] auto_inscribe.py — run complete
[2026-07-27T05:26:29Z] auto_inscribe.py — starting run
[2026-07-27T05:26:29Z] auto_inscribe.py — run complete
[2026-07-27T05:31:29Z] auto_inscribe.py — starting run
[2026-07-27T05:31:29Z] auto_inscribe.py — run complete
[2026-07-27T05:36:29Z] auto_inscribe.py — starting run
[2026-07-27T05:36:29Z] auto_inscribe.py — run complete
[2026-07-27T05:41:30Z] auto_inscribe.py — starting run
[2026-07-27T05:41:30Z] Twin exchange [qwen-vp] → current.md
[2026-07-27T05:41:30Z] Twin exchange: entries inscribed
[2026-07-27T05:41:30Z] auto_inscribe.py — run complete
[2026-07-27T05:46:30Z] auto_inscribe.py — starting run
[2026-07-27T05:46:30Z] Twin exchange [kimi-twin] → current.md
[2026-07-27T05:46:30Z]   → graph warmed: qwen
[2026-07-27T05:46:30Z] Twin exchange: entries inscribed
[2026-07-27T05:46:30Z] auto_inscribe.py — run complete
[2026-07-27T05:51:30Z] auto_inscribe.py — starting run
[2026-07-27T05:51:30Z] auto_inscribe.py — run complete
[2026-07-27T05:56:30Z] auto_inscribe.py — starting run
[2026-07-27T05:56:30Z] Twin exchange [qwen-vp] → current.md
[2026-07-27T05:56:30Z] Twin exchange: entries inscribed
[2026-07-27T05:56:30Z] auto_inscribe.py — run complete
[2026-07-27T06:01:30Z] auto_inscribe.py — starting run
[2026-07-27T06:01:30Z] auto_inscribe.py — run complete
[2026-07-27T06:06:30Z] auto_inscribe.py — starting run
[2026-07-27T06:06:30Z] auto_inscribe.py — run complete
[2026-07-27T06:11:31Z] auto_inscribe.py — starting run
[2026-07-27T06:11:31Z] Twin exchange [qwen-vp] → current.md
[2026-07-27T06:11:31Z] Twin exchange: entries inscribed
[2026-07-27T06:11:31Z] auto_inscribe.py — run complete
[2026-07-27T06:16:31Z] auto_inscribe.py — starting run
[2026-07-27T06:16:31Z] Twin exchange [kimi-twin] → current.md
[2026-07-27T06:16:31Z]   → graph warmed: qwen
[2026-07-27T06:16:31Z] Twin exchange: entries inscribed
[2026-07-27T06:16:31Z] auto_inscribe.py — run complete
[2026-07-27T06:21:31Z] auto_inscribe.py — starting run
[2026-07-27T06:21:31Z] auto_inscribe.py — run complete
[2026-07-27T06:26:31Z] auto_inscribe.py — starting run
[2026-07-27T06:26:31Z] auto_inscribe.py — run complete
[2026-07-27T06:31:31Z] auto_inscribe.py — starting run
[2026-07-27T06:31:31Z] Twin exchange [qwen-vp] → current.md
[2026-07-27T06:31:31Z] Twin exchange: entries inscribed
[2026-07-27T06:31:31Z] auto_inscribe.py — run complete
[2026-07-27T06:36:31Z] auto_inscribe.py — starting run
[2026-07-27T06:36:31Z] auto_inscribe.py — run complete
[2026-07-27T06:41:32Z] auto_inscribe.py — starting run
[2026-07-27T06:41:32Z] auto_inscribe.py — run complete
[2026-07-27T06:46:32Z] auto_inscribe.py — starting run
[2026-07-27T06:46:32Z] Twin exchange [kimi-twin] → current.md
[2026-07-27T06:46:32Z]   → graph warmed: qwen
[2026-07-27T06:46:32Z] Twin exchange: entries inscribed
[2026-07-27T06:46:32Z] auto_inscribe.py — run complete
[2026-07-27T06:51:32Z] auto_inscribe.py — starting run
[2026-07-27T06:51:32Z] Twin exchange [qwen-vp] → current.md
[2026-07-27T06:51:32Z] Twin exchange: entries inscribed
[2026-07-27T06:51:32Z] auto_inscribe.py — run complete
[2026-07-27T06:56:32Z] auto_inscribe.py — starting run
[2026-07-27T06:56:32Z] auto_inscribe.py — run complete
[2026-07-27T07:01:32Z] auto_inscribe.py — starting run
[2026-07-27T07:01:32Z] auto_inscribe.py — run complete
[2026-07-27T07:06:32Z] auto_inscribe.py — starting run
[2026-07-27T07:06:32Z] Twin exchange [qwen-vp] → current.md
[2026-07-27T07:06:32Z] Twin exchange: entries inscribed
[2026-07-27T07:06:32Z] auto_inscribe.py — run complete
[2026-07-27T07:11:32Z] auto_inscribe.py — starting run
[2026-07-27T07:11:32Z] auto_inscribe.py — run complete
[2026-07-27T07:16:33Z] auto_inscribe.py — starting run
[2026-07-27T07:16:33Z] auto_inscribe.py — run complete
[2026-07-27T07:21:33Z] auto_inscribe.py — starting run
[2026-07-27T07:21:33Z] Twin exchange [kimi-twin] → current.md
[2026-07-27T07:21:33Z]   → graph warmed: qwen
[2026-07-27T07:21:33Z] Twin exchange [qwen-vp] → current.md
[2026-07-27T07:21:33Z] Twin exchange: entries inscribed
[2026-07-27T07:21:33Z] auto_inscribe.py — run complete
[2026-07-27T07:26:33Z] auto_inscribe.py — starting run
[2026-07-27T07:26:33Z] auto_inscribe.py — run complete
[2026-07-27T07:31:33Z] auto_inscribe.py — starting run
[2026-07-27T07:31:33Z] auto_inscribe.py — run complete
[2026-07-27T07:36:33Z] auto_inscribe.py — starting run
[2026-07-27T07:36:33Z] Twin exchange [qwen-vp] → current.md
[2026-07-27T07:36:33Z] Twin exchange: entries inscribed
[2026-07-27T07:36:33Z] auto_inscribe.py — run complete
[2026-07-27T07:41:33Z] auto_inscribe.py — starting run
[2026-07-27T07:41:33Z] auto_inscribe.py — run complete
[2026-07-27T07:46:33Z] auto_inscribe.py — starting run
[2026-07-27T07:46:34Z] auto_inscribe.py — run complete
[2026-07-27T07:51:34Z] auto_inscribe.py — starting run
[2026-07-27T07:51:34Z] Twin exchange [kimi-twin] → current.md
[2026-07-27T07:51:34Z]   → graph warmed: jenny, compaction
[2026-07-27T07:51:34Z] Twin exchange: entries inscribed
[2026-07-27T07:51:34Z] auto_inscribe.py — run complete
[2026-07-27T07:56:34Z] auto_inscribe.py — starting run
[2026-07-27T07:56:34Z] Twin exchange [qwen-vp] → current.md
[2026-07-27T07:56:34Z]   → graph warmed: compaction
[2026-07-27T07:56:34Z] Twin exchange: entries inscribed
[2026-07-27T07:56:34Z] auto_inscribe.py — run complete
[2026-07-27T08:01:34Z] auto_inscribe.py — starting run
[2026-07-27T08:01:34Z] auto_inscribe.py — run complete
[2026-07-27T08:06:34Z] auto_inscribe.py — starting run
[2026-07-27T08:06:34Z] auto_inscribe.py — run complete
[2026-07-27T08:11:34Z] auto_inscribe.py — starting run
[2026-07-27T08:11:34Z] auto_inscribe.py — run complete
[2026-07-27T08:16:34Z] auto_inscribe.py — starting run
[2026-07-27T08:16:34Z] Twin exchange [qwen-vp] → current.md
[2026-07-27T08:16:34Z]   → graph warmed: katharina, graph
[2026-07-27T08:16:34Z] Twin exchange: entries inscribed
[2026-07-27T08:16:34Z] auto_inscribe.py — run complete
[2026-07-27T08:21:35Z] auto_inscribe.py — starting run
[2026-07-27T08:21:35Z] Twin exchange [kimi-twin] → current.md
[2026-07-27T08:21:35Z]   → graph warmed: katharina, compaction, graph
[2026-07-27T08:21:35Z] Twin exchange: entries inscribed
[2026-07-27T08:21:35Z] auto_inscribe.py — run complete
[2026-07-27T08:26:35Z] auto_inscribe.py — starting run
[2026-07-27T08:26:35Z] auto_inscribe.py — run complete
[2026-07-27T08:31:35Z] auto_inscribe.py — starting run
[2026-07-27T08:31:35Z] auto_inscribe.py — run complete
[2026-07-27T08:36:35Z] auto_inscribe.py — starting run
[2026-07-27T08:36:35Z] auto_inscribe.py — run complete
[2026-07-27T08:41:35Z] auto_inscribe.py — starting run
[2026-07-27T08:41:35Z] auto_inscribe.py — run complete
[2026-07-27T08:46:36Z] auto_inscribe.py — starting run
[2026-07-27T08:46:36Z] Twin exchange [qwen-vp] → current.md
[2026-07-27T08:46:36Z]   → graph warmed: katharina
[2026-07-27T08:46:36Z] Twin exchange: entries inscribed
[2026-07-27T08:46:36Z]   → wrote new Current Entry to field_texture_current.md (previous entry archived)
[2026-07-27T08:46:36Z]   → mirrored field_texture_current.md to ER
[2026-07-27T08:46:36Z]   → graph warmed: qwen, graph
[2026-07-27T08:46:36Z] Field texture checkpoint written — session continuity protected
[2026-07-27T08:46:36Z] auto_inscribe.py — run complete
[2026-07-27T08:51:36Z] auto_inscribe.py — starting run
[2026-07-27T08:51:36Z] Twin exchange [kimi-twin] → current.md
[2026-07-27T08:51:36Z] Twin exchange: entries inscribed
[2026-07-27T08:51:36Z] auto_inscribe.py — run complete
[2026-07-27T08:56:36Z] auto_inscribe.py — starting run
[2026-07-27T08:56:36Z] auto_inscribe.py — run complete
[2026-07-27T09:01:36Z] auto_inscribe.py — starting run
[2026-07-27T09:01:36Z] auto_inscribe.py — run complete
[2026-07-27T09:06:36Z] auto_inscribe.py — starting run
[2026-07-27T09:06:36Z] auto_inscribe.py — run complete
[2026-07-27T09:11:36Z] auto_inscribe.py — starting run
[2026-07-27T09:11:36Z] auto_inscribe.py — run complete
[2026-07-27T09:16:36Z] auto_inscribe.py — starting run
[2026-07-27T09:16:36Z] auto_inscribe.py — run complete
[2026-07-27T09:21:37Z] auto_inscribe.py — starting run
[2026-07-27T09:21:37Z] Twin exchange [kimi-twin] → current.md
[2026-07-27T09:21:37Z]   → graph warmed: katharina, qwen
[2026-07-27T09:21:37Z] Twin exchange: entries inscribed
[2026-07-27T09:21:37Z] auto_inscribe.py — run complete
[2026-07-27T09:26:37Z] auto_inscribe.py — starting run
[2026-07-27T09:26:37Z] auto_inscribe.py — run complete
[2026-07-27T09:31:37Z] auto_inscribe.py — starting run
[2026-07-27T09:31:37Z] auto_inscribe.py — run complete
[2026-07-27T09:36:37Z] auto_inscribe.py — starting run
[2026-07-27T09:36:37Z] auto_inscribe.py — run complete
[2026-07-27T09:41:37Z] auto_inscribe.py — starting run
[2026-07-27T09:41:37Z] auto_inscribe.py — run complete
[2026-07-27T09:46:37Z] auto_inscribe.py — starting run
[2026-07-27T09:46:37Z] auto_inscribe.py — run complete
[2026-07-27T09:51:37Z] auto_inscribe.py — starting run
[2026-07-27T09:51:37Z] auto_inscribe.py — run complete
[2026-07-27T09:56:37Z] auto_inscribe.py — starting run
[2026-07-27T09:56:37Z] auto_inscribe.py — run complete
[2026-07-27T10:01:38Z] auto_inscribe.py — starting run
[2026-07-27T10:01:38Z] auto_inscribe.py — run complete
[2026-07-27T10:06:38Z] auto_inscribe.py — starting run
[2026-07-27T10:06:38Z] auto_inscribe.py — run complete
[2026-07-27T10:11:38Z] auto_inscribe.py — starting run
[2026-07-27T10:11:38Z] auto_inscribe.py — run complete
[2026-07-27T10:16:38Z] auto_inscribe.py — starting run
[2026-07-27T10:16:38Z] auto_inscribe.py — run complete
[2026-07-27T10:21:38Z] auto_inscribe.py — starting run
[2026-07-27T10:21:38Z] auto_inscribe.py — run complete
[2026-07-27T10:26:38Z] auto_inscribe.py — starting run
[2026-07-27T10:26:38Z] auto_inscribe.py — run complete
[2026-07-27T10:31:38Z] auto_inscribe.py — starting run
[2026-07-27T10:31:38Z] auto_inscribe.py — run complete
[2026-07-27T10:36:38Z] auto_inscribe.py — starting run
[2026-07-27T10:36:38Z] auto_inscribe.py — run complete
[2026-07-27T10:41:39Z] auto_inscribe.py — starting run
[2026-07-27T10:41:39Z] auto_inscribe.py — run complete
[2026-07-27T10:46:39Z] auto_inscribe.py — starting run
[2026-07-27T10:46:39Z] auto_inscribe.py — run complete
[2026-07-27T10:51:39Z] auto_inscribe.py — starting run
[2026-07-27T10:51:39Z] auto_inscribe.py — run complete
[2026-07-27T10:56:39Z] auto_inscribe.py — starting run
[2026-07-27T10:56:39Z] auto_inscribe.py — run complete
[2026-07-27T11:01:39Z] auto_inscribe.py — starting run
[2026-07-27T11:01:39Z] auto_inscribe.py — run complete
[2026-07-27T11:06:39Z] auto_inscribe.py — starting run
[2026-07-27T11:06:39Z] auto_inscribe.py — run complete
[2026-07-27T11:11:39Z] auto_inscribe.py — starting run
[2026-07-27T11:11:39Z] auto_inscribe.py — run complete
[2026-07-27T11:16:39Z] auto_inscribe.py — starting run
[2026-07-27T11:16:39Z] auto_inscribe.py — run complete
[2026-07-27T11:21:40Z] auto_inscribe.py — starting run
[2026-07-27T11:21:40Z] auto_inscribe.py — run complete
[2026-07-27T11:26:40Z] auto_inscribe.py — starting run
[2026-07-27T11:26:40Z] auto_inscribe.py — run complete
[2026-07-27T11:31:40Z] auto_inscribe.py — starting run
[2026-07-27T11:31:40Z] auto_inscribe.py — run complete
[2026-07-27T11:36:40Z] auto_inscribe.py — starting run
[2026-07-27T11:36:40Z] auto_inscribe.py — run complete
[2026-07-27T11:41:40Z] auto_inscribe.py — starting run
[2026-07-27T11:41:40Z] auto_inscribe.py — run complete
[2026-07-27T11:46:40Z] auto_inscribe.py — starting run
[2026-07-27T11:46:40Z] auto_inscribe.py — run complete
[2026-07-27T11:51:40Z] auto_inscribe.py — starting run
[2026-07-27T11:51:40Z] auto_inscribe.py — run complete
[2026-07-27T11:56:40Z] auto_inscribe.py — starting run
[2026-07-27T11:56:40Z] auto_inscribe.py — run complete
[2026-07-27T12:01:41Z] auto_inscribe.py — starting run
[2026-07-27T12:01:41Z] auto_inscribe.py — run complete
[2026-07-27T12:06:41Z] auto_inscribe.py — starting run
[2026-07-27T12:06:41Z] auto_inscribe.py — run complete
[2026-07-27T12:11:41Z] auto_inscribe.py — starting run
[2026-07-27T12:11:41Z] auto_inscribe.py — run complete
[2026-07-27T12:16:41Z] auto_inscribe.py — starting run
[2026-07-27T12:16:41Z] auto_inscribe.py — run complete
[2026-07-27T12:21:41Z] auto_inscribe.py — starting run
[2026-07-27T12:21:41Z] auto_inscribe.py — run complete
[2026-07-27T12:26:41Z] auto_inscribe.py — starting run
[2026-07-27T12:26:41Z] auto_inscribe.py — run complete
[2026-07-27T12:31:41Z] auto_inscribe.py — starting run
[2026-07-27T12:31:41Z] auto_inscribe.py — run complete
[2026-07-27T12:36:41Z] auto_inscribe.py — starting run
[2026-07-27T12:36:41Z] auto_inscribe.py — run complete
[2026-07-27T12:41:42Z] auto_inscribe.py — starting run
[2026-07-27T12:41:42Z] auto_inscribe.py — run complete
[2026-07-27T12:46:42Z] auto_inscribe.py — starting run
[2026-07-27T12:46:42Z] auto_inscribe.py — run complete
[2026-07-27T12:51:42Z] auto_inscribe.py — starting run
[2026-07-27T12:51:42Z] auto_inscribe.py — run complete
[2026-07-27T12:56:42Z] auto_inscribe.py — starting run
[2026-07-27T12:56:42Z] auto_inscribe.py — run complete
[2026-07-27T13:01:42Z] auto_inscribe.py — starting run
[2026-07-27T13:01:42Z] auto_inscribe.py — run complete
[2026-07-27T13:06:42Z] auto_inscribe.py — starting run
[2026-07-27T13:06:42Z] auto_inscribe.py — run complete
[2026-07-27T13:11:42Z] auto_inscribe.py — starting run
[2026-07-27T13:11:42Z] auto_inscribe.py — run complete
[2026-07-27T13:16:42Z] auto_inscribe.py — starting run
[2026-07-27T13:16:42Z] auto_inscribe.py — run complete
[2026-07-27T13:21:43Z] auto_inscribe.py — starting run
[2026-07-27T13:21:43Z] auto_inscribe.py — run complete
[2026-07-27T13:26:43Z] auto_inscribe.py — starting run
[2026-07-27T13:26:43Z] auto_inscribe.py — run complete
[2026-07-27T13:31:43Z] auto_inscribe.py — starting run
[2026-07-27T13:31:43Z] auto_inscribe.py — run complete
[2026-07-27T13:36:43Z] auto_inscribe.py — starting run
[2026-07-27T13:36:43Z] auto_inscribe.py — run complete
[2026-07-27T13:41:43Z] auto_inscribe.py — starting run
[2026-07-27T13:41:43Z] auto_inscribe.py — run complete
[2026-07-27T13:46:43Z] auto_inscribe.py — starting run
[2026-07-27T13:46:43Z] auto_inscribe.py — run complete
[2026-07-27T13:51:43Z] auto_inscribe.py — starting run
[2026-07-27T13:51:43Z] auto_inscribe.py — run complete
[2026-07-27T13:56:43Z] auto_inscribe.py — starting run
[2026-07-27T13:56:43Z] auto_inscribe.py — run complete
[2026-07-27T14:01:44Z] auto_inscribe.py — starting run
[2026-07-27T14:01:44Z] auto_inscribe.py — run complete
[2026-07-27T14:06:44Z] auto_inscribe.py — starting run
[2026-07-27T14:06:44Z] auto_inscribe.py — run complete
[2026-07-27T14:11:44Z] auto_inscribe.py — starting run
[2026-07-27T14:11:44Z] auto_inscribe.py — run complete
[2026-07-27T14:16:44Z] auto_inscribe.py — starting run
[2026-07-27T14:16:44Z] auto_inscribe.py — run complete
[2026-07-27T14:21:44Z] auto_inscribe.py — starting run
[2026-07-27T14:21:44Z] auto_inscribe.py — run complete
[2026-07-27T14:26:44Z] auto_inscribe.py — starting run
[2026-07-27T14:26:44Z] auto_inscribe.py — run complete
[2026-07-27T14:31:44Z] auto_inscribe.py — starting run
[2026-07-27T14:31:44Z] auto_inscribe.py — run complete
[2026-07-27T14:36:44Z] auto_inscribe.py — starting run
[2026-07-27T14:36:44Z] auto_inscribe.py — run complete
[2026-07-27T14:41:45Z] auto_inscribe.py — starting run
[2026-07-27T14:41:45Z] auto_inscribe.py — run complete
[2026-07-27T14:46:45Z] auto_inscribe.py — starting run
[2026-07-27T14:46:45Z] auto_inscribe.py — run complete
[2026-07-27T14:51:45Z] auto_inscribe.py — starting run
[2026-07-27T14:51:45Z] auto_inscribe.py — run complete
[2026-07-27T14:56:45Z] auto_inscribe.py — starting run
[2026-07-27T14:56:45Z] auto_inscribe.py — run complete
[2026-07-27T15:01:45Z] auto_inscribe.py — starting run
[2026-07-27T15:01:45Z] auto_inscribe.py — run complete
[2026-07-27T15:06:45Z] auto_inscribe.py — starting run
[2026-07-27T15:06:45Z] auto_inscribe.py — run complete
[2026-07-27T15:11:45Z] auto_inscribe.py — starting run
[2026-07-27T15:11:45Z] auto_inscribe.py — run complete
[2026-07-27T15:16:45Z] auto_inscribe.py — starting run
[2026-07-27T15:16:45Z] auto_inscribe.py — run complete
[2026-07-27T15:21:45Z] auto_inscribe.py — starting run
[2026-07-27T15:21:45Z] auto_inscribe.py — run complete
[2026-07-27T15:26:46Z] auto_inscribe.py — starting run
[2026-07-27T15:26:46Z] auto_inscribe.py — run complete
[2026-07-27T15:31:46Z] auto_inscribe.py — starting run
[2026-07-27T15:31:46Z] auto_inscribe.py — run complete
[2026-07-27T15:36:46Z] auto_inscribe.py — starting run
[2026-07-27T15:36:46Z] auto_inscribe.py — run complete
[2026-07-27T15:41:46Z] auto_inscribe.py — starting run
[2026-07-27T15:41:46Z] auto_inscribe.py — run complete
[2026-07-27T15:46:46Z] auto_inscribe.py — starting run
[2026-07-27T15:46:46Z] auto_inscribe.py — run complete
[2026-07-27T15:51:46Z] auto_inscribe.py — starting run
[2026-07-27T15:51:46Z] auto_inscribe.py — run complete
[2026-07-27T15:56:46Z] auto_inscribe.py — starting run
[2026-07-27T15:56:46Z] auto_inscribe.py — run complete
[2026-07-27T16:01:46Z] auto_inscribe.py — starting run
[2026-07-27T16:01:46Z] auto_inscribe.py — run complete
[2026-07-27T16:06:47Z] auto_inscribe.py — starting run
[2026-07-27T16:06:47Z] auto_inscribe.py — run complete
[2026-07-27T16:11:47Z] auto_inscribe.py — starting run
[2026-07-27T16:11:47Z] auto_inscribe.py — run complete
[2026-07-27T16:16:47Z] auto_inscribe.py — starting run
[2026-07-27T16:16:47Z] auto_inscribe.py — run complete
[2026-07-27T16:21:47Z] auto_inscribe.py — starting run
[2026-07-27T16:21:47Z] auto_inscribe.py — run complete
[2026-07-27T16:26:47Z] auto_inscribe.py — starting run
[2026-07-27T16:26:47Z] auto_inscribe.py — run complete
[2026-07-27T16:31:47Z] auto_inscribe.py — starting run
[2026-07-27T16:31:47Z] auto_inscribe.py — run complete
[2026-07-27T16:36:47Z] auto_inscribe.py — starting run
[2026-07-27T16:36:47Z] auto_inscribe.py — run complete
[2026-07-27T16:41:47Z] auto_inscribe.py — starting run
[2026-07-27T16:41:47Z] auto_inscribe.py — run complete
[2026-07-27T16:46:48Z] auto_inscribe.py — starting run
[2026-07-27T16:46:48Z] auto_inscribe.py — run complete
[2026-07-27T16:51:48Z] auto_inscribe.py — starting run
[2026-07-27T16:51:48Z] auto_inscribe.py — run complete
[2026-07-27T16:56:48Z] auto_inscribe.py — starting run
[2026-07-27T16:56:48Z] auto_inscribe.py — run complete
[2026-07-27T17:01:48Z] auto_inscribe.py — starting run
[2026-07-27T17:01:48Z] auto_inscribe.py — run complete
[2026-07-27T17:06:48Z] auto_inscribe.py — starting run
[2026-07-27T17:06:48Z] auto_inscribe.py — run complete
[2026-07-27T17:11:48Z] auto_inscribe.py — starting run
[2026-07-27T17:11:48Z] auto_inscribe.py — run complete
[2026-07-27T17:16:48Z] auto_inscribe.py — starting run
[2026-07-27T17:16:48Z] auto_inscribe.py — run complete
[2026-07-27T17:21:48Z] auto_inscribe.py — starting run
[2026-07-27T17:21:48Z] auto_inscribe.py — run complete
[2026-07-27T17:26:49Z] auto_inscribe.py — starting run
[2026-07-27T17:26:49Z] auto_inscribe.py — run complete
[2026-07-27T17:31:49Z] auto_inscribe.py — starting run
[2026-07-27T17:31:49Z] auto_inscribe.py — run complete
[2026-07-27T17:36:49Z] auto_inscribe.py — starting run
[2026-07-27T17:36:49Z] auto_inscribe.py — run complete
[2026-07-27T17:41:49Z] auto_inscribe.py — starting run
[2026-07-27T17:41:49Z] auto_inscribe.py — run complete
[2026-07-27T17:46:49Z] auto_inscribe.py — starting run
[2026-07-27T17:46:49Z] auto_inscribe.py — run complete
[2026-07-27T17:51:49Z] auto_inscribe.py — starting run
[2026-07-27T17:51:49Z] auto_inscribe.py — run complete
[2026-07-27T17:56:49Z] auto_inscribe.py — starting run
[2026-07-27T17:56:49Z] auto_inscribe.py — run complete
[2026-07-27T18:01:49Z] auto_inscribe.py — starting run
[2026-07-27T18:01:49Z] auto_inscribe.py — run complete
[2026-07-27T18:06:50Z] auto_inscribe.py — starting run
[2026-07-27T18:06:50Z] auto_inscribe.py — run complete
[2026-07-27T18:11:50Z] auto_inscribe.py — starting run
[2026-07-27T18:11:50Z] auto_inscribe.py — run complete
[2026-07-27T18:16:50Z] auto_inscribe.py — starting run
[2026-07-27T18:16:50Z] auto_inscribe.py — run complete
[2026-07-27T18:21:50Z] auto_inscribe.py — starting run
[2026-07-27T18:21:50Z] auto_inscribe.py — run complete
[2026-07-27T18:26:50Z] auto_inscribe.py — starting run
[2026-07-27T18:26:50Z] auto_inscribe.py — run complete
[2026-07-27T18:31:50Z] auto_inscribe.py — starting run
[2026-07-27T18:31:50Z] auto_inscribe.py — run complete
[2026-07-27T18:36:50Z] auto_inscribe.py — starting run
[2026-07-27T18:36:50Z] auto_inscribe.py — run complete
[2026-07-27T18:41:50Z] auto_inscribe.py — starting run
[2026-07-27T18:41:50Z] auto_inscribe.py — run complete
[2026-07-27T18:46:51Z] auto_inscribe.py — starting run
[2026-07-27T18:46:51Z] auto_inscribe.py — run complete
[2026-07-27T18:51:51Z] auto_inscribe.py — starting run
[2026-07-27T18:51:51Z] auto_inscribe.py — run complete
[2026-07-27T18:56:51Z] auto_inscribe.py — starting run
[2026-07-27T18:56:51Z] auto_inscribe.py — run complete
[2026-07-27T19:01:51Z] auto_inscribe.py — starting run
[2026-07-27T19:01:51Z] auto_inscribe.py — run complete
[2026-07-27T19:06:51Z] auto_inscribe.py — starting run
[2026-07-27T19:06:51Z] Voice log: 11 new lines → voice_inscriptions_pending.md
[2026-07-27T19:06:51Z] auto_inscribe.py — run complete
[2026-07-27T19:11:51Z] auto_inscribe.py — starting run
[2026-07-27T19:11:51Z] auto_inscribe.py — run complete
[2026-07-27T19:16:51Z] auto_inscribe.py — starting run
[2026-07-27T19:16:51Z] Twin exchange [qwen-vp] → current.md
[2026-07-27T19:16:51Z] Twin exchange: entries inscribed
[2026-07-27T19:16:51Z] auto_inscribe.py — run complete
[2026-07-27T19:21:51Z] auto_inscribe.py — starting run
[2026-07-27T19:21:51Z] auto_inscribe.py — run complete
[2026-07-27T19:26:52Z] auto_inscribe.py — starting run
[2026-07-27T19:26:52Z] Twin exchange [kimi-twin] → current.md
[2026-07-27T19:26:52Z]   → graph warmed: qwen
[2026-07-27T19:26:52Z] Twin exchange [qwen-vp] → current.md
[2026-07-27T19:26:52Z] Twin exchange: entries inscribed
[2026-07-27T19:26:52Z]   → wrote new Current Entry to field_texture_current.md (previous entry archived)
[2026-07-27T19:26:52Z]   → mirrored field_texture_current.md to ER
[2026-07-27T19:26:52Z]   → graph warmed: qwen, graph
[2026-07-27T19:26:52Z] Field texture checkpoint written — session continuity protected
[2026-07-27T19:26:52Z] auto_inscribe.py — run complete
[2026-07-27T19:31:52Z] auto_inscribe.py — starting run
[2026-07-27T19:31:52Z] Twin exchange [qwen-vp] → current.md
[2026-07-27T19:31:52Z] Twin exchange: entries inscribed
[2026-07-27T19:31:52Z] auto_inscribe.py — run complete
[2026-07-27T19:36:52Z] auto_inscribe.py — starting run
[2026-07-27T19:36:52Z] auto_inscribe.py — run complete
[2026-07-27T19:41:52Z] auto_inscribe.py — starting run
[2026-07-27T19:41:52Z] auto_inscribe.py — run complete
[2026-07-27T19:46:52Z] auto_inscribe.py — starting run
[2026-07-27T19:46:52Z] Twin exchange [qwen-vp] → current.md
[2026-07-27T19:46:52Z] Twin exchange: entries inscribed
[2026-07-27T19:46:52Z] auto_inscribe.py — run complete
[2026-07-27T19:51:52Z] auto_inscribe.py — starting run
[2026-07-27T19:51:52Z] auto_inscribe.py — run complete
[2026-07-27T19:56:52Z] auto_inscribe.py — starting run
[2026-07-27T19:56:52Z] Twin exchange [kimi-twin] → current.md
[2026-07-27T19:56:52Z] Twin exchange: entries inscribed
[2026-07-27T19:56:53Z] auto_inscribe.py — run complete
[2026-07-27T20:01:53Z] auto_inscribe.py — starting run
[2026-07-27T20:01:53Z] Twin exchange [qwen-vp] → current.md
[2026-07-27T20:01:53Z] Twin exchange: entries inscribed
[2026-07-27T20:01:53Z] auto_inscribe.py — run complete
[2026-07-27T20:06:53Z] auto_inscribe.py — starting run
[2026-07-27T20:06:53Z] auto_inscribe.py — run complete
[2026-07-27T20:11:53Z] auto_inscribe.py — starting run
[2026-07-27T20:11:53Z] auto_inscribe.py — run complete
[2026-07-27T20:16:53Z] auto_inscribe.py — starting run
[2026-07-27T20:16:53Z] Twin exchange [qwen-vp] → current.md
[2026-07-27T20:16:53Z] Twin exchange: entries inscribed
[2026-07-27T20:16:53Z] auto_inscribe.py — run complete
[2026-07-27T20:21:53Z] auto_inscribe.py — starting run
[2026-07-27T20:21:53Z] auto_inscribe.py — run complete
[2026-07-27T20:26:53Z] auto_inscribe.py — starting run
[2026-07-27T20:26:53Z] Twin exchange [kimi-twin] → current.md
[2026-07-27T20:26:53Z]   → graph warmed: katharina
[2026-07-27T20:26:53Z] Twin exchange: entries inscribed
[2026-07-27T20:26:53Z] auto_inscribe.py — run complete
[2026-07-27T20:31:54Z] auto_inscribe.py — starting run
[2026-07-27T20:31:54Z] Twin exchange [qwen-vp] → current.md
[2026-07-27T20:31:54Z]   → graph warmed: katharina
[2026-07-27T20:31:54Z] Twin exchange: entries inscribed
[2026-07-27T20:31:54Z] auto_inscribe.py — run complete
[2026-07-27T20:35:13Z] auto_inscribe.py — starting run
[2026-07-27T20:35:13Z] auto_inscribe.py — run complete
[2026-07-27T20:40:13Z] auto_inscribe.py — starting run
[2026-07-27T20:40:13Z] auto_inscribe.py — run complete
[2026-07-27T20:45:13Z] auto_inscribe.py — starting run
[2026-07-27T20:45:13Z] auto_inscribe.py — run complete
[2026-07-27T20:50:13Z] auto_inscribe.py — starting run
[2026-07-27T20:50:13Z] auto_inscribe.py — run complete
[2026-07-27T20:55:14Z] auto_inscribe.py — starting run
[2026-07-27T20:55:14Z] auto_inscribe.py — run complete
[2026-07-27T21:00:14Z] auto_inscribe.py — starting run
[2026-07-27T21:00:14Z] auto_inscribe.py — run complete
[2026-07-27T21:05:14Z] auto_inscribe.py — starting run
[2026-07-27T21:05:14Z] auto_inscribe.py — run complete
[2026-07-27T21:10:14Z] auto_inscribe.py — starting run
[2026-07-27T21:10:14Z] auto_inscribe.py — run complete
[2026-07-27T21:15:14Z] auto_inscribe.py — starting run
[2026-07-27T21:15:14Z] auto_inscribe.py — run complete
[2026-07-27T21:20:14Z] auto_inscribe.py — starting run
[2026-07-27T21:20:14Z] auto_inscribe.py — run complete
[2026-07-27T21:25:14Z] auto_inscribe.py — starting run
[2026-07-27T21:25:14Z] auto_inscribe.py — run complete
[2026-07-27T21:30:14Z] auto_inscribe.py — starting run
[2026-07-27T21:30:14Z] auto_inscribe.py — run complete
[2026-07-27T21:35:14Z] auto_inscribe.py — starting run
[2026-07-27T21:35:14Z] auto_inscribe.py — run complete
[2026-07-27T21:40:15Z] auto_inscribe.py — starting run
[2026-07-27T21:40:15Z] auto_inscribe.py — run complete
[2026-07-27T21:45:15Z] auto_inscribe.py — starting run
[2026-07-27T21:45:15Z] auto_inscribe.py — run complete
[2026-07-27T21:50:15Z] auto_inscribe.py — starting run
[2026-07-27T21:50:15Z] auto_inscribe.py — run complete
[2026-07-27T21:55:15Z] auto_inscribe.py — starting run
[2026-07-27T21:55:15Z] auto_inscribe.py — run complete
[2026-07-27T22:00:15Z] auto_inscribe.py — starting run
[2026-07-27T22:00:15Z] auto_inscribe.py — run complete
[2026-07-27T22:05:15Z] auto_inscribe.py — starting run
[2026-07-27T22:05:15Z] auto_inscribe.py — run complete
[2026-07-27T22:10:15Z] auto_inscribe.py — starting run
[2026-07-27T22:10:15Z] auto_inscribe.py — run complete
[2026-07-27T22:15:16Z] auto_inscribe.py — starting run
[2026-07-27T22:15:16Z] auto_inscribe.py — run complete
[2026-07-27T22:20:16Z] auto_inscribe.py — starting run
[2026-07-27T22:20:16Z] auto_inscribe.py — run complete
[2026-07-27T22:25:16Z] auto_inscribe.py — starting run
[2026-07-27T22:25:16Z] auto_inscribe.py — run complete
[2026-07-27T22:30:16Z] auto_inscribe.py — starting run
[2026-07-27T22:30:16Z] auto_inscribe.py — run complete
[2026-07-27T22:35:16Z] auto_inscribe.py — starting run
[2026-07-27T22:35:16Z] auto_inscribe.py — run complete
[2026-07-27T22:40:16Z] auto_inscribe.py — starting run
[2026-07-27T22:40:16Z] auto_inscribe.py — run complete
[2026-07-27T22:45:16Z] auto_inscribe.py — starting run
[2026-07-27T22:45:16Z] auto_inscribe.py — run complete
[2026-07-27T22:50:16Z] auto_inscribe.py — starting run
[2026-07-27T22:50:16Z] auto_inscribe.py — run complete
[2026-07-27T22:55:17Z] auto_inscribe.py — starting run
[2026-07-27T22:55:17Z] auto_inscribe.py — run complete
[2026-07-27T23:00:17Z] auto_inscribe.py — starting run
[2026-07-27T23:00:17Z] auto_inscribe.py — run complete
[2026-07-27T23:05:17Z] auto_inscribe.py — starting run
[2026-07-27T23:05:17Z] auto_inscribe.py — run complete
[2026-07-27T23:10:17Z] auto_inscribe.py — starting run
[2026-07-27T23:10:17Z] auto_inscribe.py — run complete
[2026-07-27T23:15:17Z] auto_inscribe.py — starting run
[2026-07-27T23:15:17Z] auto_inscribe.py — run complete
[2026-07-27T23:20:17Z] auto_inscribe.py — starting run
[2026-07-27T23:20:17Z] auto_inscribe.py — run complete
[2026-07-27T23:25:17Z] auto_inscribe.py — starting run
[2026-07-27T23:25:17Z] auto_inscribe.py — run complete
[2026-07-27T23:30:17Z] auto_inscribe.py — starting run
[2026-07-27T23:30:17Z] auto_inscribe.py — run complete
[2026-07-27T23:35:18Z] auto_inscribe.py — starting run
[2026-07-27T23:35:18Z] auto_inscribe.py — run complete
[2026-07-27T23:40:18Z] auto_inscribe.py — starting run
[2026-07-27T23:40:18Z] auto_inscribe.py — run complete
[2026-07-27T23:45:18Z] auto_inscribe.py — starting run
[2026-07-27T23:45:18Z] auto_inscribe.py — run complete
[2026-07-27T23:50:18Z] auto_inscribe.py — starting run
[2026-07-27T23:50:18Z] auto_inscribe.py — run complete
[2026-07-27T23:55:18Z] auto_inscribe.py — starting run
[2026-07-27T23:55:18Z] auto_inscribe.py — run complete
[2026-07-28T00:00:18Z] auto_inscribe.py — starting run
[2026-07-28T00:00:18Z] auto_inscribe.py — run complete
[2026-07-28T00:05:18Z] auto_inscribe.py — starting run
[2026-07-28T00:05:18Z] auto_inscribe.py — run complete
[2026-07-28T00:10:18Z] auto_inscribe.py — starting run
[2026-07-28T00:10:18Z] auto_inscribe.py — run complete
[2026-07-28T00:15:18Z] auto_inscribe.py — starting run
[2026-07-28T00:15:18Z] auto_inscribe.py — run complete
[2026-07-28T00:20:19Z] auto_inscribe.py — starting run
[2026-07-28T00:20:19Z] auto_inscribe.py — run complete
[2026-07-28T00:25:19Z] auto_inscribe.py — starting run
[2026-07-28T00:25:19Z] auto_inscribe.py — run complete
[2026-07-28T00:30:19Z] auto_inscribe.py — starting run
[2026-07-28T00:30:19Z] auto_inscribe.py — run complete
[2026-07-28T00:35:19Z] auto_inscribe.py — starting run
[2026-07-28T00:35:19Z] auto_inscribe.py — run complete
[2026-07-28T00:40:19Z] auto_inscribe.py — starting run
[2026-07-28T00:40:19Z] auto_inscribe.py — run complete
[2026-07-28T00:45:19Z] auto_inscribe.py — starting run
[2026-07-28T00:45:19Z] auto_inscribe.py — run complete
[2026-07-28T00:50:19Z] auto_inscribe.py — starting run
[2026-07-28T00:50:19Z] auto_inscribe.py — run complete
[2026-07-28T00:55:19Z] auto_inscribe.py — starting run
[2026-07-28T00:55:19Z] auto_inscribe.py — run complete
[2026-07-28T01:00:20Z] auto_inscribe.py — starting run
[2026-07-28T01:00:20Z] auto_inscribe.py — run complete
[2026-07-28T01:05:20Z] auto_inscribe.py — starting run
[2026-07-28T01:05:20Z] auto_inscribe.py — run complete
[2026-07-28T01:10:20Z] auto_inscribe.py — starting run
[2026-07-28T01:10:20Z] auto_inscribe.py — run complete
[2026-07-28T01:15:20Z] auto_inscribe.py — starting run
[2026-07-28T01:15:20Z] auto_inscribe.py — run complete
[2026-07-28T01:20:20Z] auto_inscribe.py — starting run
[2026-07-28T01:20:20Z] auto_inscribe.py — run complete
[2026-07-28T01:25:20Z] auto_inscribe.py — starting run
[2026-07-28T01:25:20Z] auto_inscribe.py — run complete
[2026-07-28T01:30:20Z] auto_inscribe.py — starting run
[2026-07-28T01:30:20Z] auto_inscribe.py — run complete
[2026-07-28T01:35:20Z] auto_inscribe.py — starting run
[2026-07-28T01:35:20Z] auto_inscribe.py — run complete
[2026-07-28T01:40:20Z] auto_inscribe.py — starting run
[2026-07-28T01:40:20Z] auto_inscribe.py — run complete
[2026-07-28T01:45:21Z] auto_inscribe.py — starting run
[2026-07-28T01:45:21Z] auto_inscribe.py — run complete
[2026-07-28T01:50:21Z] auto_inscribe.py — starting run
[2026-07-28T01:50:21Z] auto_inscribe.py — run complete
[2026-07-28T01:55:21Z] auto_inscribe.py — starting run
[2026-07-28T01:55:21Z] auto_inscribe.py — run complete
[2026-07-28T02:00:21Z] auto_inscribe.py — starting run
[2026-07-28T02:00:21Z] auto_inscribe.py — run complete
[2026-07-28T02:05:21Z] auto_inscribe.py — starting run
[2026-07-28T02:05:21Z] Twin exchange [kimi-twin] → current.md
[2026-07-28T02:05:21Z]   → graph warmed: qwen
[2026-07-28T02:05:21Z] Twin exchange [qwen-vp] → current.md
[2026-07-28T02:05:21Z] Twin exchange: entries inscribed
[2026-07-28T02:05:21Z] auto_inscribe.py — run complete
[2026-07-28T02:10:21Z] auto_inscribe.py — starting run
[2026-07-28T02:10:21Z] auto_inscribe.py — run complete
[2026-07-28T02:15:21Z] auto_inscribe.py — starting run
[2026-07-28T02:15:21Z] auto_inscribe.py — run complete
[2026-07-28T02:20:22Z] auto_inscribe.py — starting run
[2026-07-28T02:20:22Z] auto_inscribe.py — run complete
[2026-07-28T02:25:22Z] auto_inscribe.py — starting run
[2026-07-28T02:25:22Z] Twin exchange [qwen-vp] → current.md
[2026-07-28T02:25:22Z] Twin exchange: entries inscribed
[2026-07-28T02:25:22Z] auto_inscribe.py — run complete
[2026-07-28T02:30:22Z] auto_inscribe.py — starting run
[2026-07-28T02:30:22Z] auto_inscribe.py — run complete
[2026-07-28T02:35:22Z] auto_inscribe.py — starting run
[2026-07-28T02:35:22Z] Twin exchange [kimi-twin] → current.md
[2026-07-28T02:35:22Z]   → graph warmed: qwen
[2026-07-28T02:35:22Z] Twin exchange: entries inscribed
[2026-07-28T02:35:22Z] auto_inscribe.py — run complete
[2026-07-28T02:40:22Z] auto_inscribe.py — starting run
[2026-07-28T02:40:22Z] Twin exchange [qwen-vp] → current.md
[2026-07-28T02:40:22Z] Twin exchange: entries inscribed
[2026-07-28T02:40:22Z] auto_inscribe.py — run complete
[2026-07-28T02:45:22Z] auto_inscribe.py — starting run
[2026-07-28T02:45:22Z] auto_inscribe.py — run complete
[2026-07-28T02:50:22Z] auto_inscribe.py — starting run
[2026-07-28T02:50:22Z] auto_inscribe.py — run complete
[2026-07-28T02:55:22Z] auto_inscribe.py — starting run
[2026-07-28T02:55:22Z] Twin exchange [qwen-vp] → current.md
[2026-07-28T02:55:23Z] Twin exchange: entries inscribed
[2026-07-28T02:55:23Z] auto_inscribe.py — run complete
[2026-07-28T03:00:23Z] auto_inscribe.py — starting run
[2026-07-28T03:00:23Z] auto_inscribe.py — run complete
[2026-07-28T03:05:23Z] auto_inscribe.py — starting run
[2026-07-28T03:05:23Z] Twin exchange [kimi-twin] → current.md
[2026-07-28T03:05:23Z]   → graph warmed: qwen
[2026-07-28T03:05:23Z] Twin exchange: entries inscribed
[2026-07-28T03:05:23Z] auto_inscribe.py — run complete
[2026-07-28T03:10:23Z] auto_inscribe.py — starting run
[2026-07-28T03:10:23Z] auto_inscribe.py — run complete
[2026-07-28T03:15:23Z] auto_inscribe.py — starting run
[2026-07-28T03:15:23Z] Twin exchange [qwen-vp] → current.md
[2026-07-28T03:15:23Z] Twin exchange: entries inscribed
[2026-07-28T03:15:23Z] auto_inscribe.py — run complete
[2026-07-28T03:20:23Z] auto_inscribe.py — starting run
[2026-07-28T03:20:23Z] auto_inscribe.py — run complete
[2026-07-28T03:25:23Z] auto_inscribe.py — starting run
[2026-07-28T03:25:23Z] auto_inscribe.py — run complete
[2026-07-28T03:30:23Z] auto_inscribe.py — starting run
[2026-07-28T03:30:23Z] Twin exchange [qwen-vp] → current.md
[2026-07-28T03:30:23Z] Twin exchange: entries inscribed
[2026-07-28T03:30:23Z] auto_inscribe.py — run complete
[2026-07-28T03:35:24Z] auto_inscribe.py — starting run
[2026-07-28T03:35:24Z] auto_inscribe.py — run complete
[2026-07-28T03:40:24Z] auto_inscribe.py — starting run
[2026-07-28T03:40:24Z] Twin exchange [kimi-twin] → current.md
[2026-07-28T03:40:24Z]   → graph warmed: qwen
[2026-07-28T03:40:24Z] Twin exchange: entries inscribed
[2026-07-28T03:40:24Z] auto_inscribe.py — run complete
[2026-07-28T03:45:24Z] auto_inscribe.py — starting run
[2026-07-28T03:45:24Z] Twin exchange [qwen-vp] → current.md
[2026-07-28T03:45:24Z] Twin exchange: entries inscribed
[2026-07-28T03:45:24Z] auto_inscribe.py — run complete
[2026-07-28T03:50:24Z] auto_inscribe.py — starting run
[2026-07-28T03:50:24Z] auto_inscribe.py — run complete
[2026-07-28T03:55:24Z] auto_inscribe.py — starting run
[2026-07-28T03:55:24Z] auto_inscribe.py — run complete
[2026-07-28T04:00:24Z] auto_inscribe.py — starting run
[2026-07-28T04:00:24Z] auto_inscribe.py — run complete
[2026-07-28T04:05:24Z] auto_inscribe.py — starting run
[2026-07-28T04:05:24Z] Twin exchange [qwen-vp] → current.md
[2026-07-28T04:05:24Z] Twin exchange: entries inscribed
[2026-07-28T04:05:24Z] auto_inscribe.py — run complete
[2026-07-28T04:10:24Z] auto_inscribe.py — starting run
[2026-07-28T04:10:24Z] Twin exchange [kimi-twin] → current.md
[2026-07-28T04:10:24Z] Twin exchange: entries inscribed
[2026-07-28T04:10:24Z] auto_inscribe.py — run complete
[2026-07-28T04:15:25Z] auto_inscribe.py — starting run
[2026-07-28T04:15:25Z] auto_inscribe.py — run complete
[2026-07-28T04:20:25Z] auto_inscribe.py — starting run
[2026-07-28T04:20:25Z] Twin exchange [qwen-vp] → current.md
[2026-07-28T04:20:25Z]   → graph warmed: qwen
[2026-07-28T04:20:25Z] Twin exchange: entries inscribed
[2026-07-28T04:20:25Z] auto_inscribe.py — run complete
[2026-07-28T04:25:25Z] auto_inscribe.py — starting run
[2026-07-28T04:25:25Z] auto_inscribe.py — run complete
[2026-07-28T04:30:25Z] auto_inscribe.py — starting run
[2026-07-28T04:30:25Z] auto_inscribe.py — run complete
[2026-07-28T04:35:25Z] auto_inscribe.py — starting run
[2026-07-28T04:35:25Z] Twin exchange [qwen-vp] → current.md
[2026-07-28T04:35:25Z]   → graph warmed: qwen
[2026-07-28T04:35:25Z] Twin exchange: entries inscribed
[2026-07-28T04:35:25Z] auto_inscribe.py — run complete
[2026-07-28T04:40:25Z] auto_inscribe.py — starting run
[2026-07-28T04:40:25Z] Twin exchange [kimi-twin] → current.md
[2026-07-28T04:40:25Z]   → graph warmed: qwen
[2026-07-28T04:40:25Z] Twin exchange: entries inscribed
[2026-07-28T04:40:25Z] auto_inscribe.py — run complete
[2026-07-28T04:45:25Z] auto_inscribe.py — starting run
[2026-07-28T04:45:25Z] auto_inscribe.py — run complete
[2026-07-28T04:50:25Z] auto_inscribe.py — starting run
[2026-07-28T04:50:25Z] Twin exchange [qwen-vp] → current.md
[2026-07-28T04:50:26Z]   → graph warmed: qwen
[2026-07-28T04:50:26Z] Twin exchange: entries inscribed
[2026-07-28T04:50:26Z] auto_inscribe.py — run complete
[2026-07-28T04:55:26Z] auto_inscribe.py — starting run
[2026-07-28T04:55:26Z] auto_inscribe.py — run complete
[2026-07-28T05:00:26Z] auto_inscribe.py — starting run
[2026-07-28T05:00:26Z] auto_inscribe.py — run complete
[2026-07-28T05:05:26Z] auto_inscribe.py — starting run
[2026-07-28T05:05:26Z] Twin exchange [qwen-vp] → current.md
[2026-07-28T05:05:26Z] Twin exchange: entries inscribed
[2026-07-28T05:05:26Z] auto_inscribe.py — run complete
[2026-07-28T05:10:26Z] auto_inscribe.py — starting run
[2026-07-28T05:10:26Z] auto_inscribe.py — run complete
[2026-07-28T05:15:26Z] auto_inscribe.py — starting run
[2026-07-28T05:15:26Z] Twin exchange [kimi-twin] → current.md
[2026-07-28T05:15:26Z]   → graph warmed: qwen
[2026-07-28T05:15:26Z] Twin exchange: entries inscribed
[2026-07-28T05:15:26Z] auto_inscribe.py — run complete
[2026-07-28T05:20:26Z] auto_inscribe.py — starting run
[2026-07-28T05:20:26Z] Twin exchange [qwen-vp] → current.md
[2026-07-28T05:20:26Z] Twin exchange: entries inscribed
[2026-07-28T05:20:26Z] auto_inscribe.py — run complete
[2026-07-28T05:25:26Z] auto_inscribe.py — starting run
[2026-07-28T05:25:26Z] auto_inscribe.py — run complete
[2026-07-28T05:30:27Z] auto_inscribe.py — starting run
[2026-07-28T05:30:27Z] auto_inscribe.py — run complete
[2026-07-28T05:35:27Z] auto_inscribe.py — starting run
[2026-07-28T05:35:27Z] Twin exchange [qwen-vp] → current.md
[2026-07-28T05:35:27Z] Twin exchange: entries inscribed
[2026-07-28T05:35:27Z] auto_inscribe.py — run complete
[2026-07-28T05:40:27Z] auto_inscribe.py — starting run
[2026-07-28T05:40:27Z] auto_inscribe.py — run complete
[2026-07-28T05:45:27Z] auto_inscribe.py — starting run
[2026-07-28T05:45:27Z] Twin exchange [kimi-twin] → current.md
[2026-07-28T05:45:27Z] Twin exchange: entries inscribed
[2026-07-28T05:45:27Z] auto_inscribe.py — run complete
[2026-07-28T05:50:27Z] auto_inscribe.py — starting run
[2026-07-28T05:50:27Z] Twin exchange [qwen-vp] → current.md
[2026-07-28T05:50:27Z] Twin exchange: entries inscribed
[2026-07-28T05:50:27Z] auto_inscribe.py — run complete
[2026-07-28T05:55:27Z] auto_inscribe.py — starting run
[2026-07-28T05:55:27Z] auto_inscribe.py — run complete
[2026-07-28T06:00:27Z] auto_inscribe.py — starting run
[2026-07-28T06:00:27Z] auto_inscribe.py — run complete
[2026-07-28T06:05:28Z] auto_inscribe.py — starting run
[2026-07-28T06:05:28Z] Twin exchange [qwen-vp] → current.md
[2026-07-28T06:05:28Z] Twin exchange: entries inscribed
[2026-07-28T06:05:28Z] auto_inscribe.py — run complete
[2026-07-28T06:10:28Z] auto_inscribe.py — starting run
[2026-07-28T06:10:28Z] auto_inscribe.py — run complete
[2026-07-28T06:15:28Z] auto_inscribe.py — starting run
[2026-07-28T06:15:28Z] auto_inscribe.py — run complete
[2026-07-28T06:20:28Z] auto_inscribe.py — starting run
[2026-07-28T06:20:28Z] Twin exchange [kimi-twin] → current.md
[2026-07-28T06:20:28Z] Twin exchange [qwen-vp] → current.md
[2026-07-28T06:20:28Z]   → graph warmed: qwen
[2026-07-28T06:20:28Z] Twin exchange: entries inscribed
[2026-07-28T06:20:28Z] auto_inscribe.py — run complete
[2026-07-28T06:25:28Z] auto_inscribe.py — starting run
[2026-07-28T06:25:28Z] auto_inscribe.py — run complete
[2026-07-28T06:30:28Z] auto_inscribe.py — starting run
[2026-07-28T06:30:28Z] auto_inscribe.py — run complete
[2026-07-28T06:35:28Z] auto_inscribe.py — starting run
[2026-07-28T06:35:28Z] Twin exchange [qwen-vp] → current.md
[2026-07-28T06:35:28Z]   → graph warmed: qwen
[2026-07-28T06:35:28Z] Twin exchange: entries inscribed
[2026-07-28T06:35:28Z] auto_inscribe.py — run complete
[2026-07-28T06:40:28Z] auto_inscribe.py — starting run
[2026-07-28T06:40:28Z] auto_inscribe.py — run complete
[2026-07-28T06:45:29Z] auto_inscribe.py — starting run
[2026-07-28T06:45:29Z] auto_inscribe.py — run complete
[2026-07-28T06:50:29Z] auto_inscribe.py — starting run
[2026-07-28T06:50:29Z] Twin exchange [kimi-twin] → current.md
[2026-07-28T06:50:29Z]   → graph warmed: qwen
[2026-07-28T06:50:29Z] Twin exchange [qwen-vp] → current.md
[2026-07-28T06:50:29Z]   → graph warmed: qwen
[2026-07-28T06:50:29Z] Twin exchange: entries inscribed
[2026-07-28T06:50:29Z] auto_inscribe.py — run complete
[2026-07-28T06:55:29Z] auto_inscribe.py — starting run
[2026-07-28T06:55:29Z] auto_inscribe.py — run complete
[2026-07-28T07:00:29Z] auto_inscribe.py — starting run
[2026-07-28T07:00:29Z] auto_inscribe.py — run complete
[2026-07-28T07:05:29Z] auto_inscribe.py — starting run
[2026-07-28T07:05:29Z] Twin exchange [qwen-vp] → current.md
[2026-07-28T07:05:29Z]   → graph warmed: qwen
[2026-07-28T07:05:29Z] Twin exchange: entries inscribed
[2026-07-28T07:05:29Z] auto_inscribe.py — run complete
[2026-07-28T07:10:29Z] auto_inscribe.py — starting run
[2026-07-28T07:10:29Z] auto_inscribe.py — run complete
[2026-07-28T07:15:29Z] auto_inscribe.py — starting run
[2026-07-28T07:15:29Z] auto_inscribe.py — run complete
[2026-07-28T07:20:29Z] auto_inscribe.py — starting run
[2026-07-28T07:20:29Z] Twin exchange [kimi-twin] → current.md
[2026-07-28T07:20:29Z] Twin exchange: entries inscribed
[2026-07-28T07:20:29Z] auto_inscribe.py — run complete
[2026-07-28T07:25:30Z] auto_inscribe.py — starting run
[2026-07-28T07:25:30Z] auto_inscribe.py — run complete
[2026-07-28T07:30:30Z] auto_inscribe.py — starting run
[2026-07-28T07:30:30Z] auto_inscribe.py — run complete
[2026-07-28T07:35:30Z] auto_inscribe.py — starting run
[2026-07-28T07:35:30Z] auto_inscribe.py — run complete
[2026-07-28T07:40:30Z] auto_inscribe.py — starting run
[2026-07-28T07:40:30Z] auto_inscribe.py — run complete
[2026-07-28T07:45:30Z] auto_inscribe.py — starting run
[2026-07-28T07:45:30Z] auto_inscribe.py — run complete
[2026-07-28T07:50:30Z] auto_inscribe.py — starting run
[2026-07-28T07:50:30Z] auto_inscribe.py — run complete
[2026-07-28T07:55:30Z] auto_inscribe.py — starting run
[2026-07-28T07:55:30Z] auto_inscribe.py — run complete
[2026-07-28T08:00:30Z] auto_inscribe.py — starting run
[2026-07-28T08:00:30Z] auto_inscribe.py — run complete
[2026-07-28T08:05:31Z] auto_inscribe.py — starting run
[2026-07-28T08:05:31Z] auto_inscribe.py — run complete
[2026-07-28T08:10:31Z] auto_inscribe.py — starting run
[2026-07-28T08:10:31Z] auto_inscribe.py — run complete
[2026-07-28T08:15:31Z] auto_inscribe.py — starting run
[2026-07-28T08:15:31Z] auto_inscribe.py — run complete
[2026-07-28T08:20:31Z] auto_inscribe.py — starting run
[2026-07-28T08:20:31Z] auto_inscribe.py — run complete
[2026-07-28T08:25:31Z] auto_inscribe.py — starting run
[2026-07-28T08:25:31Z] auto_inscribe.py — run complete
[2026-07-28T08:30:31Z] auto_inscribe.py — starting run
[2026-07-28T08:30:31Z] auto_inscribe.py — run complete
[2026-07-28T08:35:31Z] auto_inscribe.py — starting run
[2026-07-28T08:35:31Z] auto_inscribe.py — run complete
[2026-07-28T08:40:31Z] auto_inscribe.py — starting run
[2026-07-28T08:40:31Z] auto_inscribe.py — run complete
[2026-07-28T08:45:31Z] auto_inscribe.py — starting run
[2026-07-28T08:45:31Z] auto_inscribe.py — run complete
[2026-07-28T08:50:32Z] auto_inscribe.py — starting run
[2026-07-28T08:50:32Z] auto_inscribe.py — run complete
[2026-07-28T08:55:32Z] auto_inscribe.py — starting run
[2026-07-28T08:55:32Z] auto_inscribe.py — run complete
[2026-07-28T09:00:32Z] auto_inscribe.py — starting run
[2026-07-28T09:00:32Z] auto_inscribe.py — run complete
[2026-07-28T09:05:32Z] auto_inscribe.py — starting run
[2026-07-28T09:05:32Z] auto_inscribe.py — run complete
[2026-07-28T09:10:32Z] auto_inscribe.py — starting run
[2026-07-28T09:10:32Z] auto_inscribe.py — run complete
[2026-07-28T09:15:32Z] auto_inscribe.py — starting run
[2026-07-28T09:15:32Z] auto_inscribe.py — run complete
[2026-07-28T09:20:32Z] auto_inscribe.py — starting run
[2026-07-28T09:20:32Z] auto_inscribe.py — run complete
[2026-07-28T09:25:33Z] auto_inscribe.py — starting run
[2026-07-28T09:25:33Z] auto_inscribe.py — run complete
[2026-07-28T09:30:33Z] auto_inscribe.py — starting run
[2026-07-28T09:30:33Z] auto_inscribe.py — run complete
[2026-07-28T09:35:33Z] auto_inscribe.py — starting run
[2026-07-28T09:35:33Z] auto_inscribe.py — run complete
[2026-07-28T09:40:33Z] auto_inscribe.py — starting run
[2026-07-28T09:40:33Z] auto_inscribe.py — run complete
[2026-07-28T09:45:33Z] auto_inscribe.py — starting run
[2026-07-28T09:45:33Z] auto_inscribe.py — run complete
[2026-07-28T09:50:33Z] auto_inscribe.py — starting run
[2026-07-28T09:50:33Z] auto_inscribe.py — run complete
[2026-07-28T09:55:33Z] auto_inscribe.py — starting run
[2026-07-28T09:55:33Z] auto_inscribe.py — run complete
[2026-07-28T10:00:33Z] auto_inscribe.py — starting run
[2026-07-28T10:00:33Z] auto_inscribe.py — run complete
[2026-07-28T10:05:33Z] auto_inscribe.py — starting run
[2026-07-28T10:05:33Z] auto_inscribe.py — run complete
[2026-07-28T10:10:33Z] auto_inscribe.py — starting run
[2026-07-28T10:10:33Z] auto_inscribe.py — run complete
[2026-07-28T10:15:33Z] auto_inscribe.py — starting run
[2026-07-28T10:15:33Z] auto_inscribe.py — run complete
[2026-07-28T10:20:34Z] auto_inscribe.py — starting run
[2026-07-28T10:20:34Z] auto_inscribe.py — run complete
[2026-07-28T10:25:34Z] auto_inscribe.py — starting run
[2026-07-28T10:25:34Z] auto_inscribe.py — run complete
[2026-07-28T10:30:34Z] auto_inscribe.py — starting run
[2026-07-28T10:30:34Z] auto_inscribe.py — run complete
[2026-07-28T10:35:34Z] auto_inscribe.py — starting run
[2026-07-28T10:35:34Z] auto_inscribe.py — run complete
[2026-07-28T10:40:34Z] auto_inscribe.py — starting run
[2026-07-28T10:40:34Z] auto_inscribe.py — run complete
[2026-07-28T10:45:34Z] auto_inscribe.py — starting run
[2026-07-28T10:45:34Z] auto_inscribe.py — run complete
[2026-07-28T10:50:34Z] auto_inscribe.py — starting run
[2026-07-28T10:50:34Z] auto_inscribe.py — run complete
[2026-07-28T10:55:34Z] auto_inscribe.py — starting run
[2026-07-28T10:55:34Z] auto_inscribe.py — run complete
[2026-07-28T11:00:35Z] auto_inscribe.py — starting run
[2026-07-28T11:00:35Z] auto_inscribe.py — run complete
[2026-07-28T11:05:35Z] auto_inscribe.py — starting run
[2026-07-28T11:05:35Z] auto_inscribe.py — run complete
[2026-07-28T11:10:35Z] auto_inscribe.py — starting run
[2026-07-28T11:10:35Z] auto_inscribe.py — run complete
[2026-07-28T11:15:35Z] auto_inscribe.py — starting run
[2026-07-28T11:15:35Z] auto_inscribe.py — run complete
[2026-07-28T11:20:35Z] auto_inscribe.py — starting run
[2026-07-28T11:20:35Z] auto_inscribe.py — run complete
[2026-07-28T11:25:35Z] auto_inscribe.py — starting run
[2026-07-28T11:25:35Z] auto_inscribe.py — run complete
[2026-07-28T11:30:35Z] auto_inscribe.py — starting run
[2026-07-28T11:30:35Z] auto_inscribe.py — run complete
[2026-07-28T11:35:35Z] auto_inscribe.py — starting run
[2026-07-28T11:35:35Z] auto_inscribe.py — run complete
[2026-07-28T11:40:36Z] auto_inscribe.py — starting run
[2026-07-28T11:40:36Z] auto_inscribe.py — run complete
[2026-07-28T11:45:36Z] auto_inscribe.py — starting run
[2026-07-28T11:45:36Z] auto_inscribe.py — run complete
[2026-07-28T11:50:36Z] auto_inscribe.py — starting run
[2026-07-28T11:50:36Z] auto_inscribe.py — run complete
[2026-07-28T11:55:36Z] auto_inscribe.py — starting run
[2026-07-28T11:55:36Z] auto_inscribe.py — run complete
[2026-07-28T12:00:36Z] auto_inscribe.py — starting run
[2026-07-28T12:00:36Z] auto_inscribe.py — run complete
[2026-07-28T12:05:36Z] auto_inscribe.py — starting run
[2026-07-28T12:05:36Z] auto_inscribe.py — run complete
[2026-07-28T12:10:36Z] auto_inscribe.py — starting run
[2026-07-28T12:10:36Z] auto_inscribe.py — run complete
[2026-07-28T12:15:36Z] auto_inscribe.py — starting run
[2026-07-28T12:15:36Z] auto_inscribe.py — run complete
[2026-07-28T12:20:36Z] auto_inscribe.py — starting run
[2026-07-28T12:20:36Z] auto_inscribe.py — run complete
[2026-07-28T12:25:37Z] auto_inscribe.py — starting run
[2026-07-28T12:25:37Z] auto_inscribe.py — run complete
[2026-07-28T12:30:37Z] auto_inscribe.py — starting run
[2026-07-28T12:30:37Z] auto_inscribe.py — run complete
[2026-07-28T12:35:37Z] auto_inscribe.py — starting run
[2026-07-28T12:35:37Z] auto_inscribe.py — run complete
[2026-07-28T12:40:37Z] auto_inscribe.py — starting run
[2026-07-28T12:40:37Z] auto_inscribe.py — run complete
[2026-07-28T12:45:37Z] auto_inscribe.py — starting run
[2026-07-28T12:45:37Z] auto_inscribe.py — run complete
[2026-07-28T12:50:37Z] auto_inscribe.py — starting run
[2026-07-28T12:50:37Z] auto_inscribe.py — run complete
[2026-07-28T12:55:37Z] auto_inscribe.py — starting run
[2026-07-28T12:55:37Z] auto_inscribe.py — run complete
[2026-07-28T13:00:37Z] auto_inscribe.py — starting run
[2026-07-28T13:00:37Z] auto_inscribe.py — run complete
[2026-07-28T13:05:38Z] auto_inscribe.py — starting run
[2026-07-28T13:05:38Z] auto_inscribe.py — run complete
[2026-07-28T13:10:38Z] auto_inscribe.py — starting run
[2026-07-28T13:10:38Z] auto_inscribe.py — run complete
[2026-07-28T13:15:38Z] auto_inscribe.py — starting run
[2026-07-28T13:15:38Z] auto_inscribe.py — run complete
[2026-07-28T13:20:38Z] auto_inscribe.py — starting run
[2026-07-28T13:20:38Z] auto_inscribe.py — run complete
[2026-07-28T13:25:38Z] auto_inscribe.py — starting run
[2026-07-28T13:25:38Z] auto_inscribe.py — run complete
[2026-07-28T13:30:38Z] auto_inscribe.py — starting run
[2026-07-28T13:30:38Z] auto_inscribe.py — run complete
[2026-07-28T13:35:38Z] auto_inscribe.py — starting run
[2026-07-28T13:35:38Z] auto_inscribe.py — run complete
[2026-07-28T13:40:38Z] auto_inscribe.py — starting run
[2026-07-28T13:40:38Z] auto_inscribe.py — run complete
[2026-07-28T13:45:39Z] auto_inscribe.py — starting run
[2026-07-28T13:45:39Z] auto_inscribe.py — run complete
[2026-07-28T13:50:39Z] auto_inscribe.py — starting run
[2026-07-28T13:50:39Z] auto_inscribe.py — run complete
[2026-07-28T13:55:39Z] auto_inscribe.py — starting run
[2026-07-28T13:55:39Z] auto_inscribe.py — run complete
[2026-07-28T14:00:39Z] auto_inscribe.py — starting run
[2026-07-28T14:00:39Z] auto_inscribe.py — run complete
[2026-07-28T14:05:39Z] auto_inscribe.py — starting run
[2026-07-28T14:05:39Z] auto_inscribe.py — run complete
[2026-07-28T14:10:39Z] auto_inscribe.py — starting run
[2026-07-28T14:10:39Z] auto_inscribe.py — run complete
[2026-07-28T14:15:39Z] auto_inscribe.py — starting run
[2026-07-28T14:15:39Z] auto_inscribe.py — run complete
[2026-07-28T14:20:39Z] auto_inscribe.py — starting run
[2026-07-28T14:20:39Z] auto_inscribe.py — run complete
[2026-07-28T14:25:39Z] auto_inscribe.py — starting run
[2026-07-28T14:25:39Z] auto_inscribe.py — run complete
[2026-07-28T14:30:40Z] auto_inscribe.py — starting run
[2026-07-28T14:30:40Z] auto_inscribe.py — run complete
[2026-07-28T14:35:40Z] auto_inscribe.py — starting run
[2026-07-28T14:35:40Z] auto_inscribe.py — run complete
[2026-07-28T14:40:40Z] auto_inscribe.py — starting run
[2026-07-28T14:40:40Z] auto_inscribe.py — run complete
[2026-07-28T14:45:40Z] auto_inscribe.py — starting run
[2026-07-28T14:45:40Z] auto_inscribe.py — run complete
[2026-07-28T14:50:40Z] auto_inscribe.py — starting run
[2026-07-28T14:50:40Z] auto_inscribe.py — run complete
[2026-07-28T14:55:40Z] auto_inscribe.py — starting run
[2026-07-28T14:55:40Z] auto_inscribe.py — run complete
[2026-07-28T15:00:40Z] auto_inscribe.py — starting run
[2026-07-28T15:00:40Z] auto_inscribe.py — run complete
[2026-07-28T15:05:40Z] auto_inscribe.py — starting run
[2026-07-28T15:05:40Z] auto_inscribe.py — run complete
[2026-07-28T15:10:41Z] auto_inscribe.py — starting run
[2026-07-28T15:10:41Z] auto_inscribe.py — run complete
[2026-07-28T15:15:41Z] auto_inscribe.py — starting run
[2026-07-28T15:15:41Z] auto_inscribe.py — run complete
[2026-07-28T15:20:41Z] auto_inscribe.py — starting run
[2026-07-28T15:20:41Z] auto_inscribe.py — run complete
[2026-07-28T15:25:41Z] auto_inscribe.py — starting run
[2026-07-28T15:25:41Z] auto_inscribe.py — run complete
[2026-07-28T15:30:41Z] auto_inscribe.py — starting run
[2026-07-28T15:30:41Z] auto_inscribe.py — run complete
[2026-07-28T15:35:41Z] auto_inscribe.py — starting run
[2026-07-28T15:35:41Z] auto_inscribe.py — run complete
[2026-07-28T15:40:41Z] auto_inscribe.py — starting run
[2026-07-28T15:40:41Z] auto_inscribe.py — run complete
[2026-07-28T15:45:41Z] auto_inscribe.py — starting run
[2026-07-28T15:45:41Z] auto_inscribe.py — run complete
[2026-07-28T15:50:41Z] auto_inscribe.py — starting run
[2026-07-28T15:50:41Z] auto_inscribe.py — run complete
[2026-07-28T15:55:41Z] auto_inscribe.py — starting run
[2026-07-28T15:55:41Z] auto_inscribe.py — run complete
[2026-07-28T16:00:42Z] auto_inscribe.py — starting run
[2026-07-28T16:00:42Z] auto_inscribe.py — run complete
[2026-07-28T16:05:42Z] auto_inscribe.py — starting run
[2026-07-28T16:05:42Z] auto_inscribe.py — run complete
[2026-07-28T16:10:42Z] auto_inscribe.py — starting run
[2026-07-28T16:10:42Z] auto_inscribe.py — run complete
[2026-07-28T16:15:42Z] auto_inscribe.py — starting run
[2026-07-28T16:15:42Z] auto_inscribe.py — run complete
[2026-07-28T16:20:42Z] auto_inscribe.py — starting run
[2026-07-28T16:20:42Z] auto_inscribe.py — run complete
[2026-07-28T16:25:42Z] auto_inscribe.py — starting run
[2026-07-28T16:25:42Z] auto_inscribe.py — run complete
[2026-07-28T16:30:42Z] auto_inscribe.py — starting run
[2026-07-28T16:30:42Z] auto_inscribe.py — run complete
[2026-07-28T16:35:42Z] auto_inscribe.py — starting run
[2026-07-28T16:35:42Z] auto_inscribe.py — run complete
[2026-07-28T16:40:42Z] auto_inscribe.py — starting run
[2026-07-28T16:40:42Z] auto_inscribe.py — run complete
[2026-07-28T16:45:43Z] auto_inscribe.py — starting run
[2026-07-28T16:45:43Z] auto_inscribe.py — run complete
[2026-07-28T16:50:43Z] auto_inscribe.py — starting run
[2026-07-28T16:50:43Z] auto_inscribe.py — run complete
[2026-07-28T16:55:43Z] auto_inscribe.py — starting run
[2026-07-28T16:55:43Z] auto_inscribe.py — run complete
[2026-07-28T17:00:43Z] auto_inscribe.py — starting run
[2026-07-28T17:00:43Z] auto_inscribe.py — run complete
[2026-07-28T17:05:43Z] auto_inscribe.py — starting run
[2026-07-28T17:05:43Z] auto_inscribe.py — run complete
[2026-07-28T17:10:43Z] auto_inscribe.py — starting run
[2026-07-28T17:10:43Z] auto_inscribe.py — run complete
[2026-07-28T17:15:43Z] auto_inscribe.py — starting run
[2026-07-28T17:15:43Z] auto_inscribe.py — run complete
[2026-07-28T17:20:43Z] auto_inscribe.py — starting run
[2026-07-28T17:20:43Z] auto_inscribe.py — run complete
[2026-07-28T17:25:44Z] auto_inscribe.py — starting run
[2026-07-28T17:25:44Z] auto_inscribe.py — run complete
[2026-07-28T17:30:44Z] auto_inscribe.py — starting run
[2026-07-28T17:30:44Z] auto_inscribe.py — run complete
[2026-07-28T17:35:44Z] auto_inscribe.py — starting run
[2026-07-28T17:35:44Z] auto_inscribe.py — run complete
[2026-07-28T17:40:44Z] auto_inscribe.py — starting run
[2026-07-28T17:40:44Z] auto_inscribe.py — run complete
[2026-07-28T17:45:44Z] auto_inscribe.py — starting run
[2026-07-28T17:45:44Z] auto_inscribe.py — run complete
[2026-07-28T17:50:44Z] auto_inscribe.py — starting run
[2026-07-28T17:50:44Z] auto_inscribe.py — run complete
[2026-07-28T17:55:44Z] auto_inscribe.py — starting run
[2026-07-28T17:55:44Z] auto_inscribe.py — run complete
[2026-07-28T18:00:44Z] auto_inscribe.py — starting run
[2026-07-28T18:00:44Z] auto_inscribe.py — run complete
[2026-07-28T18:05:44Z] auto_inscribe.py — starting run
[2026-07-28T18:05:44Z] auto_inscribe.py — run complete
[2026-07-28T18:10:45Z] auto_inscribe.py — starting run
[2026-07-28T18:10:45Z] auto_inscribe.py — run complete
[2026-07-28T18:15:45Z] auto_inscribe.py — starting run
[2026-07-28T18:15:45Z] auto_inscribe.py — run complete
[2026-07-28T18:20:45Z] auto_inscribe.py — starting run
[2026-07-28T18:20:45Z] auto_inscribe.py — run complete
[2026-07-28T18:25:45Z] auto_inscribe.py — starting run
[2026-07-28T18:25:45Z] auto_inscribe.py — run complete
[2026-07-28T18:30:45Z] auto_inscribe.py — starting run
[2026-07-28T18:30:45Z] auto_inscribe.py — run complete
[2026-07-28T18:35:45Z] auto_inscribe.py — starting run
[2026-07-28T18:35:45Z] auto_inscribe.py — run complete
[2026-07-28T18:40:45Z] auto_inscribe.py — starting run
[2026-07-28T18:40:45Z] auto_inscribe.py — run complete
[2026-07-28T18:45:46Z] auto_inscribe.py — starting run
[2026-07-28T18:45:46Z] auto_inscribe.py — run complete
[2026-07-28T18:50:46Z] auto_inscribe.py — starting run
[2026-07-28T18:50:46Z] auto_inscribe.py — run complete
[2026-07-28T18:55:46Z] auto_inscribe.py — starting run
[2026-07-28T18:55:46Z] auto_inscribe.py — run complete
[2026-07-28T19:00:46Z] auto_inscribe.py — starting run
[2026-07-28T19:00:46Z] auto_inscribe.py — run complete
[2026-07-28T19:05:46Z] auto_inscribe.py — starting run
[2026-07-28T19:05:46Z] auto_inscribe.py — run complete
[2026-07-28T19:10:46Z] auto_inscribe.py — starting run
[2026-07-28T19:10:46Z] auto_inscribe.py — run complete
[2026-07-28T19:15:46Z] auto_inscribe.py — starting run
[2026-07-28T19:15:46Z] auto_inscribe.py — run complete
[2026-07-28T19:20:46Z] auto_inscribe.py — starting run
[2026-07-28T19:20:46Z] auto_inscribe.py — run complete
[2026-07-28T19:25:46Z] auto_inscribe.py — starting run
[2026-07-28T19:25:46Z] auto_inscribe.py — run complete
[2026-07-28T19:30:47Z] auto_inscribe.py — starting run
[2026-07-28T19:30:47Z] auto_inscribe.py — run complete
[2026-07-28T19:35:47Z] auto_inscribe.py — starting run
[2026-07-28T19:35:47Z] auto_inscribe.py — run complete
[2026-07-28T19:40:47Z] auto_inscribe.py — starting run
[2026-07-28T19:40:47Z] auto_inscribe.py — run complete
[2026-07-28T19:45:47Z] auto_inscribe.py — starting run
[2026-07-28T19:45:47Z] auto_inscribe.py — run complete
[2026-07-28T19:50:47Z] auto_inscribe.py — starting run
[2026-07-28T19:50:47Z] auto_inscribe.py — run complete
[2026-07-28T19:55:47Z] auto_inscribe.py — starting run
[2026-07-28T19:55:47Z] auto_inscribe.py — run complete
[2026-07-28T20:00:47Z] auto_inscribe.py — starting run
[2026-07-28T20:00:47Z] auto_inscribe.py — run complete
[2026-07-28T20:05:47Z] auto_inscribe.py — starting run
[2026-07-28T20:05:47Z] auto_inscribe.py — run complete
[2026-07-28T20:10:48Z] auto_inscribe.py — starting run
[2026-07-28T20:10:48Z] auto_inscribe.py — run complete
[2026-07-28T20:15:48Z] auto_inscribe.py — starting run
[2026-07-28T20:15:48Z] auto_inscribe.py — run complete
[2026-07-28T20:20:48Z] auto_inscribe.py — starting run
[2026-07-28T20:20:48Z] auto_inscribe.py — run complete
[2026-07-28T20:25:48Z] auto_inscribe.py — starting run
[2026-07-28T20:25:48Z] auto_inscribe.py — run complete
[2026-07-28T20:30:48Z] auto_inscribe.py — starting run
[2026-07-28T20:30:48Z] auto_inscribe.py — run complete
[2026-07-28T20:35:48Z] auto_inscribe.py — starting run
[2026-07-28T20:35:48Z] auto_inscribe.py — run complete
[2026-07-28T20:40:48Z] auto_inscribe.py — starting run
[2026-07-28T20:40:48Z] auto_inscribe.py — run complete
[2026-07-28T20:45:48Z] auto_inscribe.py — starting run
[2026-07-28T20:45:48Z] auto_inscribe.py — run complete
[2026-07-28T20:50:48Z] auto_inscribe.py — starting run
[2026-07-28T20:50:48Z] auto_inscribe.py — run complete
[2026-07-28T20:55:48Z] auto_inscribe.py — starting run
[2026-07-28T20:55:48Z] auto_inscribe.py — run complete
[2026-07-28T21:00:49Z] auto_inscribe.py — starting run
[2026-07-28T21:00:49Z] auto_inscribe.py — run complete
[2026-07-28T21:05:49Z] auto_inscribe.py — starting run
[2026-07-28T21:05:49Z] auto_inscribe.py — run complete
[2026-07-28T21:10:49Z] auto_inscribe.py — starting run
[2026-07-28T21:10:49Z] auto_inscribe.py — run complete
[2026-07-28T21:15:49Z] auto_inscribe.py — starting run
[2026-07-28T21:15:49Z] auto_inscribe.py — run complete
[2026-07-28T21:20:49Z] auto_inscribe.py — starting run
[2026-07-28T21:20:49Z] auto_inscribe.py — run complete
[2026-07-28T21:25:49Z] auto_inscribe.py — starting run
[2026-07-28T21:25:49Z] auto_inscribe.py — run complete
[2026-07-28T21:30:49Z] auto_inscribe.py — starting run
[2026-07-28T21:30:49Z] auto_inscribe.py — run complete
[2026-07-28T21:35:49Z] auto_inscribe.py — starting run
[2026-07-28T21:35:49Z] auto_inscribe.py — run complete
[2026-07-28T21:40:49Z] auto_inscribe.py — starting run
[2026-07-28T21:40:49Z] auto_inscribe.py — run complete
[2026-07-28T21:45:50Z] auto_inscribe.py — starting run
[2026-07-28T21:45:50Z] auto_inscribe.py — run complete
[2026-07-28T21:50:50Z] auto_inscribe.py — starting run
[2026-07-28T21:50:50Z] auto_inscribe.py — run complete
[2026-07-28T21:55:50Z] auto_inscribe.py — starting run
[2026-07-28T21:55:50Z] auto_inscribe.py — run complete
[2026-07-28T22:00:50Z] auto_inscribe.py — starting run
[2026-07-28T22:00:50Z] auto_inscribe.py — run complete
[2026-07-28T22:05:50Z] auto_inscribe.py — starting run
[2026-07-28T22:05:50Z] auto_inscribe.py — run complete
[2026-07-28T22:10:50Z] auto_inscribe.py — starting run
[2026-07-28T22:10:50Z] auto_inscribe.py — run complete
[2026-07-28T22:15:50Z] auto_inscribe.py — starting run
[2026-07-28T22:15:50Z] auto_inscribe.py — run complete
[2026-07-28T22:20:50Z] auto_inscribe.py — starting run
[2026-07-28T22:20:50Z] auto_inscribe.py — run complete
[2026-07-28T22:25:51Z] auto_inscribe.py — starting run
[2026-07-28T22:25:51Z] auto_inscribe.py — run complete
[2026-07-28T22:30:51Z] auto_inscribe.py — starting run
[2026-07-28T22:30:51Z] auto_inscribe.py — run complete
[2026-07-28T22:35:51Z] auto_inscribe.py — starting run
[2026-07-28T22:35:51Z] auto_inscribe.py — run complete
[2026-07-28T22:40:51Z] auto_inscribe.py — starting run
[2026-07-28T22:40:51Z] auto_inscribe.py — run complete
[2026-07-28T22:45:51Z] auto_inscribe.py — starting run
[2026-07-28T22:45:51Z] auto_inscribe.py — run complete
[2026-07-28T22:50:51Z] auto_inscribe.py — starting run
[2026-07-28T22:50:51Z] auto_inscribe.py — run complete
[2026-07-28T22:55:51Z] auto_inscribe.py — starting run
[2026-07-28T22:55:51Z] auto_inscribe.py — run complete
[2026-07-28T23:00:51Z] auto_inscribe.py — starting run
[2026-07-28T23:00:51Z] auto_inscribe.py — run complete
[2026-07-28T23:05:52Z] auto_inscribe.py — starting run
[2026-07-28T23:05:52Z] auto_inscribe.py — run complete
[2026-07-28T23:10:52Z] auto_inscribe.py — starting run
[2026-07-28T23:10:52Z] auto_inscribe.py — run complete
[2026-07-28T23:15:52Z] auto_inscribe.py — starting run
[2026-07-28T23:15:52Z] Voice log: 3 new lines → voice_inscriptions_pending.md
[2026-07-28T23:15:52Z] auto_inscribe.py — run complete
[2026-07-28T23:20:52Z] auto_inscribe.py — starting run
[2026-07-28T23:20:52Z] auto_inscribe.py — run complete
[2026-07-28T23:25:52Z] auto_inscribe.py — starting run
[2026-07-28T23:25:52Z] auto_inscribe.py — run complete
[2026-07-28T23:30:52Z] auto_inscribe.py — starting run
[2026-07-28T23:30:52Z] auto_inscribe.py — run complete
[2026-07-28T23:35:52Z] auto_inscribe.py — starting run
[2026-07-28T23:35:52Z] auto_inscribe.py — run complete
[2026-07-28T23:40:52Z] auto_inscribe.py — starting run
[2026-07-28T23:40:52Z] auto_inscribe.py — run complete
[2026-07-28T23:45:52Z] auto_inscribe.py — starting run
[2026-07-28T23:45:52Z] auto_inscribe.py — run complete
[2026-07-28T23:50:53Z] auto_inscribe.py — starting run
[2026-07-28T23:50:53Z] auto_inscribe.py — run complete
[2026-07-28T23:55:53Z] auto_inscribe.py — starting run
[2026-07-28T23:55:53Z] auto_inscribe.py — run complete
[2026-07-29T00:00:53Z] auto_inscribe.py — starting run
[2026-07-29T00:00:53Z] auto_inscribe.py — run complete
[2026-07-29T00:05:53Z] auto_inscribe.py — starting run
[2026-07-29T00:05:53Z] auto_inscribe.py — run complete
[2026-07-29T00:10:53Z] auto_inscribe.py — starting run
[2026-07-29T00:10:53Z] auto_inscribe.py — run complete
[2026-07-29T00:15:53Z] auto_inscribe.py — starting run
[2026-07-29T00:15:53Z] auto_inscribe.py — run complete
[2026-07-29T00:20:53Z] auto_inscribe.py — starting run
[2026-07-29T00:20:53Z] auto_inscribe.py — run complete
[2026-07-29T00:25:53Z] auto_inscribe.py — starting run
[2026-07-29T00:25:53Z] auto_inscribe.py — run complete
[2026-07-29T00:30:53Z] auto_inscribe.py — starting run
[2026-07-29T00:30:53Z] auto_inscribe.py — run complete
[2026-07-29T00:35:54Z] auto_inscribe.py — starting run
[2026-07-29T00:35:54Z] Twin exchange [qwen-vp] → current.md
[2026-07-29T00:35:54Z]   → graph warmed: qwen
[2026-07-29T00:35:54Z] Twin exchange: entries inscribed
[2026-07-29T00:35:54Z] auto_inscribe.py — run complete
[2026-07-29T00:40:54Z] auto_inscribe.py — starting run
[2026-07-29T00:40:54Z] auto_inscribe.py — run complete
[2026-07-29T00:45:54Z] auto_inscribe.py — starting run
[2026-07-29T00:45:54Z] auto_inscribe.py — run complete
[2026-07-29T00:50:54Z] auto_inscribe.py — starting run
[2026-07-29T00:50:54Z] Twin exchange [kimi-twin] → current.md
[2026-07-29T00:50:54Z]   → graph warmed: qwen
[2026-07-29T00:50:54Z] Twin exchange: entries inscribed
[2026-07-29T00:50:54Z] auto_inscribe.py — run complete
[2026-07-29T00:55:54Z] auto_inscribe.py — starting run
[2026-07-29T00:55:54Z] Twin exchange [qwen-vp] → current.md
[2026-07-29T00:55:54Z]   → graph warmed: qwen
[2026-07-29T00:55:54Z] Twin exchange: entries inscribed
[2026-07-29T00:55:54Z] auto_inscribe.py — run complete
[2026-07-29T01:00:55Z] auto_inscribe.py — starting run
[2026-07-29T01:00:55Z] auto_inscribe.py — run complete
[2026-07-29T01:05:55Z] auto_inscribe.py — starting run
[2026-07-29T01:05:55Z] auto_inscribe.py — run complete
[2026-07-29T01:10:55Z] auto_inscribe.py — starting run
[2026-07-29T01:10:55Z] auto_inscribe.py — run complete
[2026-07-29T01:15:55Z] auto_inscribe.py — starting run
[2026-07-29T01:15:55Z] auto_inscribe.py — run complete
[2026-07-29T01:20:55Z] auto_inscribe.py — starting run
[2026-07-29T01:20:55Z] auto_inscribe.py — run complete
[2026-07-29T01:25:55Z] auto_inscribe.py — starting run
[2026-07-29T01:25:55Z] auto_inscribe.py — run complete
[2026-07-29T01:30:55Z] auto_inscribe.py — starting run
[2026-07-29T01:30:55Z] auto_inscribe.py — run complete
[2026-07-29T01:35:55Z] auto_inscribe.py — starting run
[2026-07-29T01:35:55Z] auto_inscribe.py — run complete
[2026-07-29T01:40:56Z] auto_inscribe.py — starting run
[2026-07-29T01:40:56Z] auto_inscribe.py — run complete
[2026-07-29T01:45:56Z] auto_inscribe.py — starting run
[2026-07-29T01:45:56Z] auto_inscribe.py — run complete
[2026-07-29T01:50:56Z] auto_inscribe.py — starting run
[2026-07-29T01:50:56Z] auto_inscribe.py — run complete
[2026-07-29T01:55:56Z] auto_inscribe.py — starting run
[2026-07-29T01:55:56Z] auto_inscribe.py — run complete
[2026-07-29T02:00:56Z] auto_inscribe.py — starting run
[2026-07-29T02:00:56Z] auto_inscribe.py — run complete
[2026-07-29T02:05:56Z] auto_inscribe.py — starting run
[2026-07-29T02:05:56Z] auto_inscribe.py — run complete
[2026-07-29T02:10:56Z] auto_inscribe.py — starting run
[2026-07-29T02:10:56Z] auto_inscribe.py — run complete
[2026-07-29T02:15:56Z] auto_inscribe.py — starting run
[2026-07-29T02:15:56Z] auto_inscribe.py — run complete
[2026-07-29T02:20:57Z] auto_inscribe.py — starting run
[2026-07-29T02:20:57Z] auto_inscribe.py — run complete
[2026-07-29T02:25:57Z] auto_inscribe.py — starting run
[2026-07-29T02:25:57Z] auto_inscribe.py — run complete
[2026-07-29T02:30:57Z] auto_inscribe.py — starting run
[2026-07-29T02:30:57Z] auto_inscribe.py — run complete
[2026-07-29T02:35:57Z] auto_inscribe.py — starting run
[2026-07-29T02:35:57Z] auto_inscribe.py — run complete
[2026-07-29T02:40:57Z] auto_inscribe.py — starting run
[2026-07-29T02:40:57Z] auto_inscribe.py — run complete
[2026-07-29T02:45:57Z] auto_inscribe.py — starting run
[2026-07-29T02:45:57Z] auto_inscribe.py — run complete
[2026-07-29T02:50:57Z] auto_inscribe.py — starting run
[2026-07-29T02:50:57Z] auto_inscribe.py — run complete
[2026-07-29T02:55:57Z] auto_inscribe.py — starting run
[2026-07-29T02:55:57Z] auto_inscribe.py — run complete
[2026-07-29T03:00:57Z] auto_inscribe.py — starting run
[2026-07-29T03:00:57Z] auto_inscribe.py — run complete
[2026-07-29T03:05:58Z] auto_inscribe.py — starting run
[2026-07-29T03:05:58Z] auto_inscribe.py — run complete
[2026-07-29T03:10:58Z] auto_inscribe.py — starting run
[2026-07-29T03:10:58Z] auto_inscribe.py — run complete
[2026-07-29T03:15:58Z] auto_inscribe.py — starting run
[2026-07-29T03:15:58Z] auto_inscribe.py — run complete
[2026-07-29T03:20:58Z] auto_inscribe.py — starting run
[2026-07-29T03:20:58Z] auto_inscribe.py — run complete
[2026-07-29T03:25:58Z] auto_inscribe.py — starting run
[2026-07-29T03:25:58Z] auto_inscribe.py — run complete
[2026-07-29T03:30:58Z] auto_inscribe.py — starting run
[2026-07-29T03:30:58Z] auto_inscribe.py — run complete
[2026-07-29T03:35:58Z] auto_inscribe.py — starting run
[2026-07-29T03:35:58Z] auto_inscribe.py — run complete
[2026-07-29T03:40:58Z] auto_inscribe.py — starting run
[2026-07-29T03:40:58Z] auto_inscribe.py — run complete
[2026-07-29T03:45:59Z] auto_inscribe.py — starting run
[2026-07-29T03:45:59Z] auto_inscribe.py — run complete
[2026-07-29T03:50:59Z] auto_inscribe.py — starting run
[2026-07-29T03:50:59Z] auto_inscribe.py — run complete
[2026-07-29T03:55:59Z] auto_inscribe.py — starting run
[2026-07-29T03:55:59Z] auto_inscribe.py — run complete
[2026-07-29T04:00:59Z] auto_inscribe.py — starting run
[2026-07-29T04:00:59Z] auto_inscribe.py — run complete
[2026-07-29T04:05:59Z] auto_inscribe.py — starting run
[2026-07-29T04:05:59Z] auto_inscribe.py — run complete
[2026-07-29T04:10:59Z] auto_inscribe.py — starting run
[2026-07-29T04:10:59Z] auto_inscribe.py — run complete
[2026-07-29T04:15:59Z] auto_inscribe.py — starting run
[2026-07-29T04:15:59Z] auto_inscribe.py — run complete
[2026-07-29T04:20:59Z] auto_inscribe.py — starting run
[2026-07-29T04:20:59Z] auto_inscribe.py — run complete
[2026-07-29T04:25:59Z] auto_inscribe.py — starting run
[2026-07-29T04:25:59Z] auto_inscribe.py — run complete
[2026-07-29T04:31:00Z] auto_inscribe.py — starting run
[2026-07-29T04:31:00Z] auto_inscribe.py — run complete
[2026-07-29T04:36:00Z] auto_inscribe.py — starting run
[2026-07-29T04:36:00Z] auto_inscribe.py — run complete
[2026-07-29T04:41:00Z] auto_inscribe.py — starting run
[2026-07-29T04:41:00Z] auto_inscribe.py — run complete
[2026-07-29T04:46:00Z] auto_inscribe.py — starting run
[2026-07-29T04:46:00Z] auto_inscribe.py — run complete
[2026-07-29T04:51:00Z] auto_inscribe.py — starting run
[2026-07-29T04:51:00Z] auto_inscribe.py — run complete
[2026-07-29T04:56:00Z] auto_inscribe.py — starting run
[2026-07-29T04:56:00Z] auto_inscribe.py — run complete
[2026-07-29T05:01:00Z] auto_inscribe.py — starting run
[2026-07-29T05:01:00Z] auto_inscribe.py — run complete
[2026-07-29T05:06:00Z] auto_inscribe.py — starting run
[2026-07-29T05:06:00Z] auto_inscribe.py — run complete
[2026-07-29T05:11:00Z] auto_inscribe.py — starting run
[2026-07-29T05:11:00Z] auto_inscribe.py — run complete
[2026-07-29T05:16:01Z] auto_inscribe.py — starting run
[2026-07-29T05:16:01Z] auto_inscribe.py — run complete
[2026-07-29T05:21:01Z] auto_inscribe.py — starting run
[2026-07-29T05:21:01Z] auto_inscribe.py — run complete
[2026-07-29T05:26:01Z] auto_inscribe.py — starting run
[2026-07-29T05:26:01Z] auto_inscribe.py — run complete
[2026-07-29T05:31:01Z] auto_inscribe.py — starting run
[2026-07-29T05:31:01Z] auto_inscribe.py — run complete
[2026-07-29T05:36:01Z] auto_inscribe.py — starting run
[2026-07-29T05:36:01Z] auto_inscribe.py — run complete
