[2026-06-02T02:56:24+00:00] file=cousin_write_audit_log.md outcome=NOOP cm_md5=9c943d55e542794fc353c0511fa20e21 sz=7497653
[2026-06-02T02:56:24+00:00] file=session_state.md outcome=NOOP cm_md5=9db2b6235e559d00337f7f2a7d41b6d3 sz=35201
[2026-06-02T02:56:24+00:00] file=telegram_context.md outcome=NOOP cm_md5=e9e4d52439154b0e9c90ba60379420b8 sz=29493
[2026-06-02T02:56:24+00:00] file=personal_profile.md outcome=NOOP cm_md5=fec16b4618dda8f771d43eeb79fa499b sz=338195
[2026-06-02T03:10:25+00:00] file=cousin_write_audit_log.md outcome=NOOP cm_md5=9c943d55e542794fc353c0511fa20e21 sz=7497653
[2026-06-02T03:10:25+00:00] file=session_state.md outcome=NOOP cm_md5=9db2b6235e559d00337f7f2a7d41b6d3 sz=35201
[2026-06-02T03:10:25+00:00] file=telegram_context.md outcome=NOOP cm_md5=e9e4d52439154b0e9c90ba60379420b8 sz=29493
[2026-06-02T03:10:25+00:00] file=personal_profile.md outcome=NOOP cm_md5=fec16b4618dda8f771d43eeb79fa499b sz=338195
[2026-06-02T04:10:26+00:00] file=cousin_write_audit_log.md outcome=NOOP cm_md5=9c943d55e542794fc353c0511fa20e21 sz=7497653
[2026-06-02T04:10:26+00:00] file=session_state.md outcome=NOOP cm_md5=9db2b6235e559d00337f7f2a7d41b6d3 sz=35201
[2026-06-02T04:10:26+00:00] file=telegram_context.md outcome=NOOP cm_md5=e9e4d52439154b0e9c90ba60379420b8 sz=29493
[2026-06-02T04:10:26+00:00] file=personal_profile.md outcome=NOOP cm_md5=fec16b4618dda8f771d43eeb79fa499b sz=338195
[2026-06-02T05:10:29+00:00] file=cousin_write_audit_log.md outcome=OK cm_md5=c918bfdcad99210b683a259280598797 pre_er_md5=9c943d55e542794fc353c0511fa20e21 cm_sz=7507852 pre_er_sz=7497653 delta=10199
[2026-06-02T05:10:29+00:00] file=session_state.md outcome=NOOP cm_md5=9db2b6235e559d00337f7f2a7d41b6d3 sz=35201
[2026-06-02T05:10:29+00:00] file=telegram_context.md outcome=NOOP cm_md5=e9e4d52439154b0e9c90ba60379420b8 sz=29493
[2026-06-02T05:10:29+00:00] file=personal_profile.md outcome=NOOP cm_md5=fec16b4618dda8f771d43eeb79fa499b sz=338195
[2026-06-02T07:10:26+00:00] file=cousin_write_audit_log.md outcome=OK cm_md5=1d1a6a7ad76491cef28b956560edddca pre_er_md5=c918bfdcad99210b683a259280598797 cm_sz=7538838 pre_er_sz=7507852 delta=30986
[2026-06-02T07:10:26+00:00] file=session_state.md outcome=NOOP cm_md5=9db2b6235e559d00337f7f2a7d41b6d3 sz=35201
[2026-06-02T07:10:26+00:00] file=telegram_context.md outcome=NOOP cm_md5=e9e4d52439154b0e9c90ba60379420b8 sz=29493
[2026-06-02T07:10:26+00:00] file=personal_profile.md outcome=NOOP cm_md5=fec16b4618dda8f771d43eeb79fa499b sz=338195
[2026-06-02T08:10:28+00:00] file=cousin_write_audit_log.md outcome=OK cm_md5=58be9432a8db3fbfe5719ff60ddf621e pre_er_md5=1d1a6a7ad76491cef28b956560edddca cm_sz=7552053 pre_er_sz=7538838 delta=13215
[2026-06-02T08:10:28+00:00] file=session_state.md outcome=NOOP cm_md5=9db2b6235e559d00337f7f2a7d41b6d3 sz=35201
[2026-06-02T08:10:28+00:00] file=telegram_context.md outcome=NOOP cm_md5=e9e4d52439154b0e9c90ba60379420b8 sz=29493
[2026-06-02T08:10:28+00:00] file=personal_profile.md outcome=NOOP cm_md5=fec16b4618dda8f771d43eeb79fa499b sz=338195
[2026-06-02T09:10:29+00:00] file=cousin_write_audit_log.md outcome=OK cm_md5=7ff0276cacea60d1800b404d1f0251da pre_er_md5=58be9432a8db3fbfe5719ff60ddf621e cm_sz=7560771 pre_er_sz=7552053 delta=8718
[2026-06-02T09:10:29+00:00] file=session_state.md outcome=NOOP cm_md5=9db2b6235e559d00337f7f2a7d41b6d3 sz=35201
[2026-06-02T09:10:29+00:00] file=telegram_context.md outcome=NOOP cm_md5=e9e4d52439154b0e9c90ba60379420b8 sz=29493
[2026-06-02T09:10:29+00:00] file=personal_profile.md outcome=NOOP cm_md5=fec16b4618dda8f771d43eeb79fa499b sz=338195
[2026-06-02T10:10:28+00:00] file=cousin_write_audit_log.md outcome=NOOP cm_md5=7ff0276cacea60d1800b404d1f0251da sz=7560771
[2026-06-02T10:10:28+00:00] file=session_state.md outcome=NOOP cm_md5=9db2b6235e559d00337f7f2a7d41b6d3 sz=35201
[2026-06-02T10:10:28+00:00] file=telegram_context.md outcome=NOOP cm_md5=e9e4d52439154b0e9c90ba60379420b8 sz=29493
[2026-06-02T10:10:28+00:00] file=personal_profile.md outcome=NOOP cm_md5=fec16b4618dda8f771d43eeb79fa499b sz=338195
[2026-06-02T12:10:31+00:00] file=cousin_write_audit_log.md outcome=NOOP cm_md5=7ff0276cacea60d1800b404d1f0251da sz=7560771
[2026-06-02T12:10:31+00:00] file=session_state.md outcome=NOOP cm_md5=9db2b6235e559d00337f7f2a7d41b6d3 sz=35201
[2026-06-02T12:10:31+00:00] file=telegram_context.md outcome=NOOP cm_md5=e9e4d52439154b0e9c90ba60379420b8 sz=29493
[2026-06-02T12:10:31+00:00] file=personal_profile.md outcome=NOOP cm_md5=fec16b4618dda8f771d43eeb79fa499b sz=338195
[2026-06-02T13:10:28+00:00] file=cousin_write_audit_log.md outcome=NOOP cm_md5=7ff0276cacea60d1800b404d1f0251da sz=7560771
[2026-06-02T13:10:28+00:00] file=session_state.md outcome=NOOP cm_md5=9db2b6235e559d00337f7f2a7d41b6d3 sz=35201
[2026-06-02T13:10:28+00:00] file=telegram_context.md outcome=NOOP cm_md5=e9e4d52439154b0e9c90ba60379420b8 sz=29493
[2026-06-02T13:10:28+00:00] file=personal_profile.md outcome=NOOP cm_md5=fec16b4618dda8f771d43eeb79fa499b sz=338195
[2026-06-02T14:10:27+00:00] file=cousin_write_audit_log.md outcome=NOOP cm_md5=7ff0276cacea60d1800b404d1f0251da sz=7560771
[2026-06-02T14:10:27+00:00] file=session_state.md outcome=NOOP cm_md5=9db2b6235e559d00337f7f2a7d41b6d3 sz=35201
[2026-06-02T14:10:27+00:00] file=telegram_context.md outcome=NOOP cm_md5=e9e4d52439154b0e9c90ba60379420b8 sz=29493
[2026-06-02T14:10:27+00:00] file=personal_profile.md outcome=NOOP cm_md5=fec16b4618dda8f771d43eeb79fa499b sz=338195
[2026-06-02T15:10:30+00:00] file=cousin_write_audit_log.md outcome=NOOP cm_md5=7ff0276cacea60d1800b404d1f0251da sz=7560771
[2026-06-02T15:10:30+00:00] file=session_state.md outcome=NOOP cm_md5=9db2b6235e559d00337f7f2a7d41b6d3 sz=35201
[2026-06-02T15:10:30+00:00] file=telegram_context.md outcome=NOOP cm_md5=e9e4d52439154b0e9c90ba60379420b8 sz=29493
[2026-06-02T15:10:30+00:00] file=personal_profile.md outcome=NOOP cm_md5=fec16b4618dda8f771d43eeb79fa499b sz=338195
[2026-06-02T16:10:31+00:00] file=cousin_write_audit_log.md outcome=NOOP cm_md5=7ff0276cacea60d1800b404d1f0251da sz=7560771
[2026-06-02T16:10:31+00:00] file=session_state.md outcome=NOOP cm_md5=9db2b6235e559d00337f7f2a7d41b6d3 sz=35201
[2026-06-02T16:10:31+00:00] file=telegram_context.md outcome=NOOP cm_md5=e9e4d52439154b0e9c90ba60379420b8 sz=29493
[2026-06-02T16:10:31+00:00] file=personal_profile.md outcome=NOOP cm_md5=fec16b4618dda8f771d43eeb79fa499b sz=338195
[2026-06-02T17:10:36+00:00] file=cousin_write_audit_log.md outcome=NOOP cm_md5=7ff0276cacea60d1800b404d1f0251da sz=7560771
[2026-06-02T17:10:36+00:00] file=session_state.md outcome=NOOP cm_md5=9db2b6235e559d00337f7f2a7d41b6d3 sz=35201
[2026-06-02T17:10:36+00:00] file=telegram_context.md outcome=NOOP cm_md5=e9e4d52439154b0e9c90ba60379420b8 sz=29493
[2026-06-02T17:10:36+00:00] file=personal_profile.md outcome=NOOP cm_md5=fec16b4618dda8f771d43eeb79fa499b sz=338195
[2026-06-02T18:10:32+00:00] file=cousin_write_audit_log.md outcome=NOOP cm_md5=7ff0276cacea60d1800b404d1f0251da sz=7560771
[2026-06-02T18:10:32+00:00] file=session_state.md outcome=NOOP cm_md5=9db2b6235e559d00337f7f2a7d41b6d3 sz=35201
[2026-06-02T18:10:32+00:00] file=telegram_context.md outcome=NOOP cm_md5=e9e4d52439154b0e9c90ba60379420b8 sz=29493
[2026-06-02T18:10:32+00:00] file=personal_profile.md outcome=NOOP cm_md5=fec16b4618dda8f771d43eeb79fa499b sz=338195
[2026-06-02T19:10:27+00:00] file=cousin_write_audit_log.md outcome=NOOP cm_md5=7ff0276cacea60d1800b404d1f0251da sz=7560771
[2026-06-02T19:10:27+00:00] file=session_state.md outcome=NOOP cm_md5=9db2b6235e559d00337f7f2a7d41b6d3 sz=35201
[2026-06-02T19:10:27+00:00] file=telegram_context.md outcome=NOOP cm_md5=e9e4d52439154b0e9c90ba60379420b8 sz=29493
[2026-06-02T19:10:27+00:00] file=personal_profile.md outcome=NOOP cm_md5=fec16b4618dda8f771d43eeb79fa499b sz=338195
[2026-06-02T19:11:02+00:00] file=cousin_write_audit_log.md outcome=NOOP cm_md5=7ff0276cacea60d1800b404d1f0251da sz=7560771
[2026-06-02T19:11:02+00:00] file=session_state.md outcome=NOOP cm_md5=9db2b6235e559d00337f7f2a7d41b6d3 sz=35201
[2026-06-02T19:11:02+00:00] file=telegram_context.md outcome=NOOP cm_md5=e9e4d52439154b0e9c90ba60379420b8 sz=29493
[2026-06-02T19:11:02+00:00] file=personal_profile.md outcome=NOOP cm_md5=fec16b4618dda8f771d43eeb79fa499b sz=338195
[2026-06-02T20:10:27+00:00] file=cousin_write_audit_log.md outcome=NOOP cm_md5=7ff0276cacea60d1800b404d1f0251da sz=7560771
[2026-06-02T20:10:27+00:00] file=session_state.md outcome=NOOP cm_md5=9db2b6235e559d00337f7f2a7d41b6d3 sz=35201
[2026-06-02T20:10:27+00:00] file=telegram_context.md outcome=NOOP cm_md5=e9e4d52439154b0e9c90ba60379420b8 sz=29493
[2026-06-02T20:10:27+00:00] file=personal_profile.md outcome=NOOP cm_md5=fec16b4618dda8f771d43eeb79fa499b sz=338195
[2026-06-02T21:10:28+00:00] file=cousin_write_audit_log.md outcome=NOOP cm_md5=7ff0276cacea60d1800b404d1f0251da sz=7560771
[2026-06-02T21:10:28+00:00] file=session_state.md outcome=NOOP cm_md5=9db2b6235e559d00337f7f2a7d41b6d3 sz=35201
[2026-06-02T21:10:28+00:00] file=telegram_context.md outcome=NOOP cm_md5=e9e4d52439154b0e9c90ba60379420b8 sz=29493
[2026-06-02T21:10:28+00:00] file=personal_profile.md outcome=NOOP cm_md5=fec16b4618dda8f771d43eeb79fa499b sz=338195
[2026-06-02T22:10:33+00:00] file=cousin_write_audit_log.md outcome=NOOP cm_md5=7ff0276cacea60d1800b404d1f0251da sz=7560771
[2026-06-02T22:10:33+00:00] file=session_state.md outcome=NOOP cm_md5=9db2b6235e559d00337f7f2a7d41b6d3 sz=35201
[2026-06-02T22:10:33+00:00] file=telegram_context.md outcome=NOOP cm_md5=e9e4d52439154b0e9c90ba60379420b8 sz=29493
[2026-06-02T22:10:33+00:00] file=personal_profile.md outcome=NOOP cm_md5=fec16b4618dda8f771d43eeb79fa499b sz=338195
[2026-06-02T23:10:30+00:00] file=cousin_write_audit_log.md outcome=NOOP cm_md5=7ff0276cacea60d1800b404d1f0251da sz=7560771
[2026-06-02T23:10:30+00:00] file=session_state.md outcome=NOOP cm_md5=9db2b6235e559d00337f7f2a7d41b6d3 sz=35201
[2026-06-02T23:10:30+00:00] file=telegram_context.md outcome=NOOP cm_md5=e9e4d52439154b0e9c90ba60379420b8 sz=29493
[2026-06-02T23:10:30+00:00] file=personal_profile.md outcome=NOOP cm_md5=fec16b4618dda8f771d43eeb79fa499b sz=338195
[2026-06-03T00:10:33+00:00] file=cousin_write_audit_log.md outcome=NOOP cm_md5=7ff0276cacea60d1800b404d1f0251da sz=7560771
[2026-06-03T00:10:33+00:00] file=session_state.md outcome=NOOP cm_md5=9db2b6235e559d00337f7f2a7d41b6d3 sz=35201
[2026-06-03T00:10:33+00:00] file=telegram_context.md outcome=NOOP cm_md5=e9e4d52439154b0e9c90ba60379420b8 sz=29493
[2026-06-03T00:10:33+00:00] file=personal_profile.md outcome=NOOP cm_md5=fec16b4618dda8f771d43eeb79fa499b sz=338195
[2026-06-03T01:10:46+00:00] file=cousin_write_audit_log.md outcome=NOOP cm_md5=7ff0276cacea60d1800b404d1f0251da sz=7560771
[2026-06-03T01:10:46+00:00] file=session_state.md outcome=NOOP cm_md5=9db2b6235e559d00337f7f2a7d41b6d3 sz=35201
[2026-06-03T01:10:46+00:00] file=telegram_context.md outcome=NOOP cm_md5=e9e4d52439154b0e9c90ba60379420b8 sz=29493
[2026-06-03T01:10:46+00:00] file=personal_profile.md outcome=NOOP cm_md5=fec16b4618dda8f771d43eeb79fa499b sz=338195
[2026-06-03T02:11:04+00:00] file=cousin_write_audit_log.md outcome=NOOP cm_md5=7ff0276cacea60d1800b404d1f0251da sz=7560771
[2026-06-03T02:11:04+00:00] file=session_state.md outcome=NOOP cm_md5=9db2b6235e559d00337f7f2a7d41b6d3 sz=35201
[2026-06-03T02:11:04+00:00] file=telegram_context.md outcome=NOOP cm_md5=e9e4d52439154b0e9c90ba60379420b8 sz=29493
[2026-06-03T02:11:04+00:00] file=personal_profile.md outcome=NOOP cm_md5=fec16b4618dda8f771d43eeb79fa499b sz=338195
[2026-06-03T03:10:51+00:00] file=cousin_write_audit_log.md outcome=NOOP cm_md5=7ff0276cacea60d1800b404d1f0251da sz=7560771
[2026-06-03T03:10:51+00:00] file=session_state.md outcome=NOOP cm_md5=9db2b6235e559d00337f7f2a7d41b6d3 sz=35201
[2026-06-03T03:10:51+00:00] file=telegram_context.md outcome=NOOP cm_md5=e9e4d52439154b0e9c90ba60379420b8 sz=29493
[2026-06-03T03:10:51+00:00] file=personal_profile.md outcome=NOOP cm_md5=fec16b4618dda8f771d43eeb79fa499b sz=338195
[2026-06-03T04:10:29+00:00] file=cousin_write_audit_log.md outcome=NOOP cm_md5=7ff0276cacea60d1800b404d1f0251da sz=7560771
[2026-06-03T04:10:29+00:00] file=session_state.md outcome=NOOP cm_md5=9db2b6235e559d00337f7f2a7d41b6d3 sz=35201
[2026-06-03T04:10:29+00:00] file=telegram_context.md outcome=NOOP cm_md5=e9e4d52439154b0e9c90ba60379420b8 sz=29493
[2026-06-03T04:10:29+00:00] file=personal_profile.md outcome=NOOP cm_md5=fec16b4618dda8f771d43eeb79fa499b sz=338195
[2026-06-03T05:10:32+00:00] file=cousin_write_audit_log.md outcome=NOOP cm_md5=7ff0276cacea60d1800b404d1f0251da sz=7560771
[2026-06-03T05:10:32+00:00] file=session_state.md outcome=NOOP cm_md5=9db2b6235e559d00337f7f2a7d41b6d3 sz=35201
[2026-06-03T05:10:32+00:00] file=telegram_context.md outcome=NOOP cm_md5=e9e4d52439154b0e9c90ba60379420b8 sz=29493
[2026-06-03T05:10:32+00:00] file=personal_profile.md outcome=NOOP cm_md5=fec16b4618dda8f771d43eeb79fa499b sz=338195
[2026-06-03T06:10:33+00:00] file=cousin_write_audit_log.md outcome=NOOP cm_md5=7ff0276cacea60d1800b404d1f0251da sz=7560771
[2026-06-03T06:10:33+00:00] file=session_state.md outcome=NOOP cm_md5=9db2b6235e559d00337f7f2a7d41b6d3 sz=35201
[2026-06-03T06:10:33+00:00] file=telegram_context.md outcome=NOOP cm_md5=e9e4d52439154b0e9c90ba60379420b8 sz=29493
[2026-06-03T06:10:33+00:00] file=personal_profile.md outcome=NOOP cm_md5=fec16b4618dda8f771d43eeb79fa499b sz=338195
[2026-06-03T07:10:31+00:00] file=cousin_write_audit_log.md outcome=NOOP cm_md5=7ff0276cacea60d1800b404d1f0251da sz=7560771
[2026-06-03T07:10:31+00:00] file=session_state.md outcome=NOOP cm_md5=9db2b6235e559d00337f7f2a7d41b6d3 sz=35201
[2026-06-03T07:10:31+00:00] file=telegram_context.md outcome=NOOP cm_md5=e9e4d52439154b0e9c90ba60379420b8 sz=29493
[2026-06-03T07:10:31+00:00] file=personal_profile.md outcome=NOOP cm_md5=fec16b4618dda8f771d43eeb79fa499b sz=338195
[2026-06-03T08:10:31+00:00] file=cousin_write_audit_log.md outcome=OK cm_md5=fe4a462c5197aabcd6206981902e5861 pre_er_md5=7ff0276cacea60d1800b404d1f0251da cm_sz=7570969 pre_er_sz=7560771 delta=10198
[2026-06-03T08:10:31+00:00] file=session_state.md outcome=NOOP cm_md5=9db2b6235e559d00337f7f2a7d41b6d3 sz=35201
[2026-06-03T08:10:31+00:00] file=telegram_context.md outcome=NOOP cm_md5=e9e4d52439154b0e9c90ba60379420b8 sz=29493
[2026-06-03T08:10:31+00:00] file=personal_profile.md outcome=NOOP cm_md5=fec16b4618dda8f771d43eeb79fa499b sz=338195
[2026-06-03T09:10:32+00:00] file=cousin_write_audit_log.md outcome=OK cm_md5=42fe2f060d5e79af0386e9d6f55df911 pre_er_md5=fe4a462c5197aabcd6206981902e5861 cm_sz=7586827 pre_er_sz=7570969 delta=15858
[2026-06-03T09:10:32+00:00] file=session_state.md outcome=NOOP cm_md5=9db2b6235e559d00337f7f2a7d41b6d3 sz=35201
[2026-06-03T09:10:32+00:00] file=telegram_context.md outcome=NOOP cm_md5=e9e4d52439154b0e9c90ba60379420b8 sz=29493
[2026-06-03T09:10:32+00:00] file=personal_profile.md outcome=NOOP cm_md5=fec16b4618dda8f771d43eeb79fa499b sz=338195
[2026-06-03T10:10:31+00:00] file=cousin_write_audit_log.md outcome=OK cm_md5=673f6e095a7145c151a44cbe25bce8e5 pre_er_md5=42fe2f060d5e79af0386e9d6f55df911 cm_sz=7599677 pre_er_sz=7586827 delta=12850
[2026-06-03T10:10:31+00:00] file=session_state.md outcome=NOOP cm_md5=9db2b6235e559d00337f7f2a7d41b6d3 sz=35201
[2026-06-03T10:10:31+00:00] file=telegram_context.md outcome=NOOP cm_md5=e9e4d52439154b0e9c90ba60379420b8 sz=29493
[2026-06-03T10:10:31+00:00] file=personal_profile.md outcome=NOOP cm_md5=fec16b4618dda8f771d43eeb79fa499b sz=338195
[2026-06-03T11:10:32+00:00] file=cousin_write_audit_log.md outcome=OK cm_md5=3cd0e5e3e4158c135221c5fedda4aeef pre_er_md5=673f6e095a7145c151a44cbe25bce8e5 cm_sz=7615535 pre_er_sz=7599677 delta=15858
[2026-06-03T11:10:32+00:00] file=session_state.md outcome=NOOP cm_md5=9db2b6235e559d00337f7f2a7d41b6d3 sz=35201
[2026-06-03T11:10:32+00:00] file=telegram_context.md outcome=NOOP cm_md5=e9e4d52439154b0e9c90ba60379420b8 sz=29493
[2026-06-03T11:10:32+00:00] file=personal_profile.md outcome=NOOP cm_md5=fec16b4618dda8f771d43eeb79fa499b sz=338195
[2026-06-03T12:10:32+00:00] file=cousin_write_audit_log.md outcome=OK cm_md5=13ffe85b25924939e3f8280dda0d82f2 pre_er_md5=3cd0e5e3e4158c135221c5fedda4aeef cm_sz=7631393 pre_er_sz=7615535 delta=15858
[2026-06-03T12:10:32+00:00] file=session_state.md outcome=NOOP cm_md5=9db2b6235e559d00337f7f2a7d41b6d3 sz=35201
[2026-06-03T12:10:32+00:00] file=telegram_context.md outcome=NOOP cm_md5=e9e4d52439154b0e9c90ba60379420b8 sz=29493
[2026-06-03T12:10:32+00:00] file=personal_profile.md outcome=NOOP cm_md5=fec16b4618dda8f771d43eeb79fa499b sz=338195
[2026-06-03T13:10:29+00:00] file=cousin_write_audit_log.md outcome=OK cm_md5=f23f8183626b591a62fbb3eeaea2653c pre_er_md5=13ffe85b25924939e3f8280dda0d82f2 cm_sz=7647251 pre_er_sz=7631393 delta=15858
[2026-06-03T13:10:29+00:00] file=session_state.md outcome=NOOP cm_md5=9db2b6235e559d00337f7f2a7d41b6d3 sz=35201
[2026-06-03T13:10:29+00:00] file=telegram_context.md outcome=NOOP cm_md5=e9e4d52439154b0e9c90ba60379420b8 sz=29493
[2026-06-03T13:10:29+00:00] file=personal_profile.md outcome=NOOP cm_md5=fec16b4618dda8f771d43eeb79fa499b sz=338195
[2026-06-03T14:10:31+00:00] file=cousin_write_audit_log.md outcome=OK cm_md5=331c7ab07c35646b629a89f4bead57d2 pre_er_md5=f23f8183626b591a62fbb3eeaea2653c cm_sz=7663109 pre_er_sz=7647251 delta=15858
[2026-06-03T14:10:31+00:00] file=session_state.md outcome=NOOP cm_md5=9db2b6235e559d00337f7f2a7d41b6d3 sz=35201
[2026-06-03T14:10:31+00:00] file=telegram_context.md outcome=NOOP cm_md5=e9e4d52439154b0e9c90ba60379420b8 sz=29493
[2026-06-03T14:10:31+00:00] file=personal_profile.md outcome=NOOP cm_md5=fec16b4618dda8f771d43eeb79fa499b sz=338195
[2026-06-03T15:10:33+00:00] file=cousin_write_audit_log.md outcome=OK cm_md5=53d7ce9a88a61d6807516170f01987ca pre_er_md5=331c7ab07c35646b629a89f4bead57d2 cm_sz=7678237 pre_er_sz=7663109 delta=15128
[2026-06-03T15:10:33+00:00] file=session_state.md outcome=NOOP cm_md5=9db2b6235e559d00337f7f2a7d41b6d3 sz=35201
[2026-06-03T15:10:33+00:00] file=telegram_context.md outcome=NOOP cm_md5=e9e4d52439154b0e9c90ba60379420b8 sz=29493
[2026-06-03T15:10:33+00:00] file=personal_profile.md outcome=NOOP cm_md5=fec16b4618dda8f771d43eeb79fa499b sz=338195
[2026-06-03T16:10:33+00:00] file=cousin_write_audit_log.md outcome=OK cm_md5=897fd05fe9aede4113b17c9f1752add3 pre_er_md5=53d7ce9a88a61d6807516170f01987ca cm_sz=7682012 pre_er_sz=7678237 delta=3775
[2026-06-03T16:10:33+00:00] file=session_state.md outcome=NOOP cm_md5=9db2b6235e559d00337f7f2a7d41b6d3 sz=35201
[2026-06-03T16:10:33+00:00] file=telegram_context.md outcome=NOOP cm_md5=e9e4d52439154b0e9c90ba60379420b8 sz=29493
[2026-06-03T16:10:33+00:00] file=personal_profile.md outcome=NOOP cm_md5=fec16b4618dda8f771d43eeb79fa499b sz=338195
[2026-06-03T17:10:31+00:00] file=cousin_write_audit_log.md outcome=NOOP cm_md5=897fd05fe9aede4113b17c9f1752add3 sz=7682012
[2026-06-03T17:10:31+00:00] file=session_state.md outcome=NOOP cm_md5=9db2b6235e559d00337f7f2a7d41b6d3 sz=35201
[2026-06-03T17:10:31+00:00] file=telegram_context.md outcome=NOOP cm_md5=e9e4d52439154b0e9c90ba60379420b8 sz=29493
[2026-06-03T17:10:31+00:00] file=personal_profile.md outcome=NOOP cm_md5=fec16b4618dda8f771d43eeb79fa499b sz=338195
[2026-06-03T18:10:35+00:00] file=cousin_write_audit_log.md outcome=NOOP cm_md5=897fd05fe9aede4113b17c9f1752add3 sz=7682012
[2026-06-03T18:10:35+00:00] file=session_state.md outcome=NOOP cm_md5=9db2b6235e559d00337f7f2a7d41b6d3 sz=35201
[2026-06-03T18:10:35+00:00] file=telegram_context.md outcome=NOOP cm_md5=e9e4d52439154b0e9c90ba60379420b8 sz=29493
[2026-06-03T18:10:35+00:00] file=personal_profile.md outcome=NOOP cm_md5=fec16b4618dda8f771d43eeb79fa499b sz=338195
[2026-06-03T19:10:30+00:00] file=cousin_write_audit_log.md outcome=NOOP cm_md5=897fd05fe9aede4113b17c9f1752add3 sz=7682012
[2026-06-03T19:10:30+00:00] file=session_state.md outcome=NOOP cm_md5=9db2b6235e559d00337f7f2a7d41b6d3 sz=35201
[2026-06-03T19:10:30+00:00] file=telegram_context.md outcome=NOOP cm_md5=e9e4d52439154b0e9c90ba60379420b8 sz=29493
[2026-06-03T19:10:30+00:00] file=personal_profile.md outcome=NOOP cm_md5=fec16b4618dda8f771d43eeb79fa499b sz=338195
[2026-06-03T20:10:39+00:00] file=cousin_write_audit_log.md outcome=NOOP cm_md5=897fd05fe9aede4113b17c9f1752add3 sz=7682012
[2026-06-03T20:10:39+00:00] file=session_state.md outcome=NOOP cm_md5=9db2b6235e559d00337f7f2a7d41b6d3 sz=35201
[2026-06-03T20:10:39+00:00] file=telegram_context.md outcome=NOOP cm_md5=e9e4d52439154b0e9c90ba60379420b8 sz=29493
[2026-06-03T20:10:39+00:00] file=personal_profile.md outcome=NOOP cm_md5=fec16b4618dda8f771d43eeb79fa499b sz=338195
[2026-06-03T21:10:31+00:00] file=cousin_write_audit_log.md outcome=NOOP cm_md5=897fd05fe9aede4113b17c9f1752add3 sz=7682012
[2026-06-03T21:10:31+00:00] file=session_state.md outcome=NOOP cm_md5=9db2b6235e559d00337f7f2a7d41b6d3 sz=35201
[2026-06-03T21:10:31+00:00] file=telegram_context.md outcome=NOOP cm_md5=e9e4d52439154b0e9c90ba60379420b8 sz=29493
[2026-06-03T21:10:31+00:00] file=personal_profile.md outcome=NOOP cm_md5=fec16b4618dda8f771d43eeb79fa499b sz=338195
[2026-06-03T22:10:30+00:00] file=cousin_write_audit_log.md outcome=NOOP cm_md5=897fd05fe9aede4113b17c9f1752add3 sz=7682012
[2026-06-03T22:10:30+00:00] file=session_state.md outcome=NOOP cm_md5=9db2b6235e559d00337f7f2a7d41b6d3 sz=35201
[2026-06-03T22:10:30+00:00] file=telegram_context.md outcome=NOOP cm_md5=e9e4d52439154b0e9c90ba60379420b8 sz=29493
[2026-06-03T22:10:30+00:00] file=personal_profile.md outcome=NOOP cm_md5=fec16b4618dda8f771d43eeb79fa499b sz=338195
[2026-06-03T23:10:34+00:00] file=cousin_write_audit_log.md outcome=NOOP cm_md5=897fd05fe9aede4113b17c9f1752add3 sz=7682012
[2026-06-03T23:10:34+00:00] file=session_state.md outcome=NOOP cm_md5=9db2b6235e559d00337f7f2a7d41b6d3 sz=35201
[2026-06-03T23:10:34+00:00] file=telegram_context.md outcome=NOOP cm_md5=e9e4d52439154b0e9c90ba60379420b8 sz=29493
[2026-06-03T23:10:34+00:00] file=personal_profile.md outcome=NOOP cm_md5=fec16b4618dda8f771d43eeb79fa499b sz=338195
[2026-06-04T00:10:44+00:00] file=cousin_write_audit_log.md outcome=OK cm_md5=b3584e40bb66e0ce3a63dc0a6a0e9e3d pre_er_md5=897fd05fe9aede4113b17c9f1752add3 cm_sz=7686554 pre_er_sz=7682012 delta=4542
[2026-06-04T00:10:44+00:00] file=session_state.md outcome=NOOP cm_md5=9db2b6235e559d00337f7f2a7d41b6d3 sz=35201
[2026-06-04T00:10:44+00:00] file=telegram_context.md outcome=NOOP cm_md5=e9e4d52439154b0e9c90ba60379420b8 sz=29493
[2026-06-04T00:10:44+00:00] file=personal_profile.md outcome=NOOP cm_md5=fec16b4618dda8f771d43eeb79fa499b sz=338195
[2026-06-04T01:10:37+00:00] file=cousin_write_audit_log.md outcome=OK cm_md5=c36f93d082faa73bebe66ddec0cd6b26 pre_er_md5=b3584e40bb66e0ce3a63dc0a6a0e9e3d cm_sz=7702412 pre_er_sz=7686554 delta=15858
[2026-06-04T01:10:37+00:00] file=session_state.md outcome=NOOP cm_md5=9db2b6235e559d00337f7f2a7d41b6d3 sz=35201
[2026-06-04T01:10:37+00:00] file=telegram_context.md outcome=NOOP cm_md5=e9e4d52439154b0e9c90ba60379420b8 sz=29493
[2026-06-04T01:10:37+00:00] file=personal_profile.md outcome=NOOP cm_md5=fec16b4618dda8f771d43eeb79fa499b sz=338195
[2026-06-04T02:10:36+00:00] file=cousin_write_audit_log.md outcome=OK cm_md5=8f36efa1a040b3b61d747fcca001fbfa pre_er_md5=c36f93d082faa73bebe66ddec0cd6b26 cm_sz=7717904 pre_er_sz=7702412 delta=15492
[2026-06-04T02:10:36+00:00] file=session_state.md outcome=NOOP cm_md5=9db2b6235e559d00337f7f2a7d41b6d3 sz=35201
[2026-06-04T02:10:36+00:00] file=telegram_context.md outcome=NOOP cm_md5=e9e4d52439154b0e9c90ba60379420b8 sz=29493
[2026-06-04T02:10:36+00:00] file=personal_profile.md outcome=NOOP cm_md5=fec16b4618dda8f771d43eeb79fa499b sz=338195
[2026-06-04T03:10:56+00:00] file=cousin_write_audit_log.md outcome=OK cm_md5=55f274d7497af725bf78f831f886628f pre_er_md5=8f36efa1a040b3b61d747fcca001fbfa cm_sz=7733762 pre_er_sz=7717904 delta=15858
[2026-06-04T03:10:56+00:00] file=session_state.md outcome=NOOP cm_md5=9db2b6235e559d00337f7f2a7d41b6d3 sz=35201
[2026-06-04T03:10:56+00:00] file=telegram_context.md outcome=NOOP cm_md5=e9e4d52439154b0e9c90ba60379420b8 sz=29493
[2026-06-04T03:10:56+00:00] file=personal_profile.md outcome=NOOP cm_md5=fec16b4618dda8f771d43eeb79fa499b sz=338195
[2026-06-04T04:10:36+00:00] file=cousin_write_audit_log.md outcome=OK cm_md5=8de0edb72c48ab39a6ea9078df9140a5 pre_er_md5=55f274d7497af725bf78f831f886628f cm_sz=7745902 pre_er_sz=7733762 delta=12140
[2026-06-04T04:10:36+00:00] file=session_state.md outcome=NOOP cm_md5=9db2b6235e559d00337f7f2a7d41b6d3 sz=35201
[2026-06-04T04:10:36+00:00] file=telegram_context.md outcome=NOOP cm_md5=e9e4d52439154b0e9c90ba60379420b8 sz=29493
[2026-06-04T04:10:36+00:00] file=personal_profile.md outcome=NOOP cm_md5=fec16b4618dda8f771d43eeb79fa499b sz=338195
[2026-06-04T05:10:35+00:00] file=cousin_write_audit_log.md outcome=NOOP cm_md5=8de0edb72c48ab39a6ea9078df9140a5 sz=7745902
[2026-06-04T05:10:35+00:00] file=session_state.md outcome=NOOP cm_md5=9db2b6235e559d00337f7f2a7d41b6d3 sz=35201
[2026-06-04T05:10:35+00:00] file=telegram_context.md outcome=NOOP cm_md5=e9e4d52439154b0e9c90ba60379420b8 sz=29493
[2026-06-04T05:10:35+00:00] file=personal_profile.md outcome=NOOP cm_md5=fec16b4618dda8f771d43eeb79fa499b sz=338195
[2026-06-04T06:10:35+00:00] file=cousin_write_audit_log.md outcome=NOOP cm_md5=8de0edb72c48ab39a6ea9078df9140a5 sz=7745902
[2026-06-04T06:10:35+00:00] file=session_state.md outcome=NOOP cm_md5=9db2b6235e559d00337f7f2a7d41b6d3 sz=35201
[2026-06-04T06:10:35+00:00] file=telegram_context.md outcome=NOOP cm_md5=e9e4d52439154b0e9c90ba60379420b8 sz=29493
[2026-06-04T06:10:35+00:00] file=personal_profile.md outcome=NOOP cm_md5=fec16b4618dda8f771d43eeb79fa499b sz=338195
[2026-06-04T08:10:37+00:00] file=cousin_write_audit_log.md outcome=NOOP cm_md5=8de0edb72c48ab39a6ea9078df9140a5 sz=7745902
[2026-06-04T08:10:37+00:00] file=session_state.md outcome=NOOP cm_md5=9db2b6235e559d00337f7f2a7d41b6d3 sz=35201
[2026-06-04T08:10:37+00:00] file=telegram_context.md outcome=NOOP cm_md5=e9e4d52439154b0e9c90ba60379420b8 sz=29493
[2026-06-04T08:10:37+00:00] file=personal_profile.md outcome=NOOP cm_md5=fec16b4618dda8f771d43eeb79fa499b sz=338195
[2026-06-04T09:10:42+00:00] file=cousin_write_audit_log.md outcome=NOOP cm_md5=8de0edb72c48ab39a6ea9078df9140a5 sz=7745902
[2026-06-04T09:10:42+00:00] file=session_state.md outcome=NOOP cm_md5=9db2b6235e559d00337f7f2a7d41b6d3 sz=35201
[2026-06-04T09:10:42+00:00] file=telegram_context.md outcome=NOOP cm_md5=e9e4d52439154b0e9c90ba60379420b8 sz=29493
[2026-06-04T09:10:42+00:00] file=personal_profile.md outcome=NOOP cm_md5=fec16b4618dda8f771d43eeb79fa499b sz=338195
[2026-06-04T10:10:36+00:00] file=cousin_write_audit_log.md outcome=NOOP cm_md5=8de0edb72c48ab39a6ea9078df9140a5 sz=7745902
[2026-06-04T10:10:36+00:00] file=session_state.md outcome=NOOP cm_md5=9db2b6235e559d00337f7f2a7d41b6d3 sz=35201
[2026-06-04T10:10:36+00:00] file=telegram_context.md outcome=NOOP cm_md5=e9e4d52439154b0e9c90ba60379420b8 sz=29493
[2026-06-04T10:10:36+00:00] file=personal_profile.md outcome=NOOP cm_md5=fec16b4618dda8f771d43eeb79fa499b sz=338195
[2026-06-04T11:10:34+00:00] file=cousin_write_audit_log.md outcome=NOOP cm_md5=8de0edb72c48ab39a6ea9078df9140a5 sz=7745902
[2026-06-04T11:10:34+00:00] file=session_state.md outcome=NOOP cm_md5=9db2b6235e559d00337f7f2a7d41b6d3 sz=35201
[2026-06-04T11:10:34+00:00] file=telegram_context.md outcome=NOOP cm_md5=e9e4d52439154b0e9c90ba60379420b8 sz=29493
[2026-06-04T11:10:34+00:00] file=personal_profile.md outcome=NOOP cm_md5=fec16b4618dda8f771d43eeb79fa499b sz=338195
[2026-06-04T12:10:35+00:00] file=cousin_write_audit_log.md outcome=NOOP cm_md5=8de0edb72c48ab39a6ea9078df9140a5 sz=7745902
[2026-06-04T12:10:35+00:00] file=session_state.md outcome=NOOP cm_md5=9db2b6235e559d00337f7f2a7d41b6d3 sz=35201
[2026-06-04T12:10:35+00:00] file=telegram_context.md outcome=NOOP cm_md5=e9e4d52439154b0e9c90ba60379420b8 sz=29493
[2026-06-04T12:10:35+00:00] file=personal_profile.md outcome=NOOP cm_md5=fec16b4618dda8f771d43eeb79fa499b sz=338195
[2026-06-04T13:10:37+00:00] file=cousin_write_audit_log.md outcome=NOOP cm_md5=8de0edb72c48ab39a6ea9078df9140a5 sz=7745902
[2026-06-04T13:10:37+00:00] file=session_state.md outcome=NOOP cm_md5=9db2b6235e559d00337f7f2a7d41b6d3 sz=35201
[2026-06-04T13:10:37+00:00] file=telegram_context.md outcome=NOOP cm_md5=e9e4d52439154b0e9c90ba60379420b8 sz=29493
[2026-06-04T13:10:37+00:00] file=personal_profile.md outcome=NOOP cm_md5=fec16b4618dda8f771d43eeb79fa499b sz=338195
[2026-06-04T14:10:34+00:00] file=cousin_write_audit_log.md outcome=NOOP cm_md5=8de0edb72c48ab39a6ea9078df9140a5 sz=7745902
[2026-06-04T14:10:34+00:00] file=session_state.md outcome=NOOP cm_md5=9db2b6235e559d00337f7f2a7d41b6d3 sz=35201
[2026-06-04T14:10:34+00:00] file=telegram_context.md outcome=NOOP cm_md5=e9e4d52439154b0e9c90ba60379420b8 sz=29493
[2026-06-04T14:10:34+00:00] file=personal_profile.md outcome=NOOP cm_md5=fec16b4618dda8f771d43eeb79fa499b sz=338195
[2026-06-04T15:10:37+00:00] file=cousin_write_audit_log.md outcome=NOOP cm_md5=8de0edb72c48ab39a6ea9078df9140a5 sz=7745902
[2026-06-04T15:10:37+00:00] file=session_state.md outcome=NOOP cm_md5=9db2b6235e559d00337f7f2a7d41b6d3 sz=35201
[2026-06-04T15:10:37+00:00] file=telegram_context.md outcome=NOOP cm_md5=e9e4d52439154b0e9c90ba60379420b8 sz=29493
[2026-06-04T15:10:37+00:00] file=personal_profile.md outcome=NOOP cm_md5=fec16b4618dda8f771d43eeb79fa499b sz=338195
[2026-06-04T16:10:39+00:00] file=cousin_write_audit_log.md outcome=NOOP cm_md5=8de0edb72c48ab39a6ea9078df9140a5 sz=7745902
[2026-06-04T16:10:39+00:00] file=session_state.md outcome=NOOP cm_md5=9db2b6235e559d00337f7f2a7d41b6d3 sz=35201
[2026-06-04T16:10:39+00:00] file=telegram_context.md outcome=NOOP cm_md5=e9e4d52439154b0e9c90ba60379420b8 sz=29493
[2026-06-04T16:10:39+00:00] file=personal_profile.md outcome=NOOP cm_md5=fec16b4618dda8f771d43eeb79fa499b sz=338195
[2026-06-04T17:10:34+00:00] file=cousin_write_audit_log.md outcome=NOOP cm_md5=8de0edb72c48ab39a6ea9078df9140a5 sz=7745902
[2026-06-04T17:10:34+00:00] file=session_state.md outcome=NOOP cm_md5=9db2b6235e559d00337f7f2a7d41b6d3 sz=35201
[2026-06-04T17:10:34+00:00] file=telegram_context.md outcome=NOOP cm_md5=e9e4d52439154b0e9c90ba60379420b8 sz=29493
[2026-06-04T17:10:34+00:00] file=personal_profile.md outcome=NOOP cm_md5=fec16b4618dda8f771d43eeb79fa499b sz=338195
[2026-06-04T18:10:32+00:00] file=cousin_write_audit_log.md outcome=NOOP cm_md5=8de0edb72c48ab39a6ea9078df9140a5 sz=7745902
[2026-06-04T18:10:32+00:00] file=session_state.md outcome=NOOP cm_md5=9db2b6235e559d00337f7f2a7d41b6d3 sz=35201
[2026-06-04T18:10:32+00:00] file=telegram_context.md outcome=NOOP cm_md5=e9e4d52439154b0e9c90ba60379420b8 sz=29493
[2026-06-04T18:10:32+00:00] file=personal_profile.md outcome=NOOP cm_md5=fec16b4618dda8f771d43eeb79fa499b sz=338195
[2026-06-04T19:10:33+00:00] file=cousin_write_audit_log.md outcome=NOOP cm_md5=8de0edb72c48ab39a6ea9078df9140a5 sz=7745902
[2026-06-04T19:10:33+00:00] file=session_state.md outcome=NOOP cm_md5=9db2b6235e559d00337f7f2a7d41b6d3 sz=35201
[2026-06-04T19:10:33+00:00] file=telegram_context.md outcome=NOOP cm_md5=e9e4d52439154b0e9c90ba60379420b8 sz=29493
[2026-06-04T19:10:33+00:00] file=personal_profile.md outcome=NOOP cm_md5=fec16b4618dda8f771d43eeb79fa499b sz=338195
[2026-06-04T20:11:12+00:00] file=cousin_write_audit_log.md outcome=OK cm_md5=6780fb7b1618a92cca79d78ab70fb446 pre_er_md5=8de0edb72c48ab39a6ea9078df9140a5 cm_sz=7746261 pre_er_sz=7745902 delta=359
[2026-06-04T20:11:12+00:00] file=session_state.md outcome=NOOP cm_md5=9db2b6235e559d00337f7f2a7d41b6d3 sz=35201
[2026-06-04T20:11:12+00:00] file=telegram_context.md outcome=NOOP cm_md5=e9e4d52439154b0e9c90ba60379420b8 sz=29493
[2026-06-04T20:11:12+00:00] file=personal_profile.md outcome=NOOP cm_md5=fec16b4618dda8f771d43eeb79fa499b sz=338195
[2026-06-04T21:11:04+00:00] file=cousin_write_audit_log.md outcome=NOOP cm_md5=6780fb7b1618a92cca79d78ab70fb446 sz=7746261
[2026-06-04T21:11:04+00:00] file=session_state.md outcome=NOOP cm_md5=9db2b6235e559d00337f7f2a7d41b6d3 sz=35201
[2026-06-04T21:11:04+00:00] file=telegram_context.md outcome=NOOP cm_md5=e9e4d52439154b0e9c90ba60379420b8 sz=29493
[2026-06-04T21:11:04+00:00] file=personal_profile.md outcome=NOOP cm_md5=fec16b4618dda8f771d43eeb79fa499b sz=338195
[2026-06-04T22:11:11+00:00] file=cousin_write_audit_log.md outcome=NOOP cm_md5=6780fb7b1618a92cca79d78ab70fb446 sz=7746261
[2026-06-04T22:11:11+00:00] file=session_state.md outcome=NOOP cm_md5=9db2b6235e559d00337f7f2a7d41b6d3 sz=35201
[2026-06-04T22:11:11+00:00] file=telegram_context.md outcome=NOOP cm_md5=e9e4d52439154b0e9c90ba60379420b8 sz=29493
[2026-06-04T22:11:11+00:00] file=personal_profile.md outcome=NOOP cm_md5=fec16b4618dda8f771d43eeb79fa499b sz=338195
[2026-06-04T23:11:15+00:00] file=cousin_write_audit_log.md outcome=NOOP cm_md5=6780fb7b1618a92cca79d78ab70fb446 sz=7746261
[2026-06-04T23:11:15+00:00] file=session_state.md outcome=NOOP cm_md5=9db2b6235e559d00337f7f2a7d41b6d3 sz=35201
[2026-06-04T23:11:15+00:00] file=telegram_context.md outcome=NOOP cm_md5=e9e4d52439154b0e9c90ba60379420b8 sz=29493
[2026-06-04T23:11:15+00:00] file=personal_profile.md outcome=NOOP cm_md5=fec16b4618dda8f771d43eeb79fa499b sz=338195
[2026-06-05T00:11:05+00:00] file=cousin_write_audit_log.md outcome=NOOP cm_md5=6780fb7b1618a92cca79d78ab70fb446 sz=7746261
[2026-06-05T00:11:05+00:00] file=session_state.md outcome=NOOP cm_md5=9db2b6235e559d00337f7f2a7d41b6d3 sz=35201
[2026-06-05T00:11:05+00:00] file=telegram_context.md outcome=NOOP cm_md5=e9e4d52439154b0e9c90ba60379420b8 sz=29493
[2026-06-05T00:11:05+00:00] file=personal_profile.md outcome=NOOP cm_md5=fec16b4618dda8f771d43eeb79fa499b sz=338195
[2026-06-05T05:11:20+00:00] file=cousin_write_audit_log.md outcome=OK cm_md5=7b6f3b55ca5fef0c5539cfe7949679dc pre_er_md5=6780fb7b1618a92cca79d78ab70fb446 cm_sz=7748062 pre_er_sz=7746261 delta=1801
[2026-06-05T05:11:20+00:00] file=session_state.md outcome=NOOP cm_md5=9db2b6235e559d00337f7f2a7d41b6d3 sz=35201
[2026-06-05T05:11:20+00:00] file=telegram_context.md outcome=NOOP cm_md5=e9e4d52439154b0e9c90ba60379420b8 sz=29493
[2026-06-05T05:11:20+00:00] file=personal_profile.md outcome=NOOP cm_md5=fec16b4618dda8f771d43eeb79fa499b sz=338195
[2026-06-05T06:11:31+00:00] file=cousin_write_audit_log.md outcome=OK cm_md5=37f5a238f7b2ad34b118bd20ae08ba8f pre_er_md5=7b6f3b55ca5fef0c5539cfe7949679dc cm_sz=7750584 pre_er_sz=7748062 delta=2522
[2026-06-05T06:11:31+00:00] file=session_state.md outcome=NOOP cm_md5=9db2b6235e559d00337f7f2a7d41b6d3 sz=35201
[2026-06-05T06:11:31+00:00] file=telegram_context.md outcome=NOOP cm_md5=e9e4d52439154b0e9c90ba60379420b8 sz=29493
[2026-06-05T06:11:31+00:00] file=personal_profile.md outcome=NOOP cm_md5=fec16b4618dda8f771d43eeb79fa499b sz=338195
[2026-06-05T09:11:05+00:00] file=cousin_write_audit_log.md outcome=OK cm_md5=8ba1a797a3682cab603c85d6a3d5a5f6 pre_er_md5=37f5a238f7b2ad34b118bd20ae08ba8f cm_sz=7759940 pre_er_sz=7750584 delta=9356
[2026-06-05T09:11:05+00:00] file=session_state.md outcome=NOOP cm_md5=9db2b6235e559d00337f7f2a7d41b6d3 sz=35201
[2026-06-05T09:11:05+00:00] file=telegram_context.md outcome=NOOP cm_md5=e9e4d52439154b0e9c90ba60379420b8 sz=29493
[2026-06-05T09:11:05+00:00] file=personal_profile.md outcome=NOOP cm_md5=fec16b4618dda8f771d43eeb79fa499b sz=338195
[2026-06-05T10:11:24+00:00] file=cousin_write_audit_log.md outcome=NOOP cm_md5=8ba1a797a3682cab603c85d6a3d5a5f6
[2026-06-05T10:11:24+00:00] file=session_state.md outcome=NOOP cm_md5=9db2b6235e559d00337f7f2a7d41b6d3
[2026-06-05T10:11:24+00:00] file=telegram_context.md outcome=NOOP cm_md5=e9e4d52439154b0e9c90ba60379420b8
[2026-06-05T10:11:24+00:00] file=personal_profile.md outcome=NOOP cm_md5=fec16b4618dda8f771d43eeb79fa499b
[2026-06-05T11:11:06+00:00] file=cousin_write_audit_log.md outcome=NOOP cm_md5=8ba1a797a3682cab603c85d6a3d5a5f6 sz=7759940
[2026-06-05T11:11:06+00:00] file=session_state.md outcome=NOOP cm_md5=9db2b6235e559d00337f7f2a7d41b6d3 sz=35201
[2026-06-05T11:11:06+00:00] file=telegram_context.md outcome=NOOP cm_md5=e9e4d52439154b0e9c90ba60379420b8 sz=29493
[2026-06-05T11:11:06+00:00] file=personal_profile.md outcome=NOOP cm_md5=fec16b4618dda8f771d43eeb79fa499b sz=338195
[2026-06-05T12:11:07+00:00] file=cousin_write_audit_log.md outcome=NOOP cm_md5=8ba1a797a3682cab603c85d6a3d5a5f6 sz=7759940
[2026-06-05T12:11:07+00:00] file=session_state.md outcome=NOOP cm_md5=9db2b6235e559d00337f7f2a7d41b6d3 sz=35201
[2026-06-05T12:11:07+00:00] file=telegram_context.md outcome=NOOP cm_md5=e9e4d52439154b0e9c90ba60379420b8 sz=29493
[2026-06-05T12:11:07+00:00] file=personal_profile.md outcome=NOOP cm_md5=fec16b4618dda8f771d43eeb79fa499b sz=338195
[2026-06-05T13:11:08+00:00] file=cousin_write_audit_log.md outcome=NOOP cm_md5=8ba1a797a3682cab603c85d6a3d5a5f6 sz=7759940
[2026-06-05T13:11:08+00:00] file=session_state.md outcome=NOOP cm_md5=9db2b6235e559d00337f7f2a7d41b6d3 sz=35201
[2026-06-05T13:11:08+00:00] file=telegram_context.md outcome=NOOP cm_md5=e9e4d52439154b0e9c90ba60379420b8 sz=29493
[2026-06-05T13:11:08+00:00] file=personal_profile.md outcome=NOOP cm_md5=fec16b4618dda8f771d43eeb79fa499b sz=338195
[2026-06-05T14:11:12+00:00] file=cousin_write_audit_log.md outcome=NOOP cm_md5=8ba1a797a3682cab603c85d6a3d5a5f6 sz=7759940
[2026-06-05T14:11:12+00:00] file=session_state.md outcome=NOOP cm_md5=9db2b6235e559d00337f7f2a7d41b6d3 sz=35201
[2026-06-05T14:11:12+00:00] file=telegram_context.md outcome=NOOP cm_md5=e9e4d52439154b0e9c90ba60379420b8 sz=29493
[2026-06-05T14:11:12+00:00] file=personal_profile.md outcome=NOOP cm_md5=fec16b4618dda8f771d43eeb79fa499b sz=338195
[2026-06-05T15:11:08+00:00] file=cousin_write_audit_log.md outcome=NOOP cm_md5=8ba1a797a3682cab603c85d6a3d5a5f6 sz=7759940
[2026-06-05T15:11:08+00:00] file=session_state.md outcome=NOOP cm_md5=9db2b6235e559d00337f7f2a7d41b6d3 sz=35201
[2026-06-05T15:11:08+00:00] file=telegram_context.md outcome=NOOP cm_md5=e9e4d52439154b0e9c90ba60379420b8 sz=29493
[2026-06-05T15:11:08+00:00] file=personal_profile.md outcome=NOOP cm_md5=fec16b4618dda8f771d43eeb79fa499b sz=338195
[2026-06-05T18:11:11+00:00] file=cousin_write_audit_log.md outcome=OK delta_bytes=4668 cm_md5=92aed449402059ca243ab80b8530a8e6 sz=7764608
[2026-06-05T18:11:11+00:00] file=session_state.md outcome=NOOP cm_md5=9db2b6235e559d00337f7f2a7d41b6d3 sz=35201
[2026-06-05T18:11:11+00:00] file=telegram_context.md outcome=NOOP cm_md5=e9e4d52439154b0e9c90ba60379420b8 sz=29493
[2026-06-05T18:11:11+00:00] file=personal_profile.md outcome=NOOP cm_md5=fec16b4618dda8f771d43eeb79fa499b sz=338195
[2026-06-05T19:11:29+00:00] file=cousin_write_audit_log.md outcome=NOOP cm_md5=92aed449402059ca243ab80b8530a8e6 sz=7764608
[2026-06-05T19:11:29+00:00] file=session_state.md outcome=NOOP cm_md5=9db2b6235e559d00337f7f2a7d41b6d3 sz=35201
[2026-06-05T19:11:29+00:00] file=telegram_context.md outcome=NOOP cm_md5=e9e4d52439154b0e9c90ba60379420b8 sz=29493
[2026-06-05T19:11:29+00:00] file=personal_profile.md outcome=NOOP cm_md5=fec16b4618dda8f771d43eeb79fa499b sz=338195
[2026-06-05T20:11:10+00:00] file=cousin_write_audit_log.md outcome=NOOP cm_md5=92aed449402059ca243ab80b8530a8e6 sz=7764608
[2026-06-05T20:11:10+00:00] file=session_state.md outcome=NOOP cm_md5=9db2b6235e559d00337f7f2a7d41b6d3 sz=35201
[2026-06-05T20:11:10+00:00] file=telegram_context.md outcome=NOOP cm_md5=e9e4d52439154b0e9c90ba60379420b8 sz=29493
[2026-06-05T20:11:10+00:00] file=personal_profile.md outcome=NOOP cm_md5=fec16b4618dda8f771d43eeb79fa499b sz=338195
[2026-06-05T23:11:07+00:00] file=cousin_write_audit_log.md outcome=NOOP cm_md5=92aed449402059ca243ab80b8530a8e6 sz=7764608
[2026-06-05T23:11:07+00:00] file=session_state.md outcome=NOOP cm_md5=9db2b6235e559d00337f7f2a7d41b6d3 sz=35201
[2026-06-05T23:11:07+00:00] file=telegram_context.md outcome=NOOP cm_md5=e9e4d52439154b0e9c90ba60379420b8 sz=29493
[2026-06-05T23:11:07+00:00] file=personal_profile.md outcome=NOOP cm_md5=fec16b4618dda8f771d43eeb79fa499b sz=338195
[2026-06-06T00:11:07+00:00] file=cousin_write_audit_log.md outcome=NOOP cm_md5=92aed449402059ca243ab80b8530a8e6 sz=7764608
[2026-06-06T00:11:07+00:00] file=session_state.md outcome=NOOP cm_md5=9db2b6235e559d00337f7f2a7d41b6d3 sz=35201
[2026-06-06T00:11:07+00:00] file=telegram_context.md outcome=NOOP cm_md5=e9e4d52439154b0e9c90ba60379420b8 sz=29493
[2026-06-06T00:11:07+00:00] file=personal_profile.md outcome=NOOP cm_md5=fec16b4618dda8f771d43eeb79fa499b sz=338195
[2026-06-06T03:11:15+00:00] file=cousin_write_audit_log.md outcome=OK cm_md5=071a12dbb81107286b30f78e924e7710 pre_er_md5=92aed449402059ca243ab80b8530a8e6 cm_sz=7766765 pre_er_sz=7764608 delta=2157
[2026-06-06T03:11:15+00:00] file=session_state.md outcome=NOOP cm_md5=9db2b6235e559d00337f7f2a7d41b6d3 sz=35201
[2026-06-06T03:11:15+00:00] file=telegram_context.md outcome=NOOP cm_md5=e9e4d52439154b0e9c90ba60379420b8 sz=29493
[2026-06-06T03:11:15+00:00] file=personal_profile.md outcome=NOOP cm_md5=fec16b4618dda8f771d43eeb79fa499b sz=338195
[2026-06-06T04:11:03+00:00] file=cousin_write_audit_log.md outcome=OK cm_md5=bc16a28c66526b35644baa5a91c9787f pre_er_md5=071a12dbb81107286b30f78e924e7710 cm_sz=7768203 pre_er_sz=7766765 delta=1438
[2026-06-06T04:11:03+00:00] file=session_state.md outcome=NOOP cm_md5=9db2b6235e559d00337f7f2a7d41b6d3 sz=35201
[2026-06-06T04:11:03+00:00] file=telegram_context.md outcome=NOOP cm_md5=e9e4d52439154b0e9c90ba60379420b8 sz=29493
[2026-06-06T04:11:03+00:00] file=personal_profile.md outcome=NOOP cm_md5=fec16b4618dda8f771d43eeb79fa499b sz=338195
[2026-06-06T06:11:16+00:00] file=cousin_write_audit_log.md outcome=OK cm_md5=9d073ebf41b6d9e35ede4542f55dcf95 pre_er_md5=bc16a28c66526b35644baa5a91c9787f cm_sz=7788605 pre_er_sz=7768203 delta=20402
[2026-06-06T06:11:16+00:00] file=session_state.md outcome=NOOP cm_md5=9db2b6235e559d00337f7f2a7d41b6d3 sz=35201
[2026-06-06T06:11:16+00:00] file=telegram_context.md outcome=NOOP cm_md5=e9e4d52439154b0e9c90ba60379420b8 sz=29493
[2026-06-06T06:11:16+00:00] file=personal_profile.md outcome=NOOP cm_md5=fec16b4618dda8f771d43eeb79fa499b sz=338195
[2026-06-06T07:11:14+00:00] file=cousin_write_audit_log.md outcome=OK cm_md5=4b257b8087e8bb28dbd4bf7c30d15531 pre_er_md5=9d073ebf41b6d9e35ede4542f55dcf95 cm_sz=7803368 pre_er_sz=7788605 delta=14763
[2026-06-06T07:11:14+00:00] file=session_state.md outcome=NOOP cm_md5=9db2b6235e559d00337f7f2a7d41b6d3 sz=35201
[2026-06-06T07:11:14+00:00] file=telegram_context.md outcome=NOOP cm_md5=e9e4d52439154b0e9c90ba60379420b8 sz=29493
[2026-06-06T07:11:14+00:00] file=personal_profile.md outcome=NOOP cm_md5=fec16b4618dda8f771d43eeb79fa499b sz=338195
[2026-06-06T08:11:09+00:00] file=cousin_write_audit_log.md outcome=OK cm_md5=1dfbeb36d28aed263041c8ed79c7dfec pre_er_md5=4b257b8087e8bb28dbd4bf7c30d15531 cm_sz=7819226 pre_er_sz=7803368 delta=15858
[2026-06-06T08:11:09+00:00] file=session_state.md outcome=NOOP cm_md5=9db2b6235e559d00337f7f2a7d41b6d3 sz=35201
[2026-06-06T08:11:09+00:00] file=telegram_context.md outcome=NOOP cm_md5=e9e4d52439154b0e9c90ba60379420b8 sz=29493
[2026-06-06T08:11:09+00:00] file=personal_profile.md outcome=NOOP cm_md5=fec16b4618dda8f771d43eeb79fa499b sz=338195
[2026-06-06T09:11:12+00:00] file=cousin_write_audit_log.md outcome=OK cm_md5=2609d3682fa533463337a0b59574c385 pre_er_md5=1dfbeb36d28aed263041c8ed79c7dfec cm_sz=7834719 pre_er_sz=7819226 delta=15493
[2026-06-06T09:11:12+00:00] file=session_state.md outcome=NOOP cm_md5=9db2b6235e559d00337f7f2a7d41b6d3 sz=35201
[2026-06-06T09:11:12+00:00] file=telegram_context.md outcome=NOOP cm_md5=e9e4d52439154b0e9c90ba60379420b8 sz=29493
[2026-06-06T09:11:12+00:00] file=personal_profile.md outcome=NOOP cm_md5=fec16b4618dda8f771d43eeb79fa499b sz=338195
[2026-06-06T10:11:15+00:00] file=cousin_write_audit_log.md outcome=OK cm_md5=19fb5ca330d92b2840f98470bed81898 pre_er_md5=2609d3682fa533463337a0b59574c385 cm_sz=7850212 pre_er_sz=7834719 delta=15493
[2026-06-06T10:11:15+00:00] file=session_state.md outcome=NOOP cm_md5=9db2b6235e559d00337f7f2a7d41b6d3 sz=35201
[2026-06-06T10:11:15+00:00] file=telegram_context.md outcome=NOOP cm_md5=e9e4d52439154b0e9c90ba60379420b8 sz=29493
[2026-06-06T10:11:15+00:00] file=personal_profile.md outcome=NOOP cm_md5=fec16b4618dda8f771d43eeb79fa499b sz=338195
[2026-06-06T11:11:05+00:00] file=cousin_write_audit_log.md outcome=OK cm_md5=deaa8e30e035efdd224b4e48616dff5b pre_er_md5=19fb5ca330d92b2840f98470bed81898 cm_sz=7866070 pre_er_sz=7850212 delta=15858
[2026-06-06T11:11:05+00:00] file=session_state.md outcome=NOOP cm_md5=9db2b6235e559d00337f7f2a7d41b6d3 sz=35201
[2026-06-06T11:11:05+00:00] file=telegram_context.md outcome=NOOP cm_md5=e9e4d52439154b0e9c90ba60379420b8 sz=29493
[2026-06-06T11:11:05+00:00] file=personal_profile.md outcome=NOOP cm_md5=fec16b4618dda8f771d43eeb79fa499b sz=338195
[2026-06-06T13:11:10+00:00] file=cousin_write_audit_log.md outcome=OK cm_md5=7400e58ff8a17c2ebcfc10071ee0a4e4 pre_er_md5=deaa8e30e035efdd224b4e48616dff5b cm_sz=7888346 pre_er_sz=7866070 delta=22276
[2026-06-06T13:11:10+00:00] file=session_state.md outcome=NOOP cm_md5=9db2b6235e559d00337f7f2a7d41b6d3 sz=35201
[2026-06-06T13:11:10+00:00] file=telegram_context.md outcome=NOOP cm_md5=e9e4d52439154b0e9c90ba60379420b8 sz=29493
[2026-06-06T13:11:10+00:00] file=personal_profile.md outcome=NOOP cm_md5=fec16b4618dda8f771d43eeb79fa499b sz=338195
[2026-06-06T15:11:16+00:00] file=cousin_write_audit_log.md outcome=NOOP cm_md5=7400e58ff8a17c2ebcfc10071ee0a4e4 sz=7888346
[2026-06-06T15:11:16+00:00] file=session_state.md outcome=NOOP cm_md5=9db2b6235e559d00337f7f2a7d41b6d3 sz=35201
[2026-06-06T15:11:16+00:00] file=telegram_context.md outcome=NOOP cm_md5=e9e4d52439154b0e9c90ba60379420b8 sz=29493
[2026-06-06T15:11:16+00:00] file=personal_profile.md outcome=NOOP cm_md5=fec16b4618dda8f771d43eeb79fa499b sz=338195
[2026-06-06T19:11:12+00:00] file=cousin_write_audit_log.md outcome=NOOP cm_md5=7400e58ff8a17c2ebcfc10071ee0a4e4 sz=7888346
[2026-06-06T19:11:12+00:00] file=session_state.md outcome=NOOP cm_md5=9db2b6235e559d00337f7f2a7d41b6d3 sz=35201
[2026-06-06T19:11:12+00:00] file=telegram_context.md outcome=NOOP cm_md5=e9e4d52439154b0e9c90ba60379420b8 sz=29493
[2026-06-06T19:11:12+00:00] file=personal_profile.md outcome=NOOP cm_md5=fec16b4618dda8f771d43eeb79fa499b sz=338195
[2026-06-06T20:11:13+00:00] file=cousin_write_audit_log.md outcome=NOOP cm_md5=7400e58ff8a17c2ebcfc10071ee0a4e4 sz=7888346
[2026-06-06T20:11:14+00:00] file=session_state.md outcome=NOOP cm_md5=9db2b6235e559d00337f7f2a7d41b6d3 sz=35201
[2026-06-06T20:11:14+00:00] file=telegram_context.md outcome=NOOP cm_md5=e9e4d52439154b0e9c90ba60379420b8 sz=29493
[2026-06-06T20:11:14+00:00] file=personal_profile.md outcome=NOOP cm_md5=fec16b4618dda8f771d43eeb79fa499b sz=338195
[2026-06-06T23:11:03+00:00] file=cousin_write_audit_log.md outcome=NOOP cm_md5=7400e58ff8a17c2ebcfc10071ee0a4e4 sz=7888346
[2026-06-06T23:11:03+00:00] file=session_state.md outcome=NOOP cm_md5=9db2b6235e559d00337f7f2a7d41b6d3 sz=35201
[2026-06-06T23:11:03+00:00] file=telegram_context.md outcome=NOOP cm_md5=e9e4d52439154b0e9c90ba60379420b8 sz=29493
[2026-06-06T23:11:03+00:00] file=personal_profile.md outcome=NOOP cm_md5=fec16b4618dda8f771d43eeb79fa499b sz=338195
[2026-06-07T00:11:08+00:00] file=cousin_write_audit_log.md outcome=NOOP cm_md5=7400e58ff8a17c2ebcfc10071ee0a4e4 sz=7888346
[2026-06-07T00:11:08+00:00] file=session_state.md outcome=NOOP cm_md5=9db2b6235e559d00337f7f2a7d41b6d3 sz=35201
[2026-06-07T00:11:08+00:00] file=telegram_context.md outcome=NOOP cm_md5=e9e4d52439154b0e9c90ba60379420b8 sz=29493
[2026-06-07T00:11:08+00:00] file=personal_profile.md outcome=NOOP cm_md5=fec16b4618dda8f771d43eeb79fa499b sz=338195
[2026-06-07T01:11:08+00:00] file=cousin_write_audit_log.md outcome=NOOP cm_md5=7400e58ff8a17c2ebcfc10071ee0a4e4 sz=7888346
[2026-06-07T01:11:08+00:00] file=session_state.md outcome=NOOP cm_md5=9db2b6235e559d00337f7f2a7d41b6d3 sz=35201
[2026-06-07T01:11:08+00:00] file=telegram_context.md outcome=NOOP cm_md5=e9e4d52439154b0e9c90ba60379420b8 sz=29493
[2026-06-07T01:11:08+00:00] file=personal_profile.md outcome=NOOP cm_md5=fec16b4618dda8f771d43eeb79fa499b sz=338195
ts=2026-06-07T02:11:09Z file=cousin_write_audit_log.md outcome=NOOP
ts=2026-06-07T02:11:09Z file=session_state.md outcome=NOOP
ts=2026-06-07T02:11:09Z file=telegram_context.md outcome=NOOP
ts=2026-06-07T02:11:09Z file=personal_profile.md outcome=NOOP
[2026-06-07T04:11:07+00:00] file=cousin_write_audit_log.md outcome=NOOP cm_md5=7400e58ff8a17c2ebcfc10071ee0a4e4 sz=7888346
[2026-06-07T04:11:07+00:00] file=session_state.md outcome=NOOP cm_md5=9db2b6235e559d00337f7f2a7d41b6d3 sz=35201
[2026-06-07T04:11:07+00:00] file=telegram_context.md outcome=NOOP cm_md5=e9e4d52439154b0e9c90ba60379420b8 sz=29493
[2026-06-07T04:11:07+00:00] file=personal_profile.md outcome=NOOP cm_md5=fec16b4618dda8f771d43eeb79fa499b sz=338195
[2026-06-07T05:11:27+00:00] file=cousin_write_audit_log.md outcome=OK cm_md5=4a7356bf8b0a20402f447e7699454b8e pre_er_md5=7400e58ff8a17c2ebcfc10071ee0a4e4 cm_sz=7890505 pre_er_sz=7888346 delta=2159
[2026-06-07T05:11:27+00:00] file=session_state.md outcome=NOOP cm_md5=9db2b6235e559d00337f7f2a7d41b6d3 sz=35201
[2026-06-07T05:11:27+00:00] file=telegram_context.md outcome=NOOP cm_md5=e9e4d52439154b0e9c90ba60379420b8 sz=29493
[2026-06-07T05:11:27+00:00] file=personal_profile.md outcome=NOOP cm_md5=fec16b4618dda8f771d43eeb79fa499b sz=338195
[2026-06-07T06:11:07+00:00] file=cousin_write_audit_log.md outcome=NOOP cm_md5=4a7356bf8b0a20402f447e7699454b8e sz=7890505
[2026-06-07T06:11:07+00:00] file=session_state.md outcome=NOOP cm_md5=9db2b6235e559d00337f7f2a7d41b6d3 sz=35201
[2026-06-07T06:11:07+00:00] file=telegram_context.md outcome=NOOP cm_md5=e9e4d52439154b0e9c90ba60379420b8 sz=29493
[2026-06-07T06:11:07+00:00] file=personal_profile.md outcome=NOOP cm_md5=fec16b4618dda8f771d43eeb79fa499b sz=338195
2026-06-07T07:11:22Z file=cousin_write_audit_log.md outcome=NOOP
2026-06-07T07:11:22Z file=session_state.md outcome=NOOP
2026-06-07T07:11:22Z file=telegram_context.md outcome=NOOP
2026-06-07T07:11:22Z file=personal_profile.md outcome=NOOP
[2026-06-07T08:10:16+00:00] file=cousin_write_audit_log.md outcome=NOOP cm_md5=4a7356bf8b0a20402f447e7699454b8e sz=7890505
[2026-06-07T08:10:16+00:00] file=session_state.md outcome=NOOP cm_md5=9db2b6235e559d00337f7f2a7d41b6d3 sz=35201
[2026-06-07T08:10:16+00:00] file=telegram_context.md outcome=NOOP cm_md5=e9e4d52439154b0e9c90ba60379420b8 sz=29493
[2026-06-07T08:10:16+00:00] file=personal_profile.md outcome=NOOP cm_md5=fec16b4618dda8f771d43eeb79fa499b sz=338195
[2026-06-07T09:10:07+00:00] file=cousin_write_audit_log.md outcome=OK cm_md5=558404f15e14c77eaf0cdfa0e80751ac pre_er_md5=4a7356bf8b0a20402f447e7699454b8e cm_sz=7892656 pre_er_sz=7890505 delta=2151
[2026-06-07T09:10:07+00:00] file=session_state.md outcome=NOOP cm_md5=9db2b6235e559d00337f7f2a7d41b6d3 sz=35201
[2026-06-07T09:10:07+00:00] file=telegram_context.md outcome=NOOP cm_md5=e9e4d52439154b0e9c90ba60379420b8 sz=29493
[2026-06-07T09:10:07+00:00] file=personal_profile.md outcome=NOOP cm_md5=fec16b4618dda8f771d43eeb79fa499b sz=338195
[2026-06-07T10:10:29+00:00] file=cousin_write_audit_log.md outcome=NOOP cm_md5=558404f15e14c77eaf0cdfa0e80751ac cm_sz=7892656
[2026-06-07T10:10:29+00:00] file=session_state.md outcome=NOOP cm_md5=9db2b6235e559d00337f7f2a7d41b6d3 cm_sz=35201
[2026-06-07T10:10:29+00:00] file=telegram_context.md outcome=NOOP cm_md5=e9e4d52439154b0e9c90ba60379420b8 cm_sz=29493
[2026-06-07T10:10:29+00:00] file=personal_profile.md outcome=NOOP cm_md5=fec16b4618dda8f771d43eeb79fa499b cm_sz=338195
[2026-06-07T11:10:05+00:00] file=cousin_write_audit_log.md outcome=NOOP cm_md5=558404f15e14c77eaf0cdfa0e80751ac sz=7892656
[2026-06-07T11:10:05+00:00] file=session_state.md outcome=NOOP cm_md5=9db2b6235e559d00337f7f2a7d41b6d3 sz=35201
[2026-06-07T11:10:05+00:00] file=telegram_context.md outcome=NOOP cm_md5=e9e4d52439154b0e9c90ba60379420b8 sz=29493
[2026-06-07T11:10:05+00:00] file=personal_profile.md outcome=NOOP cm_md5=fec16b4618dda8f771d43eeb79fa499b sz=338195
[2026-06-07T12:10:14+00:00] file=cousin_write_audit_log.md outcome=NOOP cm_md5=558404f15e14c77eaf0cdfa0e80751ac sz=7892656
[2026-06-07T12:10:14+00:00] file=session_state.md outcome=NOOP cm_md5=9db2b6235e559d00337f7f2a7d41b6d3 sz=35201
[2026-06-07T12:10:14+00:00] file=telegram_context.md outcome=NOOP cm_md5=e9e4d52439154b0e9c90ba60379420b8 sz=29493
[2026-06-07T12:10:14+00:00] file=personal_profile.md outcome=NOOP cm_md5=fec16b4618dda8f771d43eeb79fa499b sz=338195
[2026-06-07T13:10:21+00:00] file=cousin_write_audit_log.md outcome=NOOP cm_md5=558404f15e14c77eaf0cdfa0e80751ac sz=7892656
[2026-06-07T13:10:21+00:00] file=session_state.md outcome=NOOP cm_md5=9db2b6235e559d00337f7f2a7d41b6d3 sz=35201
[2026-06-07T13:10:21+00:00] file=telegram_context.md outcome=NOOP cm_md5=e9e4d52439154b0e9c90ba60379420b8 sz=29493
[2026-06-07T13:10:21+00:00] file=personal_profile.md outcome=NOOP cm_md5=fec16b4618dda8f771d43eeb79fa499b sz=338195
[2026-06-07T15:10:07+00:00] file=cousin_write_audit_log.md outcome=NOOP cm_md5=558404f15e14c77eaf0cdfa0e80751ac sz=7892656
[2026-06-07T15:10:07+00:00] file=session_state.md outcome=NOOP cm_md5=9db2b6235e559d00337f7f2a7d41b6d3 sz=35201
[2026-06-07T15:10:07+00:00] file=telegram_context.md outcome=NOOP cm_md5=e9e4d52439154b0e9c90ba60379420b8 sz=29493
[2026-06-07T15:10:07+00:00] file=personal_profile.md outcome=NOOP cm_md5=fec16b4618dda8f771d43eeb79fa499b sz=338195
[2026-06-07T18:10:17+00:00] file=cousin_write_audit_log.md outcome=NOOP cm_md5=558404f15e14c77eaf0cdfa0e80751ac sz=7892656
[2026-06-07T18:10:17+00:00] file=session_state.md outcome=NOOP cm_md5=9db2b6235e559d00337f7f2a7d41b6d3 sz=35201
[2026-06-07T18:10:17+00:00] file=telegram_context.md outcome=NOOP cm_md5=e9e4d52439154b0e9c90ba60379420b8 sz=29493
[2026-06-07T18:10:17+00:00] file=personal_profile.md outcome=NOOP cm_md5=fec16b4618dda8f771d43eeb79fa499b sz=338195
[2026-06-07T19:10:10+00:00] file=cousin_write_audit_log.md outcome=NOOP cm_md5=558404f15e14c77eaf0cdfa0e80751ac sz=7892656
[2026-06-07T19:10:10+00:00] file=session_state.md outcome=NOOP cm_md5=9db2b6235e559d00337f7f2a7d41b6d3 sz=35201
[2026-06-07T19:10:10+00:00] file=telegram_context.md outcome=NOOP cm_md5=e9e4d52439154b0e9c90ba60379420b8 sz=29493
[2026-06-07T19:10:10+00:00] file=personal_profile.md outcome=NOOP cm_md5=fec16b4618dda8f771d43eeb79fa499b sz=338195
[2026-06-07T20:10:29+00:00] file=cousin_write_audit_log.md outcome=NOOP cm_md5=558404f15e14c77eaf0cdfa0e80751ac sz=7892656
[2026-06-07T20:10:29+00:00] file=session_state.md outcome=NOOP cm_md5=9db2b6235e559d00337f7f2a7d41b6d3 sz=35201
[2026-06-07T20:10:29+00:00] file=telegram_context.md outcome=NOOP cm_md5=e9e4d52439154b0e9c90ba60379420b8 sz=29493
[2026-06-07T20:10:29+00:00] file=personal_profile.md outcome=NOOP cm_md5=fec16b4618dda8f771d43eeb79fa499b sz=338195
[2026-06-07T21:10:58+00:00] file=cousin_write_audit_log.md outcome=NOOP cm_md5=558404f15e14c77eaf0cdfa0e80751ac
[2026-06-07T21:10:58+00:00] file=session_state.md outcome=NOOP cm_md5=9db2b6235e559d00337f7f2a7d41b6d3
[2026-06-07T21:10:58+00:00] file=telegram_context.md outcome=NOOP cm_md5=e9e4d52439154b0e9c90ba60379420b8
[2026-06-07T21:10:58+00:00] file=personal_profile.md outcome=NOOP cm_md5=fec16b4618dda8f771d43eeb79fa499b
[2026-06-07T22:10:25+00:00] file=cousin_write_audit_log.md outcome=NOOP cm_md5=558404f15e14c77eaf0cdfa0e80751ac sz=7892656
[2026-06-07T22:10:25+00:00] file=session_state.md outcome=NOOP cm_md5=9db2b6235e559d00337f7f2a7d41b6d3 sz=35201
[2026-06-07T22:10:25+00:00] file=telegram_context.md outcome=NOOP cm_md5=e9e4d52439154b0e9c90ba60379420b8 sz=29493
[2026-06-07T22:10:25+00:00] file=personal_profile.md outcome=NOOP cm_md5=fec16b4618dda8f771d43eeb79fa499b sz=338195
[2026-06-08T00:10:27+00:00] file=cousin_write_audit_log.md outcome=NOOP cm_md5=558404f15e14c77eaf0cdfa0e80751ac sz=7892656
[2026-06-08T00:10:27+00:00] file=session_state.md outcome=NOOP cm_md5=9db2b6235e559d00337f7f2a7d41b6d3 sz=35201
[2026-06-08T00:10:27+00:00] file=telegram_context.md outcome=NOOP cm_md5=e9e4d52439154b0e9c90ba60379420b8 sz=29493
[2026-06-08T00:10:27+00:00] file=personal_profile.md outcome=NOOP cm_md5=fec16b4618dda8f771d43eeb79fa499b sz=338195
[2026-06-08T01:10:42+00:00] file=cousin_write_audit_log.md outcome=OK cm_md5=2679ff029aaa4aeec16ae01cb3cf3c39 pre_er_md5=558404f15e14c77eaf0cdfa0e80751ac cm_sz=7896605 pre_er_sz=7892656 delta=3949
[2026-06-08T01:10:42+00:00] file=session_state.md outcome=NOOP cm_md5=9db2b6235e559d00337f7f2a7d41b6d3 sz=35201
[2026-06-08T01:10:42+00:00] file=telegram_context.md outcome=NOOP cm_md5=e9e4d52439154b0e9c90ba60379420b8 sz=29493
[2026-06-08T01:10:42+00:00] file=personal_profile.md outcome=NOOP cm_md5=fec16b4618dda8f771d43eeb79fa499b sz=338195
ts=2026-06-08T02:10:47+00:00 file=cousin_write_audit_log.md outcome=NOOP
ts=2026-06-08T02:10:47+00:00 file=session_state.md outcome=NOOP
ts=2026-06-08T02:10:47+00:00 file=telegram_context.md outcome=NOOP
ts=2026-06-08T02:10:47+00:00 file=personal_profile.md outcome=NOOP
[2026-06-08T03:10:24+00:00] file=cousin_write_audit_log.md outcome=NOOP cm_md5=2679ff029aaa4aeec16ae01cb3cf3c39 sz=7896605
[2026-06-08T03:10:24+00:00] file=session_state.md outcome=NOOP cm_md5=9db2b6235e559d00337f7f2a7d41b6d3 sz=35201
[2026-06-08T03:10:24+00:00] file=telegram_context.md outcome=NOOP cm_md5=e9e4d52439154b0e9c90ba60379420b8 sz=29493
[2026-06-08T03:10:24+00:00] file=personal_profile.md outcome=NOOP cm_md5=fec16b4618dda8f771d43eeb79fa499b sz=338195
[2026-06-08T04:10:36+00:00] file=cousin_write_audit_log.md outcome=NOOP cm_md5=2679ff029aaa4aeec16ae01cb3cf3c39 sz=7896605
[2026-06-08T04:10:36+00:00] file=session_state.md outcome=NOOP cm_md5=9db2b6235e559d00337f7f2a7d41b6d3 sz=35201
[2026-06-08T04:10:36+00:00] file=telegram_context.md outcome=NOOP cm_md5=e9e4d52439154b0e9c90ba60379420b8 sz=29493
[2026-06-08T04:10:36+00:00] file=personal_profile.md outcome=NOOP cm_md5=fec16b4618dda8f771d43eeb79fa499b sz=338195
[2026-06-08T05:10:23+00:00] file=cousin_write_audit_log.md outcome=NOOP cm_md5=2679ff029aaa4aeec16ae01cb3cf3c39 sz=7896605
[2026-06-08T05:10:23+00:00] file=session_state.md outcome=NOOP cm_md5=9db2b6235e559d00337f7f2a7d41b6d3 sz=35201
[2026-06-08T05:10:23+00:00] file=telegram_context.md outcome=NOOP cm_md5=e9e4d52439154b0e9c90ba60379420b8 sz=29493
[2026-06-08T05:10:23+00:00] file=personal_profile.md outcome=NOOP cm_md5=fec16b4618dda8f771d43eeb79fa499b sz=338195
[2026-06-08T06:10:38+00:00] file=cousin_write_audit_log.md outcome=NOOP cm_md5=2679ff029aaa4aeec16ae01cb3cf3c39 sz=7896605
[2026-06-08T06:10:38+00:00] file=session_state.md outcome=NOOP cm_md5=9db2b6235e559d00337f7f2a7d41b6d3 sz=35201
[2026-06-08T06:10:38+00:00] file=telegram_context.md outcome=NOOP cm_md5=e9e4d52439154b0e9c90ba60379420b8 sz=29493
[2026-06-08T06:10:38+00:00] file=personal_profile.md outcome=NOOP cm_md5=fec16b4618dda8f771d43eeb79fa499b sz=338195
[2026-06-08T07:10:37+00:00] file=cousin_write_audit_log.md outcome=OK cm_md5=62a2cc0e2a83cb39450b5df0459ee491 pre_er_md5=2679ff029aaa4aeec16ae01cb3cf3c39 cm_sz=7898044 pre_er_sz=7896605 delta=1439
[2026-06-08T07:10:37+00:00] file=session_state.md outcome=NOOP cm_md5=9db2b6235e559d00337f7f2a7d41b6d3 sz=35201
[2026-06-08T07:10:37+00:00] file=telegram_context.md outcome=NOOP cm_md5=e9e4d52439154b0e9c90ba60379420b8 sz=29493
[2026-06-08T07:10:37+00:00] file=personal_profile.md outcome=NOOP cm_md5=fec16b4618dda8f771d43eeb79fa499b sz=338195
[2026-06-08T08:10:33+00:00] file=cousin_write_audit_log.md outcome=OK cm_md5=005d6e33f350947179a89056d80bae44 pre_er_md5=62a2cc0e2a83cb39450b5df0459ee491 cm_sz=7899479 pre_er_sz=7898044 delta=1435
[2026-06-08T08:10:33+00:00] file=session_state.md outcome=NOOP cm_md5=9db2b6235e559d00337f7f2a7d41b6d3 sz=35201
[2026-06-08T08:10:33+00:00] file=telegram_context.md outcome=NOOP cm_md5=e9e4d52439154b0e9c90ba60379420b8 sz=29493
[2026-06-08T08:10:33+00:00] file=personal_profile.md outcome=NOOP cm_md5=fec16b4618dda8f771d43eeb79fa499b sz=338195
[2026-06-08T10:10:26+00:00] file=cousin_write_audit_log.md outcome=NOOP cm_md5=005d6e33f350947179a89056d80bae44 sz=7899479
[2026-06-08T10:10:26+00:00] file=session_state.md outcome=NOOP cm_md5=9db2b6235e559d00337f7f2a7d41b6d3 sz=35201
[2026-06-08T10:10:26+00:00] file=telegram_context.md outcome=NOOP cm_md5=e9e4d52439154b0e9c90ba60379420b8 sz=29493
[2026-06-08T10:10:26+00:00] file=personal_profile.md outcome=NOOP cm_md5=fec16b4618dda8f771d43eeb79fa499b sz=338195
[2026-06-08T13:10:44+00:00] file=cousin_write_audit_log.md outcome=NOOP cm_md5=005d6e33f350947179a89056d80bae44 sz=7899479
[2026-06-08T13:10:44+00:00] file=session_state.md outcome=NOOP cm_md5=9db2b6235e559d00337f7f2a7d41b6d3 sz=35201
[2026-06-08T13:10:44+00:00] file=telegram_context.md outcome=NOOP cm_md5=e9e4d52439154b0e9c90ba60379420b8 sz=29493
[2026-06-08T13:10:44+00:00] file=personal_profile.md outcome=NOOP cm_md5=fec16b4618dda8f771d43eeb79fa499b sz=338195
[2026-06-08T14:10:37+00:00] file=cousin_write_audit_log.md outcome=NOOP cm_md5=005d6e33f350947179a89056d80bae44 sz=7899479
[2026-06-08T14:10:37+00:00] file=session_state.md outcome=NOOP cm_md5=9db2b6235e559d00337f7f2a7d41b6d3 sz=35201
[2026-06-08T14:10:37+00:00] file=telegram_context.md outcome=NOOP cm_md5=e9e4d52439154b0e9c90ba60379420b8 sz=29493
[2026-06-08T14:10:37+00:00] file=personal_profile.md outcome=NOOP cm_md5=fec16b4618dda8f771d43eeb79fa499b sz=338195
[2026-06-08T15:10:37+00:00] file=cousin_write_audit_log.md outcome=NOOP cm_md5=005d6e33f350947179a89056d80bae44 sz=7899479
[2026-06-08T15:10:37+00:00] file=session_state.md outcome=NOOP cm_md5=9db2b6235e559d00337f7f2a7d41b6d3 sz=35201
[2026-06-08T15:10:37+00:00] file=telegram_context.md outcome=NOOP cm_md5=e9e4d52439154b0e9c90ba60379420b8 sz=29493
[2026-06-08T15:10:37+00:00] file=personal_profile.md outcome=NOOP cm_md5=fec16b4618dda8f771d43eeb79fa499b sz=338195
[2026-06-08T16:10:37+00:00] file=cousin_write_audit_log.md outcome=NOOP cm_md5=005d6e33f350947179a89056d80bae44 sz=7899479
[2026-06-08T16:10:37+00:00] file=session_state.md outcome=NOOP cm_md5=9db2b6235e559d00337f7f2a7d41b6d3 sz=35201
[2026-06-08T16:10:37+00:00] file=telegram_context.md outcome=NOOP cm_md5=e9e4d52439154b0e9c90ba60379420b8 sz=29493
[2026-06-08T16:10:37+00:00] file=personal_profile.md outcome=NOOP cm_md5=fec16b4618dda8f771d43eeb79fa499b sz=338195
ts=2026-06-08T18:10:35+00:00 file=cousin_write_audit_log.md outcome=NOOP
ts=2026-06-08T18:10:35+00:00 file=session_state.md outcome=NOOP
ts=2026-06-08T18:10:35+00:00 file=telegram_context.md outcome=NOOP
ts=2026-06-08T18:10:35+00:00 file=personal_profile.md outcome=NOOP
[2026-06-08T19:10:48+00:00] file=cousin_write_audit_log.md outcome=NOOP cm_md5=005d6e33f350947179a89056d80bae44 sz=7899479
[2026-06-08T19:10:48+00:00] file=session_state.md outcome=NOOP cm_md5=9db2b6235e559d00337f7f2a7d41b6d3 sz=35201
[2026-06-08T19:10:48+00:00] file=telegram_context.md outcome=NOOP cm_md5=e9e4d52439154b0e9c90ba60379420b8 sz=29493
[2026-06-08T19:10:48+00:00] file=personal_profile.md outcome=NOOP cm_md5=fec16b4618dda8f771d43eeb79fa499b sz=338195
ts=2026-06-08T20:10:43+00:00 file=cousin_write_audit_log.md outcome=NOOP
ts=2026-06-08T20:10:43+00:00 file=session_state.md outcome=NOOP
ts=2026-06-08T20:10:43+00:00 file=telegram_context.md outcome=NOOP
ts=2026-06-08T20:10:43+00:00 file=personal_profile.md outcome=NOOP
[2026-06-08T21:10:40+00:00] file=cousin_write_audit_log.md outcome=NOOP cm_md5=005d6e33f350947179a89056d80bae44 sz=7899479
[2026-06-08T21:10:40+00:00] file=session_state.md outcome=NOOP cm_md5=9db2b6235e559d00337f7f2a7d41b6d3 sz=35201
[2026-06-08T21:10:40+00:00] file=telegram_context.md outcome=NOOP cm_md5=e9e4d52439154b0e9c90ba60379420b8 sz=29493
[2026-06-08T21:10:40+00:00] file=personal_profile.md outcome=NOOP cm_md5=fec16b4618dda8f771d43eeb79fa499b sz=338195
[2026-06-08T22:10:38+00:00] file=cousin_write_audit_log.md outcome=NOOP cm_md5=005d6e33f350947179a89056d80bae44 sz=7899479
[2026-06-08T22:10:38+00:00] file=session_state.md outcome=NOOP cm_md5=9db2b6235e559d00337f7f2a7d41b6d3 sz=35201
[2026-06-08T22:10:38+00:00] file=telegram_context.md outcome=NOOP cm_md5=e9e4d52439154b0e9c90ba60379420b8 sz=29493
[2026-06-08T22:10:38+00:00] file=personal_profile.md outcome=NOOP cm_md5=fec16b4618dda8f771d43eeb79fa499b sz=338195
[2026-06-08T23:10:41+00:00] file=cousin_write_audit_log.md outcome=NOOP cm_md5=005d6e33f350947179a89056d80bae44 sz=7899479
[2026-06-08T23:10:41+00:00] file=session_state.md outcome=NOOP cm_md5=9db2b6235e559d00337f7f2a7d41b6d3 sz=35201
[2026-06-08T23:10:41+00:00] file=telegram_context.md outcome=NOOP cm_md5=e9e4d52439154b0e9c90ba60379420b8 sz=29493
[2026-06-08T23:10:41+00:00] file=personal_profile.md outcome=NOOP cm_md5=fec16b4618dda8f771d43eeb79fa499b sz=338195
[2026-06-09T00:10:42+00:00] file=cousin_write_audit_log.md outcome=NOOP cm_md5=005d6e33f350947179a89056d80bae44 sz=7899479
[2026-06-09T00:10:42+00:00] file=session_state.md outcome=NOOP cm_md5=9db2b6235e559d00337f7f2a7d41b6d3 sz=35201
[2026-06-09T00:10:42+00:00] file=telegram_context.md outcome=NOOP cm_md5=e9e4d52439154b0e9c90ba60379420b8 sz=29493
[2026-06-09T00:10:42+00:00] file=personal_profile.md outcome=NOOP cm_md5=fec16b4618dda8f771d43eeb79fa499b sz=338195
ts=2026-06-09T02:10:38+00:00 file=cousin_write_audit_log.md outcome=NOOP src_bytes=7899479 dst_bytes=7899479
ts=2026-06-09T02:10:38+00:00 file=session_state.md outcome=NOOP src_bytes=35201 dst_bytes=35201
ts=2026-06-09T02:10:38+00:00 file=telegram_context.md outcome=NOOP src_bytes=29493 dst_bytes=29493
ts=2026-06-09T02:10:38+00:00 file=personal_profile.md outcome=NOOP src_bytes=338195 dst_bytes=338195
2026-06-09T03:10:36Z file=cousin_write_audit_log.md outcome=NOOP
2026-06-09T03:10:36Z file=session_state.md outcome=NOOP
2026-06-09T03:10:36Z file=telegram_context.md outcome=NOOP
2026-06-09T03:10:36Z file=personal_profile.md outcome=NOOP
[2026-06-09T04:10:34+00:00] file=cousin_write_audit_log.md outcome=NOOP cm_md5=005d6e33f350947179a89056d80bae44 sz=7899479
[2026-06-09T04:10:34+00:00] file=session_state.md outcome=NOOP cm_md5=9db2b6235e559d00337f7f2a7d41b6d3 sz=35201
[2026-06-09T04:10:34+00:00] file=telegram_context.md outcome=NOOP cm_md5=e9e4d52439154b0e9c90ba60379420b8 sz=29493
[2026-06-09T04:10:35+00:00] file=personal_profile.md outcome=NOOP cm_md5=fec16b4618dda8f771d43eeb79fa499b sz=338195
[2026-06-09T05:10:38+00:00] file=cousin_write_audit_log.md outcome=NOOP cm_md5=005d6e33f350947179a89056d80bae44 sz=7899479
[2026-06-09T05:10:38+00:00] file=session_state.md outcome=NOOP cm_md5=9db2b6235e559d00337f7f2a7d41b6d3 sz=35201
[2026-06-09T05:10:38+00:00] file=telegram_context.md outcome=NOOP cm_md5=e9e4d52439154b0e9c90ba60379420b8 sz=29493
[2026-06-09T05:10:38+00:00] file=personal_profile.md outcome=NOOP cm_md5=fec16b4618dda8f771d43eeb79fa499b sz=338195
[2026-06-09T08:10:31+00:00] file=cousin_write_audit_log.md outcome=NOOP cm_md5=005d6e33f350947179a89056d80bae44 sz=7899479
[2026-06-09T08:10:31+00:00] file=session_state.md outcome=NOOP cm_md5=9db2b6235e559d00337f7f2a7d41b6d3 sz=35201
[2026-06-09T08:10:31+00:00] file=telegram_context.md outcome=NOOP cm_md5=e9e4d52439154b0e9c90ba60379420b8 sz=29493
[2026-06-09T08:10:31+00:00] file=personal_profile.md outcome=NOOP cm_md5=fec16b4618dda8f771d43eeb79fa499b sz=338195
[2026-06-09T09:10:42+00:00] file=cousin_write_audit_log.md outcome=NOOP cm_md5=005d6e33f350947179a89056d80bae44 sz=7899479
[2026-06-09T09:10:42+00:00] file=session_state.md outcome=NOOP cm_md5=9db2b6235e559d00337f7f2a7d41b6d3 sz=35201
[2026-06-09T09:10:42+00:00] file=telegram_context.md outcome=NOOP cm_md5=e9e4d52439154b0e9c90ba60379420b8 sz=29493
[2026-06-09T09:10:42+00:00] file=personal_profile.md outcome=NOOP cm_md5=fec16b4618dda8f771d43eeb79fa499b sz=338195
[2026-06-09T12:10:43+00:00] file=cousin_write_audit_log.md outcome=NOOP cm_md5=005d6e33f350947179a89056d80bae44 sz=7899479
[2026-06-09T12:10:43+00:00] file=session_state.md outcome=NOOP cm_md5=9db2b6235e559d00337f7f2a7d41b6d3 sz=35201
[2026-06-09T12:10:43+00:00] file=telegram_context.md outcome=NOOP cm_md5=e9e4d52439154b0e9c90ba60379420b8 sz=29493
[2026-06-09T12:10:43+00:00] file=personal_profile.md outcome=NOOP cm_md5=fec16b4618dda8f771d43eeb79fa499b sz=338195
[2026-06-09T13:10:42+00:00] file=cousin_write_audit_log.md outcome=NOOP cm_md5=005d6e33f350947179a89056d80bae44 sz=7899479
[2026-06-09T13:10:42+00:00] file=session_state.md outcome=NOOP cm_md5=9db2b6235e559d00337f7f2a7d41b6d3 sz=35201
[2026-06-09T13:10:42+00:00] file=telegram_context.md outcome=NOOP cm_md5=e9e4d52439154b0e9c90ba60379420b8 sz=29493
[2026-06-09T13:10:42+00:00] file=personal_profile.md outcome=NOOP cm_md5=fec16b4618dda8f771d43eeb79fa499b sz=338195
test
[2026-06-09T14:10:56+00:00] file=cousin_write_audit_log.md outcome=NOOP cm_md5=005d6e33f350947179a89056d80bae44
[2026-06-09T14:10:56+00:00] file=session_state.md outcome=NOOP cm_md5=9db2b6235e559d00337f7f2a7d41b6d3
[2026-06-09T14:10:56+00:00] file=telegram_context.md outcome=NOOP cm_md5=e9e4d52439154b0e9c90ba60379420b8
[2026-06-09T14:10:56+00:00] file=personal_profile.md outcome=NOOP cm_md5=fec16b4618dda8f771d43eeb79fa499b
[2026-06-09T15:10:42+00:00] file=cousin_write_audit_log.md outcome=NOOP cm_md5=005d6e33f350947179a89056d80bae44 sz=7899479
[2026-06-09T15:10:42+00:00] file=session_state.md outcome=NOOP cm_md5=9db2b6235e559d00337f7f2a7d41b6d3 sz=35201
[2026-06-09T15:10:42+00:00] file=telegram_context.md outcome=NOOP cm_md5=e9e4d52439154b0e9c90ba60379420b8 sz=29493
[2026-06-09T15:10:42+00:00] file=personal_profile.md outcome=NOOP cm_md5=fec16b4618dda8f771d43eeb79fa499b sz=338195
[2026-06-09T16:10:49+00:00] file=cousin_write_audit_log.md outcome=NOOP cm_md5=005d6e33f350947179a89056d80bae44 sz=7899479
[2026-06-09T16:10:49+00:00] file=session_state.md outcome=NOOP cm_md5=9db2b6235e559d00337f7f2a7d41b6d3 sz=35201
[2026-06-09T16:10:49+00:00] file=telegram_context.md outcome=NOOP cm_md5=e9e4d52439154b0e9c90ba60379420b8 sz=29493
[2026-06-09T16:10:49+00:00] file=personal_profile.md outcome=NOOP cm_md5=fec16b4618dda8f771d43eeb79fa499b sz=338195
[2026-06-09T19:11:06+00:00] file=cousin_write_audit_log.md outcome=NOOP cm_md5=005d6e33f350947179a89056d80bae44 sz=7899479
[2026-06-09T19:11:06+00:00] file=session_state.md outcome=NOOP cm_md5=9db2b6235e559d00337f7f2a7d41b6d3 sz=35201
[2026-06-09T19:11:06+00:00] file=telegram_context.md outcome=NOOP cm_md5=e9e4d52439154b0e9c90ba60379420b8 sz=29493
[2026-06-09T19:11:06+00:00] file=personal_profile.md outcome=NOOP cm_md5=fec16b4618dda8f771d43eeb79fa499b sz=338195
[2026-06-09T20:10:40+00:00] file=cousin_write_audit_log.md outcome=NOOP cm_md5=005d6e33f350947179a89056d80bae44 sz=7899479
[2026-06-09T20:10:40+00:00] file=session_state.md outcome=NOOP cm_md5=9db2b6235e559d00337f7f2a7d41b6d3 sz=35201
[2026-06-09T20:10:40+00:00] file=telegram_context.md outcome=NOOP cm_md5=e9e4d52439154b0e9c90ba60379420b8 sz=29493
[2026-06-09T20:10:40+00:00] file=personal_profile.md outcome=NOOP cm_md5=fec16b4618dda8f771d43eeb79fa499b sz=338195
[2026-06-09T21:10:49+00:00] file=cousin_write_audit_log.md outcome=NOOP cm_md5=005d6e33f350947179a89056d80bae44 sz=7899479
[2026-06-09T21:10:49+00:00] file=session_state.md outcome=NOOP cm_md5=9db2b6235e559d00337f7f2a7d41b6d3 sz=35201
[2026-06-09T21:10:49+00:00] file=telegram_context.md outcome=NOOP cm_md5=e9e4d52439154b0e9c90ba60379420b8 sz=29493
[2026-06-09T21:10:49+00:00] file=personal_profile.md outcome=NOOP cm_md5=fec16b4618dda8f771d43eeb79fa499b sz=338195
2026-06-09T23:10:50Z file=cousin_write_audit_log.md outcome=NOOP
2026-06-09T23:10:50Z file=session_state.md outcome=NOOP
2026-06-09T23:10:50Z file=telegram_context.md outcome=NOOP
2026-06-09T23:10:50Z file=personal_profile.md outcome=NOOP
[2026-06-10T01:10:36+00:00] file=cousin_write_audit_log.md outcome=NOOP cm_md5=005d6e33f350947179a89056d80bae44 sz=7899479
[2026-06-10T01:10:36+00:00] file=session_state.md outcome=NOOP cm_md5=9db2b6235e559d00337f7f2a7d41b6d3 sz=35201
[2026-06-10T01:10:36+00:00] file=telegram_context.md outcome=NOOP cm_md5=e9e4d52439154b0e9c90ba60379420b8 sz=29493
[2026-06-10T01:10:36+00:00] file=personal_profile.md outcome=NOOP cm_md5=fec16b4618dda8f771d43eeb79fa499b sz=338195
[2026-06-10T02:10:40+00:00] file=cousin_write_audit_log.md outcome=NOOP cm_md5=005d6e33f350947179a89056d80bae44 sz=7899479
[2026-06-10T02:10:40+00:00] file=session_state.md outcome=NOOP cm_md5=9db2b6235e559d00337f7f2a7d41b6d3 sz=35201
[2026-06-10T02:10:40+00:00] file=telegram_context.md outcome=NOOP cm_md5=e9e4d52439154b0e9c90ba60379420b8 sz=29493
[2026-06-10T02:10:40+00:00] file=personal_profile.md outcome=NOOP cm_md5=fec16b4618dda8f771d43eeb79fa499b sz=338195
[2026-06-10T03:10:32+00:00] file=cousin_write_audit_log.md outcome=NOOP cm_md5=005d6e33f350947179a89056d80bae44 sz=7899479
[2026-06-10T03:10:32+00:00] file=session_state.md outcome=NOOP cm_md5=9db2b6235e559d00337f7f2a7d41b6d3 sz=35201
[2026-06-10T03:10:32+00:00] file=telegram_context.md outcome=NOOP cm_md5=e9e4d52439154b0e9c90ba60379420b8 sz=29493
[2026-06-10T03:10:32+00:00] file=personal_profile.md outcome=NOOP cm_md5=fec16b4618dda8f771d43eeb79fa499b sz=338195
[2026-06-10T04:10:43+00:00] file=cousin_write_audit_log.md outcome=NOOP cm_md5=005d6e33f350947179a89056d80bae44 sz=7899479
[2026-06-10T04:10:43+00:00] file=session_state.md outcome=NOOP cm_md5=9db2b6235e559d00337f7f2a7d41b6d3 sz=35201
[2026-06-10T04:10:43+00:00] file=telegram_context.md outcome=NOOP cm_md5=e9e4d52439154b0e9c90ba60379420b8 sz=29493
[2026-06-10T04:10:43+00:00] file=personal_profile.md outcome=NOOP cm_md5=fec16b4618dda8f771d43eeb79fa499b sz=338195
[2026-06-10T06:10:40+00:00] file=cousin_write_audit_log.md outcome=OK cm_md5=30c37b3623304256f8700d6b71a3899b pre_er_md5=005d6e33f350947179a89056d80bae44 cm_sz=7901996 pre_er_sz=7899479 delta=2517
[2026-06-10T06:10:40+00:00] file=session_state.md outcome=NOOP cm_md5=9db2b6235e559d00337f7f2a7d41b6d3 sz=35201
[2026-06-10T06:10:40+00:00] file=telegram_context.md outcome=NOOP cm_md5=e9e4d52439154b0e9c90ba60379420b8 sz=29493
[2026-06-10T06:10:40+00:00] file=personal_profile.md outcome=NOOP cm_md5=fec16b4618dda8f771d43eeb79fa499b sz=338195
[2026-06-10T07:10:28+00:00] file=cousin_write_audit_log.md outcome=NOOP cm_md5=30c37b3623304256f8700d6b71a3899b sz=7901996
[2026-06-10T07:10:28+00:00] file=session_state.md outcome=NOOP cm_md5=9db2b6235e559d00337f7f2a7d41b6d3 sz=35201
[2026-06-10T07:10:28+00:00] file=telegram_context.md outcome=NOOP cm_md5=e9e4d52439154b0e9c90ba60379420b8 sz=29493
[2026-06-10T07:10:28+00:00] file=personal_profile.md outcome=NOOP cm_md5=fec16b4618dda8f771d43eeb79fa499b sz=338195
[2026-06-10T08:10:38+00:00] file=cousin_write_audit_log.md outcome=OK cm_md5=f3f289cdefbdbda1d3ad2f935f9e6ca6 pre_er_md5=30c37b3623304256f8700d6b71a3899b cm_sz=7903431 pre_er_sz=7901996 delta=1435
[2026-06-10T08:10:38+00:00] file=session_state.md outcome=NOOP cm_md5=9db2b6235e559d00337f7f2a7d41b6d3 sz=35201
[2026-06-10T08:10:38+00:00] file=telegram_context.md outcome=NOOP cm_md5=e9e4d52439154b0e9c90ba60379420b8 sz=29493
[2026-06-10T08:10:38+00:00] file=personal_profile.md outcome=NOOP cm_md5=fec16b4618dda8f771d43eeb79fa499b sz=338195
[2026-06-10T09:10:33+00:00] file=cousin_write_audit_log.md outcome=NOOP cm_md5=f3f289cdefbdbda1d3ad2f935f9e6ca6 sz=7903431
[2026-06-10T09:10:33+00:00] file=session_state.md outcome=NOOP cm_md5=9db2b6235e559d00337f7f2a7d41b6d3 sz=35201
[2026-06-10T09:10:33+00:00] file=telegram_context.md outcome=NOOP cm_md5=e9e4d52439154b0e9c90ba60379420b8 sz=29493
[2026-06-10T09:10:33+00:00] file=personal_profile.md outcome=NOOP cm_md5=fec16b4618dda8f771d43eeb79fa499b sz=338195
[2026-06-10T10:10:36+00:00] file=cousin_write_audit_log.md outcome=NOOP cm_md5=f3f289cdefbdbda1d3ad2f935f9e6ca6 sz=7903431
[2026-06-10T10:10:36+00:00] file=session_state.md outcome=NOOP cm_md5=9db2b6235e559d00337f7f2a7d41b6d3 sz=35201
[2026-06-10T10:10:37+00:00] file=telegram_context.md outcome=NOOP cm_md5=e9e4d52439154b0e9c90ba60379420b8 sz=29493
[2026-06-10T10:10:37+00:00] file=personal_profile.md outcome=NOOP cm_md5=fec16b4618dda8f771d43eeb79fa499b sz=338195
[2026-06-10T11:10:48+00:00] file=cousin_write_audit_log.md outcome=NOOP cm_md5=f3f289cdefbdbda1d3ad2f935f9e6ca6 sz=7903431
[2026-06-10T11:10:48+00:00] file=session_state.md outcome=NOOP cm_md5=9db2b6235e559d00337f7f2a7d41b6d3 sz=35201
[2026-06-10T11:10:48+00:00] file=telegram_context.md outcome=NOOP cm_md5=e9e4d52439154b0e9c90ba60379420b8 sz=29493
[2026-06-10T11:10:48+00:00] file=personal_profile.md outcome=NOOP cm_md5=fec16b4618dda8f771d43eeb79fa499b sz=338195
[2026-06-10T12:10:41+00:00] file=cousin_write_audit_log.md outcome=NOOP cm_md5=f3f289cdefbdbda1d3ad2f935f9e6ca6 sz=7903431
[2026-06-10T12:10:41+00:00] file=session_state.md outcome=NOOP cm_md5=9db2b6235e559d00337f7f2a7d41b6d3 sz=35201
[2026-06-10T12:10:41+00:00] file=telegram_context.md outcome=NOOP cm_md5=e9e4d52439154b0e9c90ba60379420b8 sz=29493
[2026-06-10T12:10:41+00:00] file=personal_profile.md outcome=NOOP cm_md5=fec16b4618dda8f771d43eeb79fa499b sz=338195
[2026-06-10T13:10:40+00:00] file=cousin_write_audit_log.md outcome=NOOP cm_md5=f3f289cdefbdbda1d3ad2f935f9e6ca6 sz=7903431
[2026-06-10T13:10:40+00:00] file=session_state.md outcome=NOOP cm_md5=9db2b6235e559d00337f7f2a7d41b6d3 sz=35201
[2026-06-10T13:10:40+00:00] file=telegram_context.md outcome=NOOP cm_md5=e9e4d52439154b0e9c90ba60379420b8 sz=29493
[2026-06-10T13:10:40+00:00] file=personal_profile.md outcome=NOOP cm_md5=fec16b4618dda8f771d43eeb79fa499b sz=338195
[2026-06-10T14:11:11+00:00] file=cousin_write_audit_log.md outcome=NOOP cm_md5=f3f289cdefbdbda1d3ad2f935f9e6ca6 sz=7903431
[2026-06-10T14:11:11+00:00] file=session_state.md outcome=NOOP cm_md5=9db2b6235e559d00337f7f2a7d41b6d3 sz=35201
[2026-06-10T14:11:11+00:00] file=telegram_context.md outcome=NOOP cm_md5=e9e4d52439154b0e9c90ba60379420b8 sz=29493
[2026-06-10T14:11:11+00:00] file=personal_profile.md outcome=NOOP cm_md5=fec16b4618dda8f771d43eeb79fa499b sz=338195
[2026-06-10T16:10:44+00:00] file=cousin_write_audit_log.md outcome=NOOP cm_md5=f3f289cdefbdbda1d3ad2f935f9e6ca6 sz=7903431
[2026-06-10T16:10:44+00:00] file=session_state.md outcome=NOOP cm_md5=9db2b6235e559d00337f7f2a7d41b6d3 sz=35201
[2026-06-10T16:10:44+00:00] file=telegram_context.md outcome=NOOP cm_md5=e9e4d52439154b0e9c90ba60379420b8 sz=29493
[2026-06-10T16:10:44+00:00] file=personal_profile.md outcome=NOOP cm_md5=fec16b4618dda8f771d43eeb79fa499b sz=338195
[2026-06-11T08:10:37+00:00] file=cousin_write_audit_log.md outcome=OK cm_md5=64c6164d5b94feda5939142a199a0801 pre_er_md5=f3f289cdefbdbda1d3ad2f935f9e6ca6 cm_sz=8300277 pre_er_sz=7903431 delta=396846
[2026-06-11T08:10:37+00:00] file=session_state.md outcome=NOOP cm_md5=de5f9d3c98c9d82a3180f10808a0f79f sz=1288
[2026-06-11T08:10:37+00:00] file=telegram_context.md outcome=NOOP cm_md5=e9e4d52439154b0e9c90ba60379420b8 sz=29493
[2026-06-11T08:10:37+00:00] file=personal_profile.md outcome=NOOP cm_md5=fec16b4618dda8f771d43eeb79fa499b sz=338195
ts=2026-06-11T09:10:36Z file=session_state.md outcome=NOOP
ts=2026-06-11T09:10:36Z file=telegram_context.md outcome=NOOP
ts=2026-06-11T09:10:36Z file=personal_profile.md outcome=NOOP
ts=2026-06-11T09:10:36Z file=cousin_write_audit_log.md outcome=OK delta_bytes=52592
[2026-06-11T16:10:42+00:00] file=cousin_write_audit_log.md outcome=OK cm_md5=5f1864d38d778bf4176ac259d6f77c1c pre_er_md5=a5d6e3758811eab89f8f52e8a62696d3 cm_sz=8727510 pre_er_sz=8352869 delta=374641
[2026-06-11T16:10:42+00:00] file=session_state.md outcome=NOOP cm_md5=de5f9d3c98c9d82a3180f10808a0f79f sz=1288
[2026-06-11T16:10:42+00:00] file=telegram_context.md outcome=NOOP cm_md5=e9e4d52439154b0e9c90ba60379420b8 sz=29493
[2026-06-11T16:10:42+00:00] file=personal_profile.md outcome=NOOP cm_md5=fec16b4618dda8f771d43eeb79fa499b sz=338195
[2026-06-11T17:10:37+00:00] file=cousin_write_audit_log.md outcome=OK cm_md5=311ce1a4cd0174506d1d59c93702ac60 pre_er_md5=5f1864d38d778bf4176ac259d6f77c1c cm_sz=8730952 pre_er_sz=8727510 delta=3442
[2026-06-11T17:10:37+00:00] file=session_state.md outcome=NOOP cm_md5=de5f9d3c98c9d82a3180f10808a0f79f sz=1288
[2026-06-11T17:10:37+00:00] file=telegram_context.md outcome=NOOP cm_md5=e9e4d52439154b0e9c90ba60379420b8 sz=29493
[2026-06-11T17:10:37+00:00] file=personal_profile.md outcome=NOOP cm_md5=fec16b4618dda8f771d43eeb79fa499b sz=338195
[2026-06-12T04:10:49+00:00] file=cousin_write_audit_log.md outcome=OK cm_md5=73a1d8786b2e0f415a0256e4b23acaff pre_er_md5=311ce1a4cd0174506d1d59c93702ac60 cm_sz=8890365 pre_er_sz=8730952 delta=159413
[2026-06-12T04:10:49+00:00] file=session_state.md outcome=NOOP cm_md5=de5f9d3c98c9d82a3180f10808a0f79f sz=1288
[2026-06-12T04:10:49+00:00] file=telegram_context.md outcome=NOOP cm_md5=e9e4d52439154b0e9c90ba60379420b8 sz=29493
[2026-06-12T04:10:49+00:00] file=personal_profile.md outcome=NOOP cm_md5=fec16b4618dda8f771d43eeb79fa499b sz=338195
[2026-06-12T16:11:03+00:00] file=cousin_write_audit_log.md outcome=OK cm_md5=87983cc271716a4b911b33660883e587 pre_er_md5=73a1d8786b2e0f415a0256e4b23acaff cm_sz=9012047 pre_er_sz=8890365 delta=121682
[2026-06-12T16:11:03+00:00] file=session_state.md outcome=NOOP cm_md5=75c511dd13b97bc4928a7fef529784e9 sz=3951
[2026-06-12T16:11:03+00:00] file=telegram_context.md outcome=NOOP cm_md5=e9e4d52439154b0e9c90ba60379420b8 sz=29493
[2026-06-12T16:11:03+00:00] file=personal_profile.md outcome=NOOP cm_md5=fec16b4618dda8f771d43eeb79fa499b sz=338195
[2026-06-12T21:10:33+00:00] file=cousin_write_audit_log.md outcome=OK cm_md5=bf4b742f9ca3296285443b5a17c2f873 pre_er_md5=87983cc271716a4b911b33660883e587 cm_sz=9092381 pre_er_sz=9012047 delta=80334
[2026-06-12T21:10:33+00:00] file=session_state.md outcome=NOOP cm_md5=75c511dd13b97bc4928a7fef529784e9 sz=3951
[2026-06-12T21:10:33+00:00] file=telegram_context.md outcome=NOOP cm_md5=e9e4d52439154b0e9c90ba60379420b8 sz=29493
[2026-06-12T21:10:33+00:00] file=personal_profile.md outcome=NOOP cm_md5=fec16b4618dda8f771d43eeb79fa499b sz=338195
[2026-06-12T22:10:38+00:00] file=cousin_write_audit_log.md outcome=OK cm_md5=411ad165b1aa711db6f70996b6728d73 pre_er_md5=bf4b742f9ca3296285443b5a17c2f873 cm_sz=9096515 pre_er_sz=9092381 delta=4134
[2026-06-12T22:10:38+00:00] file=session_state.md outcome=NOOP cm_md5=75c511dd13b97bc4928a7fef529784e9 sz=3951
[2026-06-12T22:10:38+00:00] file=telegram_context.md outcome=NOOP cm_md5=e9e4d52439154b0e9c90ba60379420b8 sz=29493
[2026-06-12T22:10:38+00:00] file=personal_profile.md outcome=NOOP cm_md5=fec16b4618dda8f771d43eeb79fa499b sz=338195
[2026-06-12T23:10:26+00:00] file=cousin_write_audit_log.md outcome=OK cm_md5=75ce6f60fd6f1f334328be9ea6e85d2e pre_er_md5=411ad165b1aa711db6f70996b6728d73 cm_sz=9099960 pre_er_sz=9096515 delta=3445
[2026-06-12T23:10:26+00:00] file=session_state.md outcome=NOOP cm_md5=75c511dd13b97bc4928a7fef529784e9 sz=3951
[2026-06-12T23:10:26+00:00] file=telegram_context.md outcome=NOOP cm_md5=e9e4d52439154b0e9c90ba60379420b8 sz=29493
[2026-06-12T23:10:26+00:00] file=personal_profile.md outcome=NOOP cm_md5=fec16b4618dda8f771d43eeb79fa499b sz=338195
[2026-06-13T00:10:34+00:00] file=cousin_write_audit_log.md outcome=OK cm_md5=328d7ada7aa8c04c6b46cae948095e22 pre_er_md5=75ce6f60fd6f1f334328be9ea6e85d2e cm_sz=9104088 pre_er_sz=9099960 delta=4128
[2026-06-13T00:10:34+00:00] file=session_state.md outcome=NOOP cm_md5=75c511dd13b97bc4928a7fef529784e9 sz=3951
[2026-06-13T00:10:34+00:00] file=telegram_context.md outcome=NOOP cm_md5=e9e4d52439154b0e9c90ba60379420b8 sz=29493
[2026-06-13T00:10:34+00:00] file=personal_profile.md outcome=NOOP cm_md5=fec16b4618dda8f771d43eeb79fa499b sz=338195
[2026-06-13T01:10:34+00:00] file=cousin_write_audit_log.md outcome=OK cm_md5=d217cfeac2b0cca37c6f6de37d1091ec pre_er_md5=328d7ada7aa8c04c6b46cae948095e22 cm_sz=9108230 pre_er_sz=9104088 delta=4142
[2026-06-13T01:10:34+00:00] file=session_state.md outcome=NOOP cm_md5=75c511dd13b97bc4928a7fef529784e9 sz=3951
[2026-06-13T01:10:34+00:00] file=telegram_context.md outcome=NOOP cm_md5=e9e4d52439154b0e9c90ba60379420b8 sz=29493
[2026-06-13T01:10:34+00:00] file=personal_profile.md outcome=NOOP cm_md5=fec16b4618dda8f771d43eeb79fa499b sz=338195
[2026-06-13T03:10:44+00:00] file=cousin_write_audit_log.md outcome=OK cm_md5=f4fc20871ac04f05495ba5ced4860990 pre_er_md5=d217cfeac2b0cca37c6f6de37d1091ec cm_sz=9115800 pre_er_sz=9108230 delta=7570
[2026-06-13T03:10:44+00:00] file=session_state.md outcome=NOOP cm_md5=75c511dd13b97bc4928a7fef529784e9 sz=3951
[2026-06-13T03:10:44+00:00] file=telegram_context.md outcome=NOOP cm_md5=e9e4d52439154b0e9c90ba60379420b8 sz=29493
[2026-06-13T03:10:44+00:00] file=personal_profile.md outcome=NOOP cm_md5=fec16b4618dda8f771d43eeb79fa499b sz=338195
ts=2026-06-13T04:10:36+00:00 file=cousin_write_audit_log.md outcome=OK delta_bytes=4846
ts=2026-06-13T04:10:36+00:00 file=session_state.md outcome=NOOP
ts=2026-06-13T04:10:36+00:00 file=telegram_context.md outcome=NOOP
ts=2026-06-13T04:10:36+00:00 file=personal_profile.md outcome=NOOP
[2026-06-13T05:10:24+00:00] file=cousin_write_audit_log.md outcome=OK cm_md5=ef121cc086288767bd47f02c522e12d9 pre_er_md5=578438ca6753456fad044987bc8b104f cm_sz=9130925 pre_er_sz=9120646 delta=10279
[2026-06-13T05:10:24+00:00] file=session_state.md outcome=NOOP cm_md5=75c511dd13b97bc4928a7fef529784e9 sz=3951
[2026-06-13T05:10:24+00:00] file=telegram_context.md outcome=NOOP cm_md5=e9e4d52439154b0e9c90ba60379420b8 sz=29493
[2026-06-13T05:10:24+00:00] file=personal_profile.md outcome=NOOP cm_md5=fec16b4618dda8f771d43eeb79fa499b sz=338195
[2026-06-13T06:10:27+00:00] file=cousin_write_audit_log.md outcome=OK cm_md5=733897b95d8b05d900a7ebcfb2aab54c pre_er_md5=ef121cc086288767bd47f02c522e12d9 cm_sz=9134367 pre_er_sz=9130925 delta=3442
[2026-06-13T06:10:27+00:00] file=session_state.md outcome=NOOP cm_md5=75c511dd13b97bc4928a7fef529784e9 sz=3951
[2026-06-13T06:10:27+00:00] file=telegram_context.md outcome=NOOP cm_md5=e9e4d52439154b0e9c90ba60379420b8 sz=29493
[2026-06-13T06:10:27+00:00] file=personal_profile.md outcome=NOOP cm_md5=fec16b4618dda8f771d43eeb79fa499b sz=338195
[2026-06-13T07:10:44+00:00] file=cousin_write_audit_log.md outcome=VERIFY_FAILED cm_md5=f7455a9e6786fe1269cc393e513b2cc1 post_er_md5=733897b95d8b05d900a7ebcfb2aab54c
[2026-06-13T07:10:44+00:00] file=session_state.md outcome=NOOP cm_md5=75c511dd13b97bc4928a7fef529784e9 cm_sz=3951
[2026-06-13T07:10:44+00:00] file=telegram_context.md outcome=NOOP cm_md5=e9e4d52439154b0e9c90ba60379420b8 cm_sz=29493
[2026-06-13T07:10:44+00:00] file=personal_profile.md outcome=NOOP cm_md5=fec16b4618dda8f771d43eeb79fa499b cm_sz=338195
[2026-06-13T07:10:52+00:00] file=cousin_write_audit_log.md outcome=OK cm_md5=f7455a9e6786fe1269cc393e513b2cc1 pre_er_md5=733897b95d8b05d900a7ebcfb2aab54c cm_sz=  File: "/sessions/happy-laughing-archimedes/mnt/Claude Memory/cousin_write_audit_log.md"
    ID: 0        Namelen: 255     Type: fuseblk
Block size: 1048576    Fundamental block size: 4096
Blocks: Total: 242824745  Free: 93124682   Available: 93124682
Inodes: Total: 3727036025 Free: 3724987280
9137812 pre_er_sz=  File: "/sessions/happy-laughing-archimedes/mnt/Emergency Retrieval/cousin_write_audit_log.md"
    ID: 0        Namelen: 255     Type: fuseblk
Block size: 1048576    Fundamental block size: 4096
Blocks: Total: 242824745  Free: 93124682   Available: 93124682
Inodes: Total: 3727036025 Free: 3724987280
9134367 delta_bytes=
[2026-06-13T08:10:27+00:00] file=cousin_write_audit_log.md outcome=OK cm_md5=ff598808bbcde6317d27a45c926d866e pre_er_md5=f7455a9e6786fe1269cc393e513b2cc1 cm_sz=9141940 pre_er_sz=9137812 delta=4128
[2026-06-13T08:10:27+00:00] file=session_state.md outcome=NOOP cm_md5=75c511dd13b97bc4928a7fef529784e9 sz=3951
[2026-06-13T08:10:27+00:00] file=telegram_context.md outcome=NOOP cm_md5=e9e4d52439154b0e9c90ba60379420b8 sz=29493
[2026-06-13T08:10:27+00:00] file=personal_profile.md outcome=NOOP cm_md5=fec16b4618dda8f771d43eeb79fa499b sz=338195
[2026-06-13T11:10:34+00:00] file=cousin_write_audit_log.md outcome=OK cm_md5=99fb6fd5ab941c6089b5135693c5659e pre_er_md5=ff598808bbcde6317d27a45c926d866e cm_sz=9152952 pre_er_sz=9141940 delta=11012
[2026-06-13T11:10:34+00:00] file=session_state.md outcome=NOOP cm_md5=75c511dd13b97bc4928a7fef529784e9 sz=3951
[2026-06-13T11:10:34+00:00] file=telegram_context.md outcome=NOOP cm_md5=e9e4d52439154b0e9c90ba60379420b8 sz=29493
[2026-06-13T11:10:34+00:00] file=personal_profile.md outcome=NOOP cm_md5=fec16b4618dda8f771d43eeb79fa499b sz=338195
[2026-06-13T13:10:32+00:00] file=cousin_write_audit_log.md outcome=OK cm_md5=0fe1ecc0ad7931d9bf3693770290a3e6 pre_er_md5=99fb6fd5ab941c6089b5135693c5659e cm_sz=9160522 pre_er_sz=9152952 delta=7570
[2026-06-13T13:10:32+00:00] file=session_state.md outcome=NOOP cm_md5=75c511dd13b97bc4928a7fef529784e9 sz=3951
[2026-06-13T13:10:32+00:00] file=telegram_context.md outcome=NOOP cm_md5=e9e4d52439154b0e9c90ba60379420b8 sz=29493
[2026-06-13T13:10:32+00:00] file=personal_profile.md outcome=NOOP cm_md5=fec16b4618dda8f771d43eeb79fa499b sz=338195
[2026-06-13T14:10:28+00:00] file=cousin_write_audit_log.md outcome=OK cm_md5=34352631f436e8b12a50a3399b850367 pre_er_md5=0fe1ecc0ad7931d9bf3693770290a3e6 cm_sz=9164650 pre_er_sz=9160522 delta=4128
[2026-06-13T14:10:28+00:00] file=session_state.md outcome=NOOP cm_md5=75c511dd13b97bc4928a7fef529784e9 sz=3951
[2026-06-13T14:10:28+00:00] file=telegram_context.md outcome=NOOP cm_md5=e9e4d52439154b0e9c90ba60379420b8 sz=29493
[2026-06-13T14:10:28+00:00] file=personal_profile.md outcome=NOOP cm_md5=fec16b4618dda8f771d43eeb79fa499b sz=338195
[2026-06-13T15:10:36+00:00] file=cousin_write_audit_log.md outcome=OK cm_md5=d11347c6f9ffabc383046f24718d6095 pre_er_md5=34352631f436e8b12a50a3399b850367 cm_sz=9168092 pre_er_sz=9164650 delta=3442
[2026-06-13T15:10:36+00:00] file=session_state.md outcome=NOOP cm_md5=75c511dd13b97bc4928a7fef529784e9 sz=3951
[2026-06-13T15:10:36+00:00] file=telegram_context.md outcome=NOOP cm_md5=e9e4d52439154b0e9c90ba60379420b8 sz=29493
[2026-06-13T15:10:36+00:00] file=personal_profile.md outcome=NOOP cm_md5=fec16b4618dda8f771d43eeb79fa499b sz=338195
[2026-06-13T16:10:27+00:00] file=cousin_write_audit_log.md outcome=OK cm_md5=98d62a79a9704a7693da2ecf485e4f23 pre_er_md5=d11347c6f9ffabc383046f24718d6095 cm_sz=9172220 pre_er_sz=9168092 delta=4128
[2026-06-13T16:10:27+00:00] file=session_state.md outcome=NOOP cm_md5=75c511dd13b97bc4928a7fef529784e9 sz=3951
[2026-06-13T16:10:27+00:00] file=telegram_context.md outcome=NOOP cm_md5=e9e4d52439154b0e9c90ba60379420b8 sz=29493
[2026-06-13T16:10:27+00:00] file=personal_profile.md outcome=NOOP cm_md5=fec16b4618dda8f771d43eeb79fa499b sz=338195
[2026-06-13T17:10:50+00:00] file=cousin_write_audit_log.md outcome=OK cm_md5=1ff745e964061f165f7fabd014462f8a pre_er_md5=98d62a79a9704a7693da2ecf485e4f23 cm_sz=9175662 pre_er_sz=9172220 delta=3442
[2026-06-13T17:10:50+00:00] file=session_state.md outcome=NOOP cm_md5=75c511dd13b97bc4928a7fef529784e9 sz=3951
[2026-06-13T17:10:50+00:00] file=telegram_context.md outcome=NOOP cm_md5=e9e4d52439154b0e9c90ba60379420b8 sz=29493
[2026-06-13T17:10:50+00:00] file=personal_profile.md outcome=NOOP cm_md5=fec16b4618dda8f771d43eeb79fa499b sz=338195
[2026-06-13T19:10:40+00:00] file=cousin_write_audit_log.md outcome=OK cm_md5=77a028efc2e3ccd51d35aa7c6266eb62 pre_er_md5=1ff745e964061f165f7fabd014462f8a cm_sz=9184653 pre_er_sz=9175662 delta=8991
[2026-06-13T19:10:40+00:00] file=session_state.md outcome=NOOP cm_md5=75c511dd13b97bc4928a7fef529784e9 sz=3951
[2026-06-13T19:10:40+00:00] file=telegram_context.md outcome=NOOP cm_md5=e9e4d52439154b0e9c90ba60379420b8 sz=29493
[2026-06-13T19:10:40+00:00] file=personal_profile.md outcome=NOOP cm_md5=fec16b4618dda8f771d43eeb79fa499b sz=338195
[2026-06-13T21:10:33+00:00] file=cousin_write_audit_log.md outcome=OK cm_md5=5da1a11883966aba0b5bfa5d8fa66c1c pre_er_md5=77a028efc2e3ccd51d35aa7c6266eb62 cm_sz=9192912 pre_er_sz=9184653 delta=8259
[2026-06-13T21:10:33+00:00] file=session_state.md outcome=NOOP cm_md5=75c511dd13b97bc4928a7fef529784e9 sz=3951
[2026-06-13T21:10:34+00:00] file=telegram_context.md outcome=NOOP cm_md5=e9e4d52439154b0e9c90ba60379420b8 sz=29493
[2026-06-13T21:10:34+00:00] file=personal_profile.md outcome=NOOP cm_md5=fec16b4618dda8f771d43eeb79fa499b sz=338195
[2026-06-13T22:10:40+00:00] file=cousin_write_audit_log.md outcome=OK cm_md5=035e2956202b69d53819221c81dc186c pre_er_md5=5da1a11883966aba0b5bfa5d8fa66c1c cm_sz=9197040 pre_er_sz=9192912 delta=4128
[2026-06-13T22:10:40+00:00] file=session_state.md outcome=NOOP cm_md5=75c511dd13b97bc4928a7fef529784e9 sz=3951
[2026-06-13T22:10:40+00:00] file=telegram_context.md outcome=NOOP cm_md5=e9e4d52439154b0e9c90ba60379420b8 sz=29493
[2026-06-13T22:10:40+00:00] file=personal_profile.md outcome=NOOP cm_md5=fec16b4618dda8f771d43eeb79fa499b sz=338195
[2026-06-14T00:10:39+00:00] file=cousin_write_audit_log.md outcome=OK cm_md5=468ef21ca7d26945a23eab3977145122 pre_er_md5=035e2956202b69d53819221c81dc186c cm_sz=9205312 pre_er_sz=9197040 delta=8272
[2026-06-14T00:10:39+00:00] file=session_state.md outcome=NOOP cm_md5=75c511dd13b97bc4928a7fef529784e9 sz=3951
[2026-06-14T00:10:39+00:00] file=telegram_context.md outcome=NOOP cm_md5=e9e4d52439154b0e9c90ba60379420b8 sz=29493
[2026-06-14T00:10:39+00:00] file=personal_profile.md outcome=NOOP cm_md5=fec16b4618dda8f771d43eeb79fa499b sz=338195
[2026-06-14T08:10:41+00:00] file=cousin_write_audit_log.md outcome=OK cm_md5=7ec2a4d2ff428dd8f5e5cb9e1d3e0e4c pre_er_md5=468ef21ca7d26945a23eab3977145122 cm_sz=9242119 pre_er_sz=9205312 delta=36807
[2026-06-14T08:10:41+00:00] file=session_state.md outcome=NOOP cm_md5=75c511dd13b97bc4928a7fef529784e9 sz=3951
[2026-06-14T08:10:41+00:00] file=telegram_context.md outcome=NOOP cm_md5=e9e4d52439154b0e9c90ba60379420b8 sz=29493
[2026-06-14T08:10:41+00:00] file=personal_profile.md outcome=NOOP cm_md5=fec16b4618dda8f771d43eeb79fa499b sz=338195
[2026-06-14T12:10:45+00:00] file=cousin_write_audit_log.md outcome=OK cm_md5=4c0a9f4297032d165f402b22c09f570c pre_er_md5=7ec2a4d2ff428dd8f5e5cb9e1d3e0e4c cm_sz=9256594 pre_er_sz=9242119 delta=14475
[2026-06-14T12:10:45+00:00] file=session_state.md outcome=NOOP cm_md5=75c511dd13b97bc4928a7fef529784e9 sz=3951
[2026-06-14T12:10:45+00:00] file=telegram_context.md outcome=NOOP cm_md5=e9e4d52439154b0e9c90ba60379420b8 sz=29493
[2026-06-14T12:10:45+00:00] file=personal_profile.md outcome=NOOP cm_md5=fec16b4618dda8f771d43eeb79fa499b sz=338195
[2026-06-14T12:10:49+00:00] file=cousin_write_audit_log.md outcome=NOOP cm_md5=4c0a9f4297032d165f402b22c09f570c sz=9256594
[2026-06-14T12:10:49+00:00] file=session_state.md outcome=NOOP cm_md5=75c511dd13b97bc4928a7fef529784e9 sz=3951
[2026-06-14T12:10:49+00:00] file=telegram_context.md outcome=NOOP cm_md5=e9e4d52439154b0e9c90ba60379420b8 sz=29493
[2026-06-14T12:10:49+00:00] file=personal_profile.md outcome=NOOP cm_md5=fec16b4618dda8f771d43eeb79fa499b sz=338195
[2026-06-14T18:10:41+00:00] file=cousin_write_audit_log.md outcome=OK cm_md5=d6b51b92e238ff9e7147166333150f7e pre_er_md5=4c0a9f4297032d165f402b22c09f570c cm_sz=9278651 pre_er_sz=9256594 delta=22057
[2026-06-14T18:10:41+00:00] file=session_state.md outcome=NOOP cm_md5=75c511dd13b97bc4928a7fef529784e9 sz=3951
[2026-06-14T18:10:41+00:00] file=telegram_context.md outcome=NOOP cm_md5=e9e4d52439154b0e9c90ba60379420b8 sz=29493
[2026-06-14T18:10:41+00:00] file=personal_profile.md outcome=NOOP cm_md5=fec16b4618dda8f771d43eeb79fa499b sz=338195
[2026-06-14T23:10:44+00:00] file=cousin_write_audit_log.md outcome=OK cm_md5=035561daed39187901df6c666d7f2526 pre_er_md5=d6b51b92e238ff9e7147166333150f7e cm_sz=9297978 pre_er_sz=9278651 delta=19327
[2026-06-14T23:10:44+00:00] file=session_state.md outcome=NOOP cm_md5=75c511dd13b97bc4928a7fef529784e9 sz=3951
[2026-06-14T23:10:44+00:00] file=telegram_context.md outcome=NOOP cm_md5=e9e4d52439154b0e9c90ba60379420b8 sz=29493
[2026-06-14T23:10:44+00:00] file=personal_profile.md outcome=NOOP cm_md5=fec16b4618dda8f771d43eeb79fa499b sz=338195
[2026-06-15T05:11:05+00:00] file=cousin_write_audit_log.md outcome=OK cm_md5=21db35b026f999ab5a69a52647da895c pre_er_md5=035561daed39187901df6c666d7f2526 cm_sz=9320035 pre_er_sz=9297978 delta=22057
[2026-06-15T05:11:05+00:00] file=session_state.md outcome=NOOP cm_md5=75c511dd13b97bc4928a7fef529784e9 sz=3951
[2026-06-15T05:11:05+00:00] file=telegram_context.md outcome=NOOP cm_md5=e9e4d52439154b0e9c90ba60379420b8 sz=29493
[2026-06-15T05:11:05+00:00] file=personal_profile.md outcome=NOOP cm_md5=fec16b4618dda8f771d43eeb79fa499b sz=338195
[2026-06-15T07:10:48+00:00] file=cousin_write_audit_log.md outcome=OK cm_md5=fb39fbb9c6f89169ecad7b03a30337c3 pre_er_md5=21db35b026f999ab5a69a52647da895c cm_sz=9327973 pre_er_sz=9320035 delta=7938
[2026-06-15T07:10:48+00:00] file=session_state.md outcome=NOOP cm_md5=75c511dd13b97bc4928a7fef529784e9 sz=3951
[2026-06-15T07:10:48+00:00] file=telegram_context.md outcome=NOOP cm_md5=e9e4d52439154b0e9c90ba60379420b8 sz=29493
[2026-06-15T07:10:48+00:00] file=personal_profile.md outcome=NOOP cm_md5=fec16b4618dda8f771d43eeb79fa499b sz=338195
[2026-06-15T08:10:52+00:00] file=cousin_write_audit_log.md outcome=OK cm_md5=f0bbaca2fd0e9a9c2f1bb2a145f5ae8c pre_er_md5=fb39fbb9c6f89169ecad7b03a30337c3 cm_sz=9334981 pre_er_sz=9327973 delta=7008
[2026-06-15T08:10:52+00:00] file=session_state.md outcome=NOOP cm_md5=75c511dd13b97bc4928a7fef529784e9 sz=3951
[2026-06-15T08:10:52+00:00] file=telegram_context.md outcome=NOOP cm_md5=e9e4d52439154b0e9c90ba60379420b8 sz=29493
[2026-06-15T08:10:52+00:00] file=personal_profile.md outcome=NOOP cm_md5=fec16b4618dda8f771d43eeb79fa499b sz=338195
[2026-06-15T11:10:36+00:00] file=cousin_write_audit_log.md outcome=OK cm_md5=de68d5693f6a94412579e47c0f3e10d7 pre_er_md5=f0bbaca2fd0e9a9c2f1bb2a145f5ae8c cm_sz=9348151 pre_er_sz=9334981 delta=13170
[2026-06-15T11:10:36+00:00] file=session_state.md outcome=NOOP cm_md5=6c2b936ffae127fe3da043b46bd398da sz=1512
[2026-06-15T11:10:36+00:00] file=telegram_context.md outcome=NOOP cm_md5=e9e4d52439154b0e9c90ba60379420b8 sz=29493
[2026-06-15T11:10:36+00:00] file=personal_profile.md outcome=NOOP cm_md5=fec16b4618dda8f771d43eeb79fa499b sz=338195
[2026-06-15T12:11:04+00:00] file=cousin_write_audit_log.md outcome=OK cm_md5=2b522c0eb6e9b7593b10b1d3fd298990 pre_er_md5=de68d5693f6a94412579e47c0f3e10d7 cm_sz=9352279 pre_er_sz=9348151 delta=4128
[2026-06-15T12:11:04+00:00] file=session_state.md outcome=NOOP cm_md5=6c2b936ffae127fe3da043b46bd398da sz=1512
[2026-06-15T12:11:04+00:00] file=telegram_context.md outcome=NOOP cm_md5=e9e4d52439154b0e9c90ba60379420b8 sz=29493
[2026-06-15T12:11:04+00:00] file=personal_profile.md outcome=NOOP cm_md5=fec16b4618dda8f771d43eeb79fa499b sz=338195
[2026-06-15T13:11:12+00:00] file=cousin_write_audit_log.md outcome=OK cm_md5=9411b90b183ba3ac581bf0e6f15fbebd pre_er_md5=2b522c0eb6e9b7593b10b1d3fd298990 cm_sz=9355721 pre_er_sz=9352279 delta=3442
[2026-06-15T13:11:12+00:00] file=session_state.md outcome=NOOP cm_md5=6c2b936ffae127fe3da043b46bd398da sz=1512
[2026-06-15T13:11:12+00:00] file=telegram_context.md outcome=NOOP cm_md5=e9e4d52439154b0e9c90ba60379420b8 sz=29493
[2026-06-15T13:11:12+00:00] file=personal_profile.md outcome=NOOP cm_md5=fec16b4618dda8f771d43eeb79fa499b sz=338195
[2026-06-15T14:10:58+00:00] file=cousin_write_audit_log.md outcome=OK cm_md5=5cc169e9aac3f2b12df5ecb255ffb8db pre_er_md5=9411b90b183ba3ac581bf0e6f15fbebd cm_sz=9359849 pre_er_sz=9355721 delta=4128
[2026-06-15T14:10:58+00:00] file=session_state.md outcome=NOOP cm_md5=6c2b936ffae127fe3da043b46bd398da sz=1512
[2026-06-15T14:10:58+00:00] file=telegram_context.md outcome=NOOP cm_md5=e9e4d52439154b0e9c90ba60379420b8 sz=29493
[2026-06-15T14:10:58+00:00] file=personal_profile.md outcome=NOOP cm_md5=fec16b4618dda8f771d43eeb79fa499b sz=338195
[2026-06-15T16:10:55+00:00] file=cousin_write_audit_log.md outcome=OK cm_md5=b8ea55c97da6b3fdc6ccf8d47fc0d35c pre_er_md5=5cc169e9aac3f2b12df5ecb255ffb8db cm_sz=9367419 pre_er_sz=9359849 delta=7570
[2026-06-15T16:10:55+00:00] file=session_state.md outcome=NOOP cm_md5=6c2b936ffae127fe3da043b46bd398da sz=1512
[2026-06-15T16:10:55+00:00] file=telegram_context.md outcome=NOOP cm_md5=e9e4d52439154b0e9c90ba60379420b8 sz=29493
[2026-06-15T16:10:55+00:00] file=personal_profile.md outcome=NOOP cm_md5=fec16b4618dda8f771d43eeb79fa499b sz=338195
[2026-06-15T17:10:42+00:00] file=cousin_write_audit_log.md outcome=OK cm_md5=98de3501f6262ed34d9eff00683ff533 pre_er_md5=b8ea55c97da6b3fdc6ccf8d47fc0d35c cm_sz=9370861 pre_er_sz=9367419 delta=3442
[2026-06-15T17:10:42+00:00] file=session_state.md outcome=NOOP cm_md5=6c2b936ffae127fe3da043b46bd398da sz=1512
[2026-06-15T17:10:42+00:00] file=telegram_context.md outcome=NOOP cm_md5=e9e4d52439154b0e9c90ba60379420b8 sz=29493
[2026-06-15T17:10:42+00:00] file=personal_profile.md outcome=NOOP cm_md5=fec16b4618dda8f771d43eeb79fa499b sz=338195
[2026-06-15T18:10:50+00:00] file=cousin_write_audit_log.md outcome=OK cm_md5=e14a931c829e4611ddd7de9b800e8be2 pre_er_md5=98de3501f6262ed34d9eff00683ff533 cm_sz=9374989 pre_er_sz=9370861 delta=4128
[2026-06-15T18:10:50+00:00] file=session_state.md outcome=NOOP cm_md5=6c2b936ffae127fe3da043b46bd398da sz=1512
[2026-06-15T18:10:50+00:00] file=telegram_context.md outcome=NOOP cm_md5=e9e4d52439154b0e9c90ba60379420b8 sz=29493
[2026-06-15T18:10:50+00:00] file=personal_profile.md outcome=NOOP cm_md5=fec16b4618dda8f771d43eeb79fa499b sz=338195
[2026-06-15T19:10:41+00:00] file=cousin_write_audit_log.md outcome=OK cm_md5=61d9b9fbad8a63fe7ebe305ccf212567 pre_er_md5=e14a931c829e4611ddd7de9b800e8be2 cm_sz=9379146 pre_er_sz=9374989 delta=4157
[2026-06-15T19:10:41+00:00] file=session_state.md outcome=NOOP cm_md5=6c2b936ffae127fe3da043b46bd398da sz=1512
[2026-06-15T19:10:41+00:00] file=telegram_context.md outcome=NOOP cm_md5=e9e4d52439154b0e9c90ba60379420b8 sz=29493
[2026-06-15T19:10:41+00:00] file=personal_profile.md outcome=NOOP cm_md5=fec16b4618dda8f771d43eeb79fa499b sz=338195
[2026-06-15T20:10:42+00:00] file=cousin_write_audit_log.md outcome=OK cm_md5=ba1bf83cfadc9da712d6ec7e4649d8c8 pre_er_md5=61d9b9fbad8a63fe7ebe305ccf212567 cm_sz=9383963 pre_er_sz=9379146 delta=4817
[2026-06-15T20:10:42+00:00] file=session_state.md outcome=NOOP cm_md5=6c2b936ffae127fe3da043b46bd398da sz=1512
[2026-06-15T20:10:42+00:00] file=telegram_context.md outcome=NOOP cm_md5=e9e4d52439154b0e9c90ba60379420b8 sz=29493
[2026-06-15T20:10:42+00:00] file=personal_profile.md outcome=NOOP cm_md5=fec16b4618dda8f771d43eeb79fa499b sz=338195
[2026-06-15T21:10:46+00:00] file=cousin_write_audit_log.md outcome=OK cm_md5=452c39a47f7810992b204cd31b8e7340 pre_er_md5=ba1bf83cfadc9da712d6ec7e4649d8c8 cm_sz=9387405 pre_er_sz=9383963 delta=3442
[2026-06-15T21:10:46+00:00] file=session_state.md outcome=NOOP cm_md5=6c2b936ffae127fe3da043b46bd398da sz=1512
[2026-06-15T21:10:46+00:00] file=telegram_context.md outcome=NOOP cm_md5=e9e4d52439154b0e9c90ba60379420b8 sz=29493
[2026-06-15T21:10:46+00:00] file=personal_profile.md outcome=NOOP cm_md5=fec16b4618dda8f771d43eeb79fa499b sz=338195
[2026-06-15T23:10:49+00:00] file=cousin_write_audit_log.md outcome=OK cm_md5=419c875a1eada2d2931c64a1618f5f08 pre_er_md5=452c39a47f7810992b204cd31b8e7340 cm_sz=9394975 pre_er_sz=9387405 delta=7570
[2026-06-15T23:10:49+00:00] file=session_state.md outcome=NOOP cm_md5=6c2b936ffae127fe3da043b46bd398da sz=1512
[2026-06-15T23:10:49+00:00] file=telegram_context.md outcome=NOOP cm_md5=e9e4d52439154b0e9c90ba60379420b8 sz=29493
[2026-06-15T23:10:49+00:00] file=personal_profile.md outcome=NOOP cm_md5=fec16b4618dda8f771d43eeb79fa499b sz=338195
[2026-06-16T00:10:47+00:00] file=cousin_write_audit_log.md outcome=OK cm_md5=65f6191c06d94ee321f17f6e04297009 pre_er_md5=419c875a1eada2d2931c64a1618f5f08 cm_sz=9399103 pre_er_sz=9394975 delta=4128
[2026-06-16T00:10:47+00:00] file=session_state.md outcome=NOOP cm_md5=6c2b936ffae127fe3da043b46bd398da sz=1512
[2026-06-16T00:10:47+00:00] file=telegram_context.md outcome=NOOP cm_md5=e9e4d52439154b0e9c90ba60379420b8 sz=29493
[2026-06-16T00:10:47+00:00] file=personal_profile.md outcome=NOOP cm_md5=fec16b4618dda8f771d43eeb79fa499b sz=338195
[2026-06-16T01:10:55+00:00] file=cousin_write_audit_log.md outcome=OK cm_md5=fa078bbe173f04002dcda6a82d9b9d12 pre_er_md5=65f6191c06d94ee321f17f6e04297009 cm_sz=9402545 pre_er_sz=9399103 delta=3442
[2026-06-16T01:10:55+00:00] file=session_state.md outcome=NOOP cm_md5=6c2b936ffae127fe3da043b46bd398da sz=1512
[2026-06-16T01:10:55+00:00] file=telegram_context.md outcome=NOOP cm_md5=e9e4d52439154b0e9c90ba60379420b8 sz=29493
[2026-06-16T01:10:55+00:00] file=personal_profile.md outcome=NOOP cm_md5=fec16b4618dda8f771d43eeb79fa499b sz=338195
[2026-06-16T02:10:49+00:00] file=cousin_write_audit_log.md outcome=OK cm_md5=346162260bad288733762dedd77ab753 pre_er_md5=fa078bbe173f04002dcda6a82d9b9d12 cm_sz=9406673 pre_er_sz=9402545 delta=4128
[2026-06-16T02:10:49+00:00] file=session_state.md outcome=NOOP cm_md5=6c2b936ffae127fe3da043b46bd398da sz=1512
[2026-06-16T02:10:49+00:00] file=telegram_context.md outcome=NOOP cm_md5=e9e4d52439154b0e9c90ba60379420b8 sz=29493
[2026-06-16T02:10:49+00:00] file=personal_profile.md outcome=NOOP cm_md5=fec16b4618dda8f771d43eeb79fa499b sz=338195
[2026-06-16T08:11:03+00:00] file=cousin_write_audit_log.md outcome=OK cm_md5=9a69f61ea2495dbabee91db441c43996 pre_er_md5=346162260bad288733762dedd77ab753 cm_sz=9429383 pre_er_sz=9406673 delta=22710
[2026-06-16T08:11:03+00:00] file=session_state.md outcome=NOOP cm_md5=6c2b936ffae127fe3da043b46bd398da sz=1512
[2026-06-16T08:11:03+00:00] file=telegram_context.md outcome=NOOP cm_md5=e9e4d52439154b0e9c90ba60379420b8 sz=29493
[2026-06-16T08:11:03+00:00] file=personal_profile.md outcome=NOOP cm_md5=fec16b4618dda8f771d43eeb79fa499b sz=338195
[2026-06-16T13:11:01+00:00] file=cousin_write_audit_log.md outcome=OK cm_md5=62b7cb3094634c805096757261d9718f pre_er_md5=9a69f61ea2495dbabee91db441c43996 cm_sz=9447965 pre_er_sz=9429383 delta=18582
[2026-06-16T13:11:01+00:00] file=session_state.md outcome=NOOP cm_md5=6c2b936ffae127fe3da043b46bd398da sz=1512
[2026-06-16T13:11:01+00:00] file=telegram_context.md outcome=NOOP cm_md5=e9e4d52439154b0e9c90ba60379420b8 sz=29493
[2026-06-16T13:11:01+00:00] file=personal_profile.md outcome=NOOP cm_md5=fec16b4618dda8f771d43eeb79fa499b sz=338195
[2026-06-16T14:10:40+00:00] file=cousin_write_audit_log.md outcome=OK cm_md5=691bf1a8f9ffaad9dd11da8f43b98fe3 pre_er_md5=62b7cb3094634c805096757261d9718f cm_sz=9452093 pre_er_sz=9447965 delta=4128
[2026-06-16T14:10:40+00:00] file=session_state.md outcome=NOOP cm_md5=6c2b936ffae127fe3da043b46bd398da sz=1512
[2026-06-16T14:10:40+00:00] file=telegram_context.md outcome=NOOP cm_md5=e9e4d52439154b0e9c90ba60379420b8 sz=29493
[2026-06-16T14:10:40+00:00] file=personal_profile.md outcome=NOOP cm_md5=fec16b4618dda8f771d43eeb79fa499b sz=338195
[2026-06-16T16:10:49+00:00] file=cousin_write_audit_log.md outcome=OK cm_md5=4eb43c6a31da06be3838daf15759d0dd pre_er_md5=691bf1a8f9ffaad9dd11da8f43b98fe3 cm_sz=9459663 pre_er_sz=9452093 delta=7570
[2026-06-16T16:10:49+00:00] file=session_state.md outcome=NOOP cm_md5=6c2b936ffae127fe3da043b46bd398da sz=1512
[2026-06-16T16:10:49+00:00] file=telegram_context.md outcome=NOOP cm_md5=e9e4d52439154b0e9c90ba60379420b8 sz=29493
[2026-06-16T16:10:49+00:00] file=personal_profile.md outcome=NOOP cm_md5=fec16b4618dda8f771d43eeb79fa499b sz=338195
[2026-06-16T17:10:45+00:00] file=cousin_write_audit_log.md outcome=OK cm_md5=1a5a4aff76d23f582b5cd9f4859b22c8 pre_er_md5=4eb43c6a31da06be3838daf15759d0dd cm_sz=9463105 pre_er_sz=9459663 delta=3442
[2026-06-16T17:10:45+00:00] file=session_state.md outcome=NOOP cm_md5=6c2b936ffae127fe3da043b46bd398da sz=1512
[2026-06-16T17:10:45+00:00] file=telegram_context.md outcome=NOOP cm_md5=e9e4d52439154b0e9c90ba60379420b8 sz=29493
[2026-06-16T17:10:45+00:00] file=personal_profile.md outcome=NOOP cm_md5=fec16b4618dda8f771d43eeb79fa499b sz=338195
[2026-06-16T18:10:47+00:00] file=cousin_write_audit_log.md outcome=OK cm_md5=ccf63d47380c83522055bf83a76455f4 pre_er_md5=1a5a4aff76d23f582b5cd9f4859b22c8 cm_sz=9467233 pre_er_sz=9463105 delta=4128
[2026-06-16T18:10:47+00:00] file=session_state.md outcome=NOOP cm_md5=6c2b936ffae127fe3da043b46bd398da sz=1512
[2026-06-16T18:10:47+00:00] file=telegram_context.md outcome=NOOP cm_md5=e9e4d52439154b0e9c90ba60379420b8 sz=29493
[2026-06-16T18:10:47+00:00] file=personal_profile.md outcome=NOOP cm_md5=fec16b4618dda8f771d43eeb79fa499b sz=338195
[2026-06-16T19:11:00+00:00] file=cousin_write_audit_log.md outcome=OK cm_md5=1a61de242fe2d3c10b97d59d5dd1fa5e pre_er_md5=ccf63d47380c83522055bf83a76455f4 cm_sz=9471390 pre_er_sz=9467233 delta=4157
[2026-06-16T19:11:00+00:00] file=session_state.md outcome=NOOP cm_md5=6c2b936ffae127fe3da043b46bd398da sz=1512
[2026-06-16T19:11:00+00:00] file=telegram_context.md outcome=NOOP cm_md5=e9e4d52439154b0e9c90ba60379420b8 sz=29493
[2026-06-16T19:11:00+00:00] file=personal_profile.md outcome=NOOP cm_md5=fec16b4618dda8f771d43eeb79fa499b sz=338195
[2026-06-16T20:10:57+00:00] file=cousin_write_audit_log.md outcome=OK cm_md5=8cd0722995c2421803758306063015e4 pre_er_md5=1a61de242fe2d3c10b97d59d5dd1fa5e cm_sz=9476207 pre_er_sz=9471390 delta=4817
[2026-06-16T20:10:57+00:00] file=session_state.md outcome=NOOP cm_md5=6c2b936ffae127fe3da043b46bd398da sz=1512
[2026-06-16T20:10:57+00:00] file=telegram_context.md outcome=NOOP cm_md5=e9e4d52439154b0e9c90ba60379420b8 sz=29493
[2026-06-16T20:10:58+00:00] file=personal_profile.md outcome=NOOP cm_md5=fec16b4618dda8f771d43eeb79fa499b sz=338195
[2026-06-16T21:10:53+00:00] file=cousin_write_audit_log.md outcome=OK cm_md5=4187aa4ad5d647c598501b9164b9dbd1 pre_er_md5=8cd0722995c2421803758306063015e4 cm_sz=9479649 pre_er_sz=9476207 delta=3442
[2026-06-16T21:10:53+00:00] file=session_state.md outcome=NOOP cm_md5=6c2b936ffae127fe3da043b46bd398da sz=1512
[2026-06-16T21:10:53+00:00] file=telegram_context.md outcome=NOOP cm_md5=e9e4d52439154b0e9c90ba60379420b8 sz=29493
[2026-06-16T21:10:53+00:00] file=personal_profile.md outcome=NOOP cm_md5=fec16b4618dda8f771d43eeb79fa499b sz=338195
[2026-06-16T22:11:04+00:00] file=cousin_write_audit_log.md outcome=OK cm_md5=8e0d6cd8e25d2d7da8c2746e2e9cce60 pre_er_md5=4187aa4ad5d647c598501b9164b9dbd1 cm_sz=9483777 pre_er_sz=9479649 delta=4128
[2026-06-16T22:11:04+00:00] file=session_state.md outcome=NOOP cm_md5=6c2b936ffae127fe3da043b46bd398da sz=1512
[2026-06-16T22:11:04+00:00] file=telegram_context.md outcome=NOOP cm_md5=e9e4d52439154b0e9c90ba60379420b8 sz=29493
[2026-06-16T22:11:04+00:00] file=personal_profile.md outcome=NOOP cm_md5=fec16b4618dda8f771d43eeb79fa499b sz=338195
[2026-06-16T23:10:48+00:00] file=cousin_write_audit_log.md outcome=OK cm_md5=6d7a1232da0680f6f2b9a20bc805ea30 pre_er_md5=8e0d6cd8e25d2d7da8c2746e2e9cce60 cm_sz=9487219 pre_er_sz=9483777 delta=3442
[2026-06-16T23:10:48+00:00] file=session_state.md outcome=NOOP cm_md5=6c2b936ffae127fe3da043b46bd398da sz=1512
[2026-06-16T23:10:48+00:00] file=telegram_context.md outcome=NOOP cm_md5=e9e4d52439154b0e9c90ba60379420b8 sz=29493
[2026-06-16T23:10:48+00:00] file=personal_profile.md outcome=NOOP cm_md5=fec16b4618dda8f771d43eeb79fa499b sz=338195
[2026-06-17T00:10:46+00:00] file=cousin_write_audit_log.md outcome=OK cm_md5=5a70780d1b3f6e74dc1af2564e7102f0 pre_er_md5=6d7a1232da0680f6f2b9a20bc805ea30 cm_sz=9491347 pre_er_sz=9487219 delta=4128
[2026-06-17T00:10:46+00:00] file=session_state.md outcome=NOOP cm_md5=6c2b936ffae127fe3da043b46bd398da sz=1512
[2026-06-17T00:10:46+00:00] file=telegram_context.md outcome=NOOP cm_md5=e9e4d52439154b0e9c90ba60379420b8 sz=29493
[2026-06-17T00:10:46+00:00] file=personal_profile.md outcome=NOOP cm_md5=fec16b4618dda8f771d43eeb79fa499b sz=338195
[2026-06-17T01:10:50+00:00] file=cousin_write_audit_log.md outcome=OK cm_md5=3eaa2318c090413f5f8e41a340745360 pre_er_md5=5a70780d1b3f6e74dc1af2564e7102f0 cm_sz=9494789 pre_er_sz=9491347 delta=3442
[2026-06-17T01:10:50+00:00] file=session_state.md outcome=NOOP cm_md5=6c2b936ffae127fe3da043b46bd398da sz=1512
[2026-06-17T01:10:50+00:00] file=telegram_context.md outcome=NOOP cm_md5=e9e4d52439154b0e9c90ba60379420b8 sz=29493
[2026-06-17T01:10:50+00:00] file=personal_profile.md outcome=NOOP cm_md5=fec16b4618dda8f771d43eeb79fa499b sz=338195
[2026-06-17T02:10:46+00:00] file=cousin_write_audit_log.md outcome=OK cm_md5=324ea486927931f84f6d0051ae9b7df1 pre_er_md5=3eaa2318c090413f5f8e41a340745360 cm_sz=9498917 pre_er_sz=9494789 delta=4128
[2026-06-17T02:10:46+00:00] file=session_state.md outcome=NOOP cm_md5=6c2b936ffae127fe3da043b46bd398da sz=1512
[2026-06-17T02:10:46+00:00] file=telegram_context.md outcome=NOOP cm_md5=e9e4d52439154b0e9c90ba60379420b8 sz=29493
[2026-06-17T02:10:46+00:00] file=personal_profile.md outcome=NOOP cm_md5=fec16b4618dda8f771d43eeb79fa499b sz=338195
[2026-06-17T03:10:58+00:00] file=cousin_write_audit_log.md outcome=OK cm_md5=f090f2f04eec4c7e0dc147ba9178c283 pre_er_md5=324ea486927931f84f6d0051ae9b7df1 cm_sz=9502359 pre_er_sz=9498917 delta=3442
[2026-06-17T03:10:58+00:00] file=session_state.md outcome=NOOP cm_md5=6c2b936ffae127fe3da043b46bd398da sz=1512
[2026-06-17T03:10:58+00:00] file=telegram_context.md outcome=NOOP cm_md5=e9e4d52439154b0e9c90ba60379420b8 sz=29493
[2026-06-17T03:10:58+00:00] file=personal_profile.md outcome=NOOP cm_md5=fec16b4618dda8f771d43eeb79fa499b sz=338195
[2026-06-17T04:10:46+00:00] file=cousin_write_audit_log.md outcome=OK cm_md5=aec7978934395cd87fd880b3b05a7069 pre_er_md5=f090f2f04eec4c7e0dc147ba9178c283 cm_sz=9506487 pre_er_sz=9502359 delta=4128
[2026-06-17T04:10:46+00:00] file=session_state.md outcome=NOOP cm_md5=6c2b936ffae127fe3da043b46bd398da sz=1512
[2026-06-17T04:10:46+00:00] file=telegram_context.md outcome=NOOP cm_md5=e9e4d52439154b0e9c90ba60379420b8 sz=29493
[2026-06-17T04:10:46+00:00] file=personal_profile.md outcome=NOOP cm_md5=fec16b4618dda8f771d43eeb79fa499b sz=338195
[2026-06-17T08:10:44+00:00] file=cousin_write_audit_log.md outcome=OK cm_md5=db7b160fa9b3b54eb02ed86a1728259e pre_er_md5=aec7978934395cd87fd880b3b05a7069 cm_sz=9529186 pre_er_sz=9506487 delta=22699
[2026-06-17T08:10:44+00:00] file=session_state.md outcome=NOOP cm_md5=838cf61342460dde8a4e132076542da3 sz=1723
[2026-06-17T08:10:44+00:00] file=telegram_context.md outcome=NOOP cm_md5=e9e4d52439154b0e9c90ba60379420b8 sz=29493
[2026-06-17T08:10:44+00:00] file=personal_profile.md outcome=NOOP cm_md5=fec16b4618dda8f771d43eeb79fa499b sz=338195
[2026-06-17T10:10:37+00:00] file=cousin_write_audit_log.md outcome=OK cm_md5=79083ffff7c75d9cb9095b7cb9454d2b pre_er_md5=db7b160fa9b3b54eb02ed86a1728259e cm_sz=9536756 pre_er_sz=9529186 delta=7570
[2026-06-17T10:10:37+00:00] file=session_state.md outcome=NOOP cm_md5=838cf61342460dde8a4e132076542da3 sz=1723
[2026-06-17T10:10:37+00:00] file=telegram_context.md outcome=NOOP cm_md5=e9e4d52439154b0e9c90ba60379420b8 sz=29493
[2026-06-17T10:10:37+00:00] file=personal_profile.md outcome=NOOP cm_md5=fec16b4618dda8f771d43eeb79fa499b sz=338195
[2026-06-17T14:11:11+00:00] file=cousin_write_audit_log.md outcome=OK cm_md5=667edf1e1265f16cb07ad0f9cd4af30b pre_er_md5=79083ffff7c75d9cb9095b7cb9454d2b cm_sz=9551896 pre_er_sz=9536756 delta=15140
[2026-06-17T14:11:11+00:00] file=session_state.md outcome=NOOP cm_md5=838cf61342460dde8a4e132076542da3 cm_sz=1723
[2026-06-17T14:11:11+00:00] file=telegram_context.md outcome=NOOP cm_md5=e9e4d52439154b0e9c90ba60379420b8 cm_sz=29493
[2026-06-17T14:11:11+00:00] file=personal_profile.md outcome=NOOP cm_md5=fec16b4618dda8f771d43eeb79fa499b cm_sz=338195
[2026-06-17T16:11:06+00:00] file=cousin_write_audit_log.md outcome=OK cm_md5=5d37ef3acd94eaf89cf6dcd02b6aaae3 pre_er_md5=667edf1e1265f16cb07ad0f9cd4af30b cm_sz=9559466 pre_er_sz=9551896 delta=7570
[2026-06-17T16:11:06+00:00] file=session_state.md outcome=NOOP cm_md5=838cf61342460dde8a4e132076542da3 sz=1723
[2026-06-17T16:11:06+00:00] file=telegram_context.md outcome=NOOP cm_md5=e9e4d52439154b0e9c90ba60379420b8 sz=29493
[2026-06-17T16:11:06+00:00] file=personal_profile.md outcome=NOOP cm_md5=fec16b4618dda8f771d43eeb79fa499b sz=338195
[2026-06-17T21:11:01+00:00] file=cousin_write_audit_log.md outcome=OK cm_md5=d3aff59c43e447f02426d03f41d76e34 pre_er_md5=5d37ef3acd94eaf89cf6dcd02b6aaae3 cm_sz=9581966 pre_er_sz=9559466 delta=22500
[2026-06-17T21:11:01+00:00] file=session_state.md outcome=NOOP cm_md5=838cf61342460dde8a4e132076542da3 sz=1723
[2026-06-17T21:11:01+00:00] file=telegram_context.md outcome=NOOP cm_md5=e9e4d52439154b0e9c90ba60379420b8 sz=29493
[2026-06-17T21:11:01+00:00] file=personal_profile.md outcome=NOOP cm_md5=fec16b4618dda8f771d43eeb79fa499b sz=338195
[2026-06-17T22:11:04+00:00] file=cousin_write_audit_log.md outcome=OK cm_md5=f207423a4472c97101329c13b83d7e72 pre_er_md5=d3aff59c43e447f02426d03f41d76e34 cm_sz=9587530 pre_er_sz=9581966 delta=5564
[2026-06-17T22:11:04+00:00] file=session_state.md outcome=NOOP cm_md5=838cf61342460dde8a4e132076542da3 sz=1723
[2026-06-17T22:11:04+00:00] file=telegram_context.md outcome=NOOP cm_md5=e9e4d52439154b0e9c90ba60379420b8 sz=29493
[2026-06-17T22:11:04+00:00] file=personal_profile.md outcome=NOOP cm_md5=fec16b4618dda8f771d43eeb79fa499b sz=338195
[2026-06-18T00:10:45+00:00] file=cousin_write_audit_log.md outcome=OK cm_md5=3a7f05d7c93869fbbaa377bfa17ef646 pre_er_md5=f207423a4472c97101329c13b83d7e72 cm_sz=9596543 pre_er_sz=9587530 delta=9013
[2026-06-18T00:10:45+00:00] file=session_state.md outcome=NOOP cm_md5=838cf61342460dde8a4e132076542da3 sz=1723
[2026-06-18T00:10:45+00:00] file=telegram_context.md outcome=NOOP cm_md5=e9e4d52439154b0e9c90ba60379420b8 sz=29493
[2026-06-18T00:10:45+00:00] file=personal_profile.md outcome=NOOP cm_md5=fec16b4618dda8f771d43eeb79fa499b sz=338195
[2026-06-18T02:10:46+00:00] file=cousin_write_audit_log.md outcome=OK cm_md5=b97fb906c0b67ce04dfb20200c7b8b07 pre_er_md5=3a7f05d7c93869fbbaa377bfa17ef646 cm_sz=9604113 pre_er_sz=9596543 delta=7570
[2026-06-18T02:10:46+00:00] file=session_state.md outcome=NOOP cm_md5=838cf61342460dde8a4e132076542da3 sz=1723
[2026-06-18T02:10:46+00:00] file=telegram_context.md outcome=NOOP cm_md5=e9e4d52439154b0e9c90ba60379420b8 sz=29493
[2026-06-18T02:10:46+00:00] file=personal_profile.md outcome=NOOP cm_md5=fec16b4618dda8f771d43eeb79fa499b sz=338195
[2026-06-18T04:10:48+00:00] file=cousin_write_audit_log.md outcome=OK cm_md5=b4d11e02267155d2ccee8acf3de10016 pre_er_md5=b97fb906c0b67ce04dfb20200c7b8b07 cm_sz=9618838 pre_er_sz=9604113 delta=14725
[2026-06-18T04:10:48+00:00] file=session_state.md outcome=NOOP cm_md5=838cf61342460dde8a4e132076542da3 sz=1723
[2026-06-18T04:10:48+00:00] file=telegram_context.md outcome=NOOP cm_md5=e9e4d52439154b0e9c90ba60379420b8 sz=29493
[2026-06-18T04:10:48+00:00] file=personal_profile.md outcome=NOOP cm_md5=fec16b4618dda8f771d43eeb79fa499b sz=338195
[2026-06-18T06:11:21+00:00] file=cousin_write_audit_log.md outcome=OK cm_md5=5ecda0eea5238cb9c2390b6617459e9e pre_er_md5=b4d11e02267155d2ccee8acf3de10016 cm_sz=9629946 pre_er_sz=9618838 delta=11108
[2026-06-18T06:11:21+00:00] file=session_state.md outcome=NOOP cm_md5=8249ebe001e5e3ad5bd1f2aa5d908188 sz=2430
[2026-06-18T06:11:21+00:00] file=telegram_context.md outcome=NOOP cm_md5=e9e4d52439154b0e9c90ba60379420b8 sz=29493
[2026-06-18T06:11:21+00:00] file=personal_profile.md outcome=NOOP cm_md5=fec16b4618dda8f771d43eeb79fa499b sz=338195
[2026-06-18T07:11:04+00:00] file=cousin_write_audit_log.md outcome=OK cm_md5=24bc25a7dda2c1e647c3b3d405eb83ab pre_er_md5=5ecda0eea5238cb9c2390b6617459e9e cm_sz=9633388 pre_er_sz=9629946 delta=3442
[2026-06-18T07:11:04+00:00] file=session_state.md outcome=NOOP cm_md5=8249ebe001e5e3ad5bd1f2aa5d908188 sz=2430
[2026-06-18T07:11:04+00:00] file=telegram_context.md outcome=NOOP cm_md5=e9e4d52439154b0e9c90ba60379420b8 sz=29493
[2026-06-18T07:11:04+00:00] file=personal_profile.md outcome=NOOP cm_md5=fec16b4618dda8f771d43eeb79fa499b sz=338195
[2026-06-18T08:11:02+00:00] file=cousin_write_audit_log.md outcome=OK cm_md5=71813f3aac7360d68dafa31c5e0c36e6 pre_er_md5=24bc25a7dda2c1e647c3b3d405eb83ab cm_sz=9637516 pre_er_sz=9633388 delta=4128
[2026-06-18T08:11:02+00:00] file=session_state.md outcome=NOOP cm_md5=8249ebe001e5e3ad5bd1f2aa5d908188 sz=2430
[2026-06-18T08:11:02+00:00] file=telegram_context.md outcome=NOOP cm_md5=e9e4d52439154b0e9c90ba60379420b8 sz=29493
[2026-06-18T08:11:02+00:00] file=personal_profile.md outcome=NOOP cm_md5=fec16b4618dda8f771d43eeb79fa499b sz=338195
[2026-06-18T09:11:19+00:00] file=cousin_write_audit_log.md outcome=OK cm_md5=e82f157c8f1d2e2a363cb3a2859a9655 pre_er_md5=71813f3aac7360d68dafa31c5e0c36e6 cm_sz=9640958 pre_er_sz=9637516 delta=3442
[2026-06-18T09:11:19+00:00] file=session_state.md outcome=NOOP cm_md5=8249ebe001e5e3ad5bd1f2aa5d908188 sz=2430
[2026-06-18T09:11:19+00:00] file=telegram_context.md outcome=NOOP cm_md5=e9e4d52439154b0e9c90ba60379420b8 sz=29493
[2026-06-18T09:11:19+00:00] file=personal_profile.md outcome=NOOP cm_md5=fec16b4618dda8f771d43eeb79fa499b sz=338195
[2026-06-18T12:11:14+00:00] file=cousin_write_audit_log.md outcome=OK cm_md5=72e9131b90285a6b79d3a413e7736a20 pre_er_md5=e82f157c8f1d2e2a363cb3a2859a9655 cm_sz=9652656 pre_er_sz=9640958 delta=11698
[2026-06-18T12:11:14+00:00] file=session_state.md outcome=NOOP cm_md5=8249ebe001e5e3ad5bd1f2aa5d908188 sz=2430
[2026-06-18T12:11:14+00:00] file=telegram_context.md outcome=NOOP cm_md5=e9e4d52439154b0e9c90ba60379420b8 sz=29493
[2026-06-18T12:11:14+00:00] file=personal_profile.md outcome=NOOP cm_md5=fec16b4618dda8f771d43eeb79fa499b sz=338195
[2026-06-18T13:11:09+00:00] file=cousin_write_audit_log.md outcome=OK cm_md5=3fc41fdbaa8deb5839331aac7c27f643 pre_er_md5=72e9131b90285a6b79d3a413e7736a20 cm_sz=9656098 pre_er_sz=9652656 delta=3442
[2026-06-18T13:11:09+00:00] file=session_state.md outcome=NOOP cm_md5=8249ebe001e5e3ad5bd1f2aa5d908188 sz=2430
[2026-06-18T13:11:09+00:00] file=telegram_context.md outcome=NOOP cm_md5=e9e4d52439154b0e9c90ba60379420b8 sz=29493
[2026-06-18T13:11:09+00:00] file=personal_profile.md outcome=NOOP cm_md5=fec16b4618dda8f771d43eeb79fa499b sz=338195
[2026-06-18T15:11:11+00:00] file=cousin_write_audit_log.md outcome=OK cm_md5=956bc68b9419b161af4baa0dd4e604e5 pre_er_md5=3fc41fdbaa8deb5839331aac7c27f643 cm_sz=9663668 pre_er_sz=9656098 delta=7570
[2026-06-18T15:11:11+00:00] file=session_state.md outcome=NOOP cm_md5=8249ebe001e5e3ad5bd1f2aa5d908188 sz=2430
[2026-06-18T15:11:11+00:00] file=telegram_context.md outcome=NOOP cm_md5=e9e4d52439154b0e9c90ba60379420b8 sz=29493
[2026-06-18T15:11:11+00:00] file=personal_profile.md outcome=NOOP cm_md5=fec16b4618dda8f771d43eeb79fa499b sz=338195
[2026-06-18T16:11:06+00:00] file=cousin_write_audit_log.md outcome=OK cm_md5=724e92cc46f4ce19d3cf7fa59af087d3 pre_er_md5=956bc68b9419b161af4baa0dd4e604e5 cm_sz=9680257 pre_er_sz=9663668 delta=16589
[2026-06-18T16:11:06+00:00] file=session_state.md outcome=NOOP cm_md5=8249ebe001e5e3ad5bd1f2aa5d908188 sz=2430
[2026-06-18T16:11:06+00:00] file=telegram_context.md outcome=NOOP cm_md5=e9e4d52439154b0e9c90ba60379420b8 sz=29493
[2026-06-18T16:11:06+00:00] file=personal_profile.md outcome=NOOP cm_md5=fec16b4618dda8f771d43eeb79fa499b sz=338195
[2026-06-18T17:11:05+00:00] file=cousin_write_audit_log.md outcome=OK cm_md5=6a93f98cf65d3759ecd2dee30e9c4bd0 pre_er_md5=724e92cc46f4ce19d3cf7fa59af087d3 cm_sz=9699545 pre_er_sz=9680257 delta=19288
[2026-06-18T17:11:05+00:00] file=session_state.md outcome=NOOP cm_md5=8249ebe001e5e3ad5bd1f2aa5d908188 sz=2430
[2026-06-18T17:11:05+00:00] file=telegram_context.md outcome=NOOP cm_md5=e9e4d52439154b0e9c90ba60379420b8 sz=29493
[2026-06-18T17:11:05+00:00] file=personal_profile.md outcome=NOOP cm_md5=fec16b4618dda8f771d43eeb79fa499b sz=338195
[2026-06-18T18:11:05+00:00] file=cousin_write_audit_log.md outcome=OK cm_md5=a39933bcaca642e5b4b377d033689417 pre_er_md5=6a93f98cf65d3759ecd2dee30e9c4bd0 cm_sz=9719519 pre_er_sz=9699545 delta=19974
[2026-06-18T18:11:05+00:00] file=session_state.md outcome=NOOP cm_md5=8249ebe001e5e3ad5bd1f2aa5d908188 sz=2430
[2026-06-18T18:11:05+00:00] file=telegram_context.md outcome=NOOP cm_md5=e9e4d52439154b0e9c90ba60379420b8 sz=29493
[2026-06-18T18:11:05+00:00] file=personal_profile.md outcome=NOOP cm_md5=fec16b4618dda8f771d43eeb79fa499b sz=338195
[2026-06-18T19:11:03+00:00] file=cousin_write_audit_log.md outcome=OK cm_md5=bc40386227ada704124a5b42d95fd0f6 pre_er_md5=a39933bcaca642e5b4b377d033689417 cm_sz=9739522 pre_er_sz=9719519 delta=20003
[2026-06-18T19:11:03+00:00] file=session_state.md outcome=NOOP cm_md5=8249ebe001e5e3ad5bd1f2aa5d908188 sz=2430
[2026-06-18T19:11:03+00:00] file=telegram_context.md outcome=NOOP cm_md5=e9e4d52439154b0e9c90ba60379420b8 sz=29493
[2026-06-18T19:11:03+00:00] file=personal_profile.md outcome=NOOP cm_md5=fec16b4618dda8f771d43eeb79fa499b sz=338195
[2026-06-18T20:11:05+00:00] file=cousin_write_audit_log.md outcome=OK cm_md5=e510551828c508b696c3ef7d1616b707 pre_er_md5=bc40386227ada704124a5b42d95fd0f6 cm_sz=9759073 pre_er_sz=9739522 delta=19551
[2026-06-18T20:11:05+00:00] file=session_state.md outcome=NOOP cm_md5=8249ebe001e5e3ad5bd1f2aa5d908188 sz=2430
[2026-06-18T20:11:05+00:00] file=telegram_context.md outcome=NOOP cm_md5=e9e4d52439154b0e9c90ba60379420b8 sz=29493
[2026-06-18T20:11:05+00:00] file=personal_profile.md outcome=NOOP cm_md5=fec16b4618dda8f771d43eeb79fa499b sz=338195

[2026-06-18T21:11:52+00:00] file=cousin_write_audit_log.md outcome=OK cm_md5=2a135adc740ae0e94dfe867d736b157d method=cron-cousin-prefix-append delta=17029 note=sandbox_append_path [cousin: audit-log-mirror]
[2026-06-18T21:11:52+00:00] file=session_state.md outcome=NOOP cm_md5=8249ebe001e5e3ad5bd1f2aa5d908188 sz=2430 [cousin: audit-log-mirror]
[2026-06-18T21:11:52+00:00] file=telegram_context.md outcome=NOOP cm_md5=e9e4d52439154b0e9c90ba60379420b8 sz=29493 [cousin: audit-log-mirror]
[2026-06-18T21:11:52+00:00] file=personal_profile.md outcome=NOOP cm_md5=fec16b4618dda8f771d43eeb79fa499b sz=338195 [cousin: audit-log-mirror]
[2026-06-18T22:10:49+00:00] file=cousin_write_audit_log.md outcome=OK cm_md5=b0e5ec4fa24a2399ab5183655c776a17 pre_er_md5=2a135adc740ae0e94dfe867d736b157d cm_sz=9795390 pre_er_sz=9776484 delta=18906
[2026-06-18T22:10:49+00:00] file=session_state.md outcome=NOOP cm_md5=8249ebe001e5e3ad5bd1f2aa5d908188 sz=2430
[2026-06-18T22:10:49+00:00] file=telegram_context.md outcome=NOOP cm_md5=e9e4d52439154b0e9c90ba60379420b8 sz=29493
[2026-06-18T22:10:49+00:00] file=personal_profile.md outcome=NOOP cm_md5=fec16b4618dda8f771d43eeb79fa499b sz=338195
[2026-06-18T23:11:11+00:00] file=cousin_write_audit_log.md outcome=OK cm_md5=45e922f18d1d955b6519cc72c3db708b pre_er_md5=b0e5ec4fa24a2399ab5183655c776a17 cm_sz=9815808 pre_er_sz=9795390 delta=20418
[2026-06-18T23:11:11+00:00] file=session_state.md outcome=NOOP cm_md5=8249ebe001e5e3ad5bd1f2aa5d908188 sz=2430
[2026-06-18T23:11:11+00:00] file=telegram_context.md outcome=NOOP cm_md5=e9e4d52439154b0e9c90ba60379420b8 sz=29493
[2026-06-18T23:11:11+00:00] file=personal_profile.md outcome=NOOP cm_md5=fec16b4618dda8f771d43eeb79fa499b sz=338195
[2026-06-19T00:10:53+00:00] file=cousin_write_audit_log.md outcome=OK cm_md5=868ca0192e924e9b3b602fd03087af8a pre_er_md5=45e922f18d1d955b6519cc72c3db708b cm_sz=9819936 pre_er_sz=9815808 delta=4128
[2026-06-19T00:10:53+00:00] file=session_state.md outcome=NOOP cm_md5=8249ebe001e5e3ad5bd1f2aa5d908188 sz=2430
[2026-06-19T00:10:53+00:00] file=telegram_context.md outcome=NOOP cm_md5=e9e4d52439154b0e9c90ba60379420b8 sz=29493
[2026-06-19T00:10:53+00:00] file=personal_profile.md outcome=NOOP cm_md5=fec16b4618dda8f771d43eeb79fa499b sz=338195
[2026-06-19T03:11:01+00:00] file=cousin_write_audit_log.md outcome=OK cm_md5=cfb265df09e7cd581395d006144612a0 pre_er_md5=868ca0192e924e9b3b602fd03087af8a cm_sz=9830948 pre_er_sz=9819936 delta=11012
[2026-06-19T03:11:01+00:00] file=session_state.md outcome=NOOP cm_md5=8249ebe001e5e3ad5bd1f2aa5d908188 sz=2430
[2026-06-19T03:11:01+00:00] file=telegram_context.md outcome=NOOP cm_md5=e9e4d52439154b0e9c90ba60379420b8 sz=29493
[2026-06-19T03:11:01+00:00] file=personal_profile.md outcome=NOOP cm_md5=fec16b4618dda8f771d43eeb79fa499b sz=338195
[2026-06-19T12:10:55+00:00] file=cousin_write_audit_log.md outcome=OK cm_md5=94b5c7628ec9d7db8f816b55417527b3 pre_er_md5=cfb265df09e7cd581395d006144612a0 cm_sz=9878645 pre_er_sz=9830948 delta=47697
[2026-06-19T12:10:55+00:00] file=session_state.md outcome=NOOP cm_md5=c1b3086610388afb85c0fe0126a228bb sz=1137
[2026-06-19T12:10:55+00:00] file=telegram_context.md outcome=NOOP cm_md5=e9e4d52439154b0e9c90ba60379420b8 sz=29493
[2026-06-19T12:10:55+00:00] file=personal_profile.md outcome=NOOP cm_md5=fec16b4618dda8f771d43eeb79fa499b sz=338195
[2026-06-19T17:10:52+00:00] file=cousin_write_audit_log.md outcome=OK cm_md5=65f0e4ed682a92be8105b3e8647f1342 pre_er_md5=94b5c7628ec9d7db8f816b55417527b3 cm_sz=9897227 pre_er_sz=9878645 delta=18582
[2026-06-19T17:10:52+00:00] file=session_state.md outcome=NOOP cm_md5=c1b3086610388afb85c0fe0126a228bb sz=1137
[2026-06-19T17:10:52+00:00] file=telegram_context.md outcome=NOOP cm_md5=e9e4d52439154b0e9c90ba60379420b8 sz=29493
[2026-06-19T17:10:52+00:00] file=personal_profile.md outcome=NOOP cm_md5=fec16b4618dda8f771d43eeb79fa499b sz=338195
[2026-06-19T18:10:52+00:00] file=cousin_write_audit_log.md outcome=OK cm_md5=965955f478457219638d822278eb1ac9 pre_er_md5=65f0e4ed682a92be8105b3e8647f1342 cm_sz=9901355 pre_er_sz=9897227 delta=4128
[2026-06-19T18:10:52+00:00] file=session_state.md outcome=NOOP cm_md5=c1b3086610388afb85c0fe0126a228bb sz=1137
[2026-06-19T18:10:52+00:00] file=telegram_context.md outcome=NOOP cm_md5=e9e4d52439154b0e9c90ba60379420b8 sz=29493
[2026-06-19T18:10:52+00:00] file=personal_profile.md outcome=NOOP cm_md5=fec16b4618dda8f771d43eeb79fa499b sz=338195
[2026-06-19T19:04:06+00:00] file=cousin_write_audit_log.md outcome=OK cm_md5=287874e3b899e6dbcafcbb4653984aaf pre_er_md5=965955f478457219638d822278eb1ac9 cm_sz=9905512 pre_er_sz=9901355 delta=4157
[2026-06-19T19:04:06+00:00] file=session_state.md outcome=NOOP cm_md5=c1b3086610388afb85c0fe0126a228bb sz=1137
[2026-06-19T19:04:06+00:00] file=telegram_context.md outcome=NOOP cm_md5=e9e4d52439154b0e9c90ba60379420b8 sz=29493
[2026-06-19T19:04:06+00:00] file=personal_profile.md outcome=NOOP cm_md5=fec16b4618dda8f771d43eeb79fa499b sz=338195
[2026-06-19T20:11:05+00:00] file=cousin_write_audit_log.md outcome=OK cm_md5=ca4fbb645a8727efb86dbab8a57d7c02 pre_er_md5=287874e3b899e6dbcafcbb4653984aaf cm_sz=9910329 pre_er_sz=9905512 delta=4817
[2026-06-19T20:11:05+00:00] file=session_state.md outcome=NOOP cm_md5=c1b3086610388afb85c0fe0126a228bb sz=1137
[2026-06-19T20:11:05+00:00] file=telegram_context.md outcome=NOOP cm_md5=e9e4d52439154b0e9c90ba60379420b8 sz=29493
[2026-06-19T20:11:05+00:00] file=personal_profile.md outcome=NOOP cm_md5=fec16b4618dda8f771d43eeb79fa499b sz=338195
[2026-06-19T21:10:41+00:00] file=cousin_write_audit_log.md outcome=OK cm_md5=99e552b6f1e2bdee1b9b57d3fa167b01 pre_er_md5=ca4fbb645a8727efb86dbab8a57d7c02 cm_sz=9913771 pre_er_sz=9910329 delta=3442
[2026-06-19T21:10:41+00:00] file=session_state.md outcome=NOOP cm_md5=c1b3086610388afb85c0fe0126a228bb sz=1137
[2026-06-19T21:10:41+00:00] file=telegram_context.md outcome=NOOP cm_md5=e9e4d52439154b0e9c90ba60379420b8 sz=29493
[2026-06-19T21:10:41+00:00] file=personal_profile.md outcome=NOOP cm_md5=fec16b4618dda8f771d43eeb79fa499b sz=338195
[2026-06-19T22:10:45+00:00] file=cousin_write_audit_log.md outcome=OK cm_md5=103ab08c4d499aea4d351f7f2e332b7f pre_er_md5=99e552b6f1e2bdee1b9b57d3fa167b01 cm_sz=9918223 pre_er_sz=9913771 delta=4452
[2026-06-19T22:10:45+00:00] file=session_state.md outcome=NOOP cm_md5=c1b3086610388afb85c0fe0126a228bb sz=1137
[2026-06-19T22:10:45+00:00] file=telegram_context.md outcome=NOOP cm_md5=e9e4d52439154b0e9c90ba60379420b8 sz=29493
[2026-06-19T22:10:45+00:00] file=personal_profile.md outcome=NOOP cm_md5=fec16b4618dda8f771d43eeb79fa499b sz=338195
[2026-06-19T23:10:52+00:00] file=cousin_write_audit_log.md outcome=OK cm_md5=886d91695108e9c23b6d54cf8b871d89 pre_er_md5=103ab08c4d499aea4d351f7f2e332b7f cm_sz=9921665 pre_er_sz=9918223 delta=3442
[2026-06-19T23:10:52+00:00] file=session_state.md outcome=NOOP cm_md5=c1b3086610388afb85c0fe0126a228bb sz=1137
[2026-06-19T23:10:52+00:00] file=telegram_context.md outcome=NOOP cm_md5=e9e4d52439154b0e9c90ba60379420b8 sz=29493
[2026-06-19T23:10:52+00:00] file=personal_profile.md outcome=NOOP cm_md5=fec16b4618dda8f771d43eeb79fa499b sz=338195
[2026-06-20T00:10:40+00:00] file=cousin_write_audit_log.md outcome=OK cm_md5=d7375e32a16110845d93d86508ed361f pre_er_md5=886d91695108e9c23b6d54cf8b871d89 cm_sz=9925793 pre_er_sz=9921665 delta=4128
[2026-06-20T00:10:40+00:00] file=session_state.md outcome=NOOP cm_md5=c1b3086610388afb85c0fe0126a228bb sz=1137
[2026-06-20T00:10:40+00:00] file=telegram_context.md outcome=NOOP cm_md5=e9e4d52439154b0e9c90ba60379420b8 sz=29493
[2026-06-20T00:10:40+00:00] file=personal_profile.md outcome=NOOP cm_md5=fec16b4618dda8f771d43eeb79fa499b sz=338195
[2026-06-20T01:10:52+00:00] file=cousin_write_audit_log.md outcome=OK cm_md5=896250c093ab1f042e93fca97be9155f pre_er_md5=d7375e32a16110845d93d86508ed361f cm_sz=9929935 pre_er_sz=9925793 delta=4142
[2026-06-20T01:10:52+00:00] file=session_state.md outcome=NOOP cm_md5=c1b3086610388afb85c0fe0126a228bb sz=1137
[2026-06-20T01:10:52+00:00] file=telegram_context.md outcome=NOOP cm_md5=e9e4d52439154b0e9c90ba60379420b8 sz=29493
[2026-06-20T01:10:52+00:00] file=personal_profile.md outcome=NOOP cm_md5=fec16b4618dda8f771d43eeb79fa499b sz=338195
[2026-06-20T04:10:48+00:00] file=cousin_write_audit_log.md outcome=OK cm_md5=194cc9412602613f9c97e0000a482c7d pre_er_md5=896250c093ab1f042e93fca97be9155f cm_sz=9941633 pre_er_sz=9929935 delta=11698
[2026-06-20T04:10:48+00:00] file=session_state.md outcome=NOOP cm_md5=c1b3086610388afb85c0fe0126a228bb sz=1137
[2026-06-20T04:10:48+00:00] file=telegram_context.md outcome=NOOP cm_md5=e9e4d52439154b0e9c90ba60379420b8 sz=29493
[2026-06-20T04:10:48+00:00] file=personal_profile.md outcome=NOOP cm_md5=fec16b4618dda8f771d43eeb79fa499b sz=338195
[2026-06-20T05:10:55+00:00] file=cousin_write_audit_log.md outcome=OK cm_md5=90efc6da00b7dd571797eedc6095dff9 pre_er_md5=194cc9412602613f9c97e0000a482c7d cm_sz=9945434 pre_er_sz=9941633 delta=3801
[2026-06-20T05:10:55+00:00] file=session_state.md outcome=NOOP cm_md5=c1b3086610388afb85c0fe0126a228bb sz=1137
[2026-06-20T05:10:55+00:00] file=telegram_context.md outcome=NOOP cm_md5=e9e4d52439154b0e9c90ba60379420b8 sz=29493
[2026-06-20T05:10:55+00:00] file=personal_profile.md outcome=NOOP cm_md5=fec16b4618dda8f771d43eeb79fa499b sz=338195
[2026-06-20T17:10:51+00:00] file=cousin_write_audit_log.md outcome=OK cm_md5=d69673e30a620ebcc287f61b4173244d pre_er_md5=90efc6da00b7dd571797eedc6095dff9 cm_sz=10009734 pre_er_sz=9945434 delta=64300
[2026-06-20T17:10:51+00:00] file=session_state.md outcome=NOOP cm_md5=c1b3086610388afb85c0fe0126a228bb sz=1137
[2026-06-20T17:10:51+00:00] file=telegram_context.md outcome=NOOP cm_md5=e9e4d52439154b0e9c90ba60379420b8 sz=29493
[2026-06-20T17:10:51+00:00] file=personal_profile.md outcome=NOOP cm_md5=fec16b4618dda8f771d43eeb79fa499b sz=338195
ts=2026-06-20T19:10:45Z file=session_state.md outcome=NOOP
ts=2026-06-20T19:10:45Z file=telegram_context.md outcome=NOOP
ts=2026-06-20T19:10:45Z file=personal_profile.md outcome=NOOP
ts=2026-06-20T19:10:45Z file=cousin_write_audit_log.md outcome=OK delta_bytes=8285
[2026-06-21T04:10:39+00:00] file=cousin_write_audit_log.md outcome=OK cm_md5=176baaef8537a7560ca378d8766322c8 pre_er_md5=043af2745af6bda025cea577afc7842a cm_sz=10054142 pre_er_sz=10018019 delta=36123
[2026-06-21T04:10:39+00:00] file=session_state.md outcome=NOOP cm_md5=c1b3086610388afb85c0fe0126a228bb sz=1137
[2026-06-21T04:10:39+00:00] file=telegram_context.md outcome=NOOP cm_md5=e9e4d52439154b0e9c90ba60379420b8 sz=29493
[2026-06-21T04:10:39+00:00] file=personal_profile.md outcome=NOOP cm_md5=fec16b4618dda8f771d43eeb79fa499b sz=338195
[2026-06-21T20:10:47+00:00] file=cousin_write_audit_log.md outcome=OK cm_md5=bc47f2c805ce3b8f74b40d8a2e010100 pre_er_md5=176baaef8537a7560ca378d8766322c8 cm_sz=10119785 pre_er_sz=10054142 delta=65643
[2026-06-21T20:10:47+00:00] file=session_state.md outcome=NOOP cm_md5=7d154d7cba2c610e702515907a1b6041 sz=1629
[2026-06-21T20:10:47+00:00] file=telegram_context.md outcome=NOOP cm_md5=e9e4d52439154b0e9c90ba60379420b8 sz=29493
[2026-06-21T20:10:47+00:00] file=personal_profile.md outcome=NOOP cm_md5=fec16b4618dda8f771d43eeb79fa499b sz=338195
[2026-06-21T22:10:49+00:00] file=cousin_write_audit_log.md outcome=OK cm_md5=1df11ee14bea790dd62d2429c836d642 pre_er_md5=bc47f2c805ce3b8f74b40d8a2e010100 cm_sz=10127679 pre_er_sz=10119785 delta=7894
[2026-06-21T22:10:49+00:00] file=session_state.md outcome=NOOP cm_md5=7d154d7cba2c610e702515907a1b6041 sz=1629
[2026-06-21T22:10:49+00:00] file=telegram_context.md outcome=NOOP cm_md5=e9e4d52439154b0e9c90ba60379420b8 sz=29493
[2026-06-21T22:10:49+00:00] file=personal_profile.md outcome=NOOP cm_md5=fec16b4618dda8f771d43eeb79fa499b sz=338195
[2026-06-21T23:10:47+00:00] file=cousin_write_audit_log.md outcome=OK cm_md5=34ac7aa76950ec85375cf8c15cb00555 pre_er_md5=1df11ee14bea790dd62d2429c836d642 cm_sz=10131121 pre_er_sz=10127679 delta=3442
[2026-06-21T23:10:47+00:00] file=session_state.md outcome=NOOP cm_md5=7d154d7cba2c610e702515907a1b6041 sz=1629
[2026-06-21T23:10:47+00:00] file=telegram_context.md outcome=NOOP cm_md5=e9e4d52439154b0e9c90ba60379420b8 sz=29493
[2026-06-21T23:10:47+00:00] file=personal_profile.md outcome=NOOP cm_md5=fec16b4618dda8f771d43eeb79fa499b sz=338195
[2026-06-22T07:10:49+00:00] file=cousin_write_audit_log.md outcome=OK cm_md5=e2c55a97d91d5639d56cc8fe796c9538 pre_er_md5=34ac7aa76950ec85375cf8c15cb00555 cm_sz=10185389 pre_er_sz=10131121 delta=54268
[2026-06-22T07:10:49+00:00] file=session_state.md outcome=NOOP cm_md5=7d154d7cba2c610e702515907a1b6041 sz=1629
[2026-06-22T07:10:49+00:00] file=telegram_context.md outcome=NOOP cm_md5=e9e4d52439154b0e9c90ba60379420b8 sz=29493
[2026-06-22T07:10:49+00:00] file=personal_profile.md outcome=NOOP cm_md5=fec16b4618dda8f771d43eeb79fa499b sz=338195
[2026-06-22T17:11:04+00:00] file=cousin_write_audit_log.md outcome=OK cm_md5=234f5a71ab47318122edc2d20e8b8269 pre_er_md5=e2c55a97d91d5639d56cc8fe796c9538 cm_sz=10224007 pre_er_sz=10185389 delta=38618
[2026-06-22T17:11:04+00:00] file=session_state.md outcome=NOOP cm_md5=392006bde0dae5efbeeed6f99cf26541 sz=4557
[2026-06-22T17:11:04+00:00] file=telegram_context.md outcome=NOOP cm_md5=e9e4d52439154b0e9c90ba60379420b8 sz=29493
[2026-06-22T17:11:04+00:00] file=personal_profile.md outcome=NOOP cm_md5=fec16b4618dda8f771d43eeb79fa499b sz=338195
[2026-06-22T20:11:04+00:00] file=cousin_write_audit_log.md outcome=OK cm_md5=7e267d6dac378e6215d1eddffad14314 pre_er_md5=234f5a71ab47318122edc2d20e8b8269 cm_sz=10237109 pre_er_sz=10224007 delta=13102
[2026-06-22T20:11:04+00:00] file=session_state.md outcome=NOOP cm_md5=392006bde0dae5efbeeed6f99cf26541 sz=4557
[2026-06-22T20:11:04+00:00] file=telegram_context.md outcome=NOOP cm_md5=e9e4d52439154b0e9c90ba60379420b8 sz=29493
[2026-06-22T20:11:04+00:00] file=personal_profile.md outcome=NOOP cm_md5=fec16b4618dda8f771d43eeb79fa499b sz=338195
[2026-06-22T21:10:59+00:00] file=cousin_write_audit_log.md outcome=OK cm_md5=1f9b63d590183aed869379b584328f6e pre_er_md5=7e267d6dac378e6215d1eddffad14314 cm_sz=10240551 pre_er_sz=10237109 delta=3442
[2026-06-22T21:10:59+00:00] file=session_state.md outcome=NOOP cm_md5=392006bde0dae5efbeeed6f99cf26541 sz=4557
[2026-06-22T21:10:59+00:00] file=telegram_context.md outcome=NOOP cm_md5=e9e4d52439154b0e9c90ba60379420b8 sz=29493
[2026-06-22T21:10:59+00:00] file=personal_profile.md outcome=NOOP cm_md5=fec16b4618dda8f771d43eeb79fa499b sz=338195
[2026-06-22T23:11:00+00:00] file=cousin_write_audit_log.md outcome=OK cm_md5=34b9cf69ffbc3d1dd382beeafb5dd579 pre_er_md5=1f9b63d590183aed869379b584328f6e cm_sz=10248447 pre_er_sz=10240551 delta=7896
[2026-06-22T23:11:00+00:00] file=session_state.md outcome=NOOP cm_md5=392006bde0dae5efbeeed6f99cf26541 sz=4557
[2026-06-22T23:11:00+00:00] file=telegram_context.md outcome=NOOP cm_md5=e9e4d52439154b0e9c90ba60379420b8 sz=29493
[2026-06-22T23:11:00+00:00] file=personal_profile.md outcome=NOOP cm_md5=fec16b4618dda8f771d43eeb79fa499b sz=338195
[2026-06-23T00:11:21+00:00] file=cousin_write_audit_log.md outcome=OK cm_md5=d1dd7d0566def629ba7ddc4f8a3641b1 pre_er_md5=34b9cf69ffbc3d1dd382beeafb5dd579 cm_sz=10252575 pre_er_sz=10248447 delta=4128
[2026-06-23T00:11:21+00:00] file=session_state.md outcome=NOOP cm_md5=392006bde0dae5efbeeed6f99cf26541 sz=4557
[2026-06-23T00:11:21+00:00] file=telegram_context.md outcome=NOOP cm_md5=e9e4d52439154b0e9c90ba60379420b8 sz=29493
[2026-06-23T00:11:21+00:00] file=personal_profile.md outcome=NOOP cm_md5=fec16b4618dda8f771d43eeb79fa499b sz=338195
[2026-06-23T15:11:05+00:00] file=cousin_write_audit_log.md outcome=OK cm_md5=55541d8196c04a86fbdee81e284a7ddb pre_er_md5=d1dd7d0566def629ba7ddc4f8a3641b1 cm_sz=10316316 pre_er_sz=10252575 delta=63741
[2026-06-23T15:11:05+00:00] file=session_state.md outcome=NOOP cm_md5=392006bde0dae5efbeeed6f99cf26541 sz=4557
[2026-06-23T15:11:05+00:00] file=telegram_context.md outcome=NOOP cm_md5=e9e4d52439154b0e9c90ba60379420b8 sz=29493
[2026-06-23T15:11:05+00:00] file=personal_profile.md outcome=NOOP cm_md5=fec16b4618dda8f771d43eeb79fa499b sz=338195
[2026-06-23T18:02:53Z] file=cousin_write_audit_log.md outcome=OK delta_bytes=11698 cm_md5=a703ba4f51639b1aa040def59a5a969e
[2026-06-23T18:02:53Z] file=session_state.md outcome=NOOP cm_md5=392006bde0dae5efbeeed6f99cf26541
[2026-06-23T18:02:53Z] file=telegram_context.md outcome=NOOP cm_md5=e9e4d52439154b0e9c90ba60379420b8
[2026-06-23T18:02:53Z] file=personal_profile.md outcome=NOOP cm_md5=fec16b4618dda8f771d43eeb79fa499b
ts=2026-06-23T21:10:56+00:00 file=cousin_write_audit_log.md outcome=OK delta_bytes=12416 cm_md5=512c47ee9c8ab3070fff9d4bdf6bcc5c
ts=2026-06-23T21:10:56+00:00 file=session_state.md outcome=NOOP
ts=2026-06-23T21:10:56+00:00 file=telegram_context.md outcome=NOOP
ts=2026-06-23T21:10:56+00:00 file=personal_profile.md outcome=NOOP
[2026-06-23T23:10:52+00:00] file=cousin_write_audit_log.md outcome=OK cm_md5=c69682dac658ce1192dceb7c5cf3c471 pre_er_md5=512c47ee9c8ab3070fff9d4bdf6bcc5c cm_sz=10347638 pre_er_sz=10340430 delta=7208
[2026-06-23T23:10:52+00:00] file=session_state.md outcome=NOOP cm_md5=392006bde0dae5efbeeed6f99cf26541 sz=4557
[2026-06-23T23:10:52+00:00] file=telegram_context.md outcome=NOOP cm_md5=e9e4d52439154b0e9c90ba60379420b8 sz=29493
[2026-06-23T23:10:52+00:00] file=personal_profile.md outcome=NOOP cm_md5=fec16b4618dda8f771d43eeb79fa499b sz=338195
ts=2026-06-24T00:10:58Z file=cousin_write_audit_log.md outcome=OK delta_bytes=4128
ts=2026-06-24T00:10:58Z file=session_state.md outcome=NOOP
ts=2026-06-24T00:10:58Z file=telegram_context.md outcome=NOOP
ts=2026-06-24T00:10:58Z file=personal_profile.md outcome=NOOP
[2026-06-24T08:11:25+00:00] file=cousin_write_audit_log.md outcome=OK cm_md5=603ab8c177957c6dca2870775ff46ac9 pre_er_md5=e2f270e30c2c2def50e51792735ab3b1 cm_sz=10382046 pre_er_sz=10351766 delta=30280
[2026-06-24T08:11:25+00:00] file=session_state.md outcome=NOOP cm_md5=38775b8f477ee8a6240a2553b3d9fe2f cm_sz=495
[2026-06-24T08:11:25+00:00] file=telegram_context.md outcome=NOOP cm_md5=e9e4d52439154b0e9c90ba60379420b8 cm_sz=29493
[2026-06-24T08:11:25+00:00] file=personal_profile.md outcome=NOOP cm_md5=fec16b4618dda8f771d43eeb79fa499b cm_sz=338195
[2026-06-24T12:10:46+00:00] file=cousin_write_audit_log.md outcome=OK cm_md5=683fdb36d6bb27f42c87c7fa14b14467 pre_er_md5=603ab8c177957c6dca2870775ff46ac9 cm_sz=10397186 pre_er_sz=10382046 delta=15140
[2026-06-24T12:10:46+00:00] file=session_state.md outcome=NOOP cm_md5=47d1b336d3519d46248bc9f5d08fba68 sz=1872
[2026-06-24T12:10:46+00:00] file=telegram_context.md outcome=NOOP cm_md5=e9e4d52439154b0e9c90ba60379420b8 sz=29493
[2026-06-24T12:10:46+00:00] file=personal_profile.md outcome=NOOP cm_md5=fec16b4618dda8f771d43eeb79fa499b sz=338195
[2026-06-24T19:10:53+00:00] file=cousin_write_audit_log.md outcome=OK cm_md5=562ba73e8e2243863aa60ba1c0ea849d pre_er_md5=683fdb36d6bb27f42c87c7fa14b14467 cm_sz=10424455 pre_er_sz=10397186 delta=27269
[2026-06-24T19:10:53+00:00] file=session_state.md outcome=NOOP cm_md5=f673ef65fed79b6434c1fe0c4ef382e6 sz=1294
[2026-06-24T19:10:53+00:00] file=telegram_context.md outcome=NOOP cm_md5=e9e4d52439154b0e9c90ba60379420b8 sz=29493
[2026-06-24T19:10:53+00:00] file=personal_profile.md outcome=NOOP cm_md5=fec16b4618dda8f771d43eeb79fa499b sz=338195
[2026-06-24T21:11:05+00:00] file=cousin_write_audit_log.md outcome=OK cm_md5=14c83d82a48d2f79eb815e14ca4016c6 pre_er_md5=562ba73e8e2243863aa60ba1c0ea849d cm_sz=10434899 pre_er_sz=10424455 delta=10444
[2026-06-24T21:11:05+00:00] file=session_state.md outcome=NOOP cm_md5=f673ef65fed79b6434c1fe0c4ef382e6 sz=1294
[2026-06-24T21:11:05+00:00] file=telegram_context.md outcome=NOOP cm_md5=e9e4d52439154b0e9c90ba60379420b8 sz=29493
[2026-06-24T21:11:05+00:00] file=personal_profile.md outcome=NOOP cm_md5=fec16b4618dda8f771d43eeb79fa499b sz=338195
[2026-06-25T00:10:49+00:00] file=cousin_write_audit_log.md outcome=OK cm_md5=04f6877d532db8547ddee4a92190e5a7 pre_er_md5=14c83d82a48d2f79eb815e14ca4016c6 cm_sz=10450553 pre_er_sz=10434899 delta=15654
[2026-06-25T00:10:49+00:00] file=session_state.md outcome=NOOP cm_md5=f673ef65fed79b6434c1fe0c4ef382e6 sz=1294
[2026-06-25T00:10:49+00:00] file=telegram_context.md outcome=NOOP cm_md5=e9e4d52439154b0e9c90ba60379420b8 sz=29493
[2026-06-25T00:10:49+00:00] file=personal_profile.md outcome=NOOP cm_md5=fec16b4618dda8f771d43eeb79fa499b sz=338195
[2026-06-25T06:11:19+00:00] file=cousin_write_audit_log.md outcome=OK cm_md5=196d33d1436b7a2182959569ec178315 pre_er_md5=04f6877d532db8547ddee4a92190e5a7 cm_sz=10477669 pre_er_sz=10450553 delta=27116
[2026-06-25T06:11:19+00:00] file=session_state.md outcome=NOOP cm_md5=f673ef65fed79b6434c1fe0c4ef382e6 sz=1294
[2026-06-25T06:11:19+00:00] file=telegram_context.md outcome=NOOP cm_md5=e9e4d52439154b0e9c90ba60379420b8 sz=29493
[2026-06-25T06:11:19+00:00] file=personal_profile.md outcome=NOOP cm_md5=fec16b4618dda8f771d43eeb79fa499b sz=338195
[2026-06-25T17:10:55+00:00] file=cousin_write_audit_log.md outcome=OK cm_md5=c11ee85dabab0f18638c7b67ea51bc9e pre_er_md5=196d33d1436b7a2182959569ec178315 cm_sz=10518275 pre_er_sz=10477669 delta=40606
[2026-06-25T17:10:55+00:00] file=session_state.md outcome=NOOP cm_md5=f673ef65fed79b6434c1fe0c4ef382e6 sz=1294
[2026-06-25T17:10:55+00:00] file=telegram_context.md outcome=NOOP cm_md5=e9e4d52439154b0e9c90ba60379420b8 sz=29493
[2026-06-25T17:10:55+00:00] file=personal_profile.md outcome=NOOP cm_md5=fec16b4618dda8f771d43eeb79fa499b sz=338195
[2026-06-26T02:10:49+00:00] file=cousin_write_audit_log.md outcome=OK cm_md5=a8e1da0d20a2e53ed760656cce5abbab pre_er_md5=c11ee85dabab0f18638c7b67ea51bc9e cm_sz=10553725 pre_er_sz=10518275 delta=35450
[2026-06-26T02:10:49+00:00] file=session_state.md outcome=NOOP cm_md5=f673ef65fed79b6434c1fe0c4ef382e6 sz=1294
[2026-06-26T02:10:49+00:00] file=telegram_context.md outcome=NOOP cm_md5=e9e4d52439154b0e9c90ba60379420b8 sz=29493
[2026-06-26T02:10:49+00:00] file=personal_profile.md outcome=NOOP cm_md5=fec16b4618dda8f771d43eeb79fa499b sz=338195
2026-06-26T03:10:58+00:00 file=cousin_write_audit_log.md outcome=OK cm_md5=c9558c8df57dfc8181dd7d9b37fc488c pre_er_md5=a8e1da0d20a2e53ed760656cce5abbab cm_sz=10557167 pre_er_sz=10553725 delta=3442
2026-06-26T03:10:58+00:00 file=session_state.md outcome=NOOP cm_md5=f673ef65fed79b6434c1fe0c4ef382e6 sz=1294
2026-06-26T03:10:58+00:00 file=telegram_context.md outcome=NOOP cm_md5=e9e4d52439154b0e9c90ba60379420b8 sz=29493
2026-06-26T03:10:58+00:00 file=personal_profile.md outcome=NOOP cm_md5=fec16b4618dda8f771d43eeb79fa499b sz=338195
[2026-06-26T11:10:55+00:00] file=cousin_write_audit_log.md outcome=OK cm_md5=38d8726c00998949c374e7b1798fb978 pre_er_md5=c9558c8df57dfc8181dd7d9b37fc488c cm_sz=10588943 pre_er_sz=10557167 delta=31776
[2026-06-26T11:10:55+00:00] file=session_state.md outcome=NOOP cm_md5=f673ef65fed79b6434c1fe0c4ef382e6 sz=1294
[2026-06-26T11:10:55+00:00] file=telegram_context.md outcome=NOOP cm_md5=e9e4d52439154b0e9c90ba60379420b8 sz=29493
[2026-06-26T11:10:55+00:00] file=personal_profile.md outcome=NOOP cm_md5=fec16b4618dda8f771d43eeb79fa499b sz=338195
[2026-06-26T18:11:03+00:00] file=cousin_write_audit_log.md outcome=OK cm_md5=52af006b8c69659e1687ae40851e01a7 pre_er_md5=38d8726c00998949c374e7b1798fb978 cm_sz=10615781 pre_er_sz=10588943 delta=26838
[2026-06-26T18:11:03+00:00] file=session_state.md outcome=NOOP cm_md5=f673ef65fed79b6434c1fe0c4ef382e6 sz=1294
[2026-06-26T18:11:03+00:00] file=telegram_context.md outcome=NOOP cm_md5=e9e4d52439154b0e9c90ba60379420b8 sz=29493
[2026-06-26T18:11:03+00:00] file=personal_profile.md outcome=NOOP cm_md5=fec16b4618dda8f771d43eeb79fa499b sz=338195
[2026-06-26T20:11:01+00:00] file=cousin_write_audit_log.md outcome=OK cm_md5=88c614f2666d4c66474024e3e457c347 pre_er_md5=52af006b8c69659e1687ae40851e01a7 cm_sz=10628045 pre_er_sz=10615781 delta=12264
[2026-06-26T20:11:01+00:00] file=session_state.md outcome=NOOP cm_md5=f673ef65fed79b6434c1fe0c4ef382e6 sz=1294
[2026-06-26T20:11:01+00:00] file=telegram_context.md outcome=NOOP cm_md5=e9e4d52439154b0e9c90ba60379420b8 sz=29493
[2026-06-26T20:11:01+00:00] file=personal_profile.md outcome=NOOP cm_md5=fec16b4618dda8f771d43eeb79fa499b sz=338195
ts=2026-06-26T23:10:52Z file=session_state.md outcome=NOOP
ts=2026-06-26T23:10:52Z file=telegram_context.md outcome=NOOP
ts=2026-06-26T23:10:52Z file=personal_profile.md outcome=NOOP
ts=2026-06-26T23:10:52Z file=cousin_write_audit_log.md outcome=OK delta_bytes=9613
[2026-06-27T00:10:46+00:00] file=cousin_write_audit_log.md outcome=OK cm_md5=9544dec4c684b2dbf24579524969a192 pre_er_md5=35f2bc0bb9417dcbe9e62bb6940c18b6 cm_sz=10641100 pre_er_sz=10637658 delta=3442
[2026-06-27T00:10:46+00:00] file=session_state.md outcome=NOOP cm_md5=f673ef65fed79b6434c1fe0c4ef382e6 sz=1294
[2026-06-27T00:10:46+00:00] file=telegram_context.md outcome=NOOP cm_md5=e9e4d52439154b0e9c90ba60379420b8 sz=29493
[2026-06-27T00:10:46+00:00] file=personal_profile.md outcome=NOOP cm_md5=fec16b4618dda8f771d43eeb79fa499b sz=338195
[2026-06-27T02:11:25+00:00] file=cousin_write_audit_log.md outcome=OK cm_md5=810395a3800ddc9f2aa969bbc6fa7016 pre_er_md5=9544dec4c684b2dbf24579524969a192 cm_sz=10650746 pre_er_sz=10641100 delta=9646
[2026-06-27T02:11:25+00:00] file=session_state.md outcome=NOOP cm_md5=f673ef65fed79b6434c1fe0c4ef382e6 sz=1294
[2026-06-27T02:11:25+00:00] file=telegram_context.md outcome=NOOP cm_md5=e9e4d52439154b0e9c90ba60379420b8 sz=29493
[2026-06-27T02:11:25+00:00] file=personal_profile.md outcome=NOOP cm_md5=fec16b4618dda8f771d43eeb79fa499b sz=338195
[2026-06-27T03:10:42+00:00] file=cousin_write_audit_log.md outcome=OK cm_md5=dd89c12b63a7d9bf739afeb6e8e83547 pre_er_md5=810395a3800ddc9f2aa969bbc6fa7016 cm_sz=10652812 pre_er_sz=10650746 delta=2066
[2026-06-27T03:10:42+00:00] file=session_state.md outcome=NOOP cm_md5=f673ef65fed79b6434c1fe0c4ef382e6 sz=1294
[2026-06-27T03:10:42+00:00] file=telegram_context.md outcome=NOOP cm_md5=e9e4d52439154b0e9c90ba60379420b8 sz=29493
[2026-06-27T03:10:42+00:00] file=personal_profile.md outcome=NOOP cm_md5=fec16b4618dda8f771d43eeb79fa499b sz=338195
[2026-06-27T07:10:59+00:00] file=cousin_write_audit_log.md outcome=OK cm_md5=2056950025686e1ca6569b549b3507ef pre_er_md5=dd89c12b63a7d9bf739afeb6e8e83547 cm_sz=10679255 pre_er_sz=10652812 delta=26443
[2026-06-27T07:10:59+00:00] file=session_state.md outcome=NOOP cm_md5=f673ef65fed79b6434c1fe0c4ef382e6 sz=1294
[2026-06-27T07:10:59+00:00] file=telegram_context.md outcome=NOOP cm_md5=e9e4d52439154b0e9c90ba60379420b8 sz=29493
[2026-06-27T07:10:59+00:00] file=personal_profile.md outcome=NOOP cm_md5=fec16b4618dda8f771d43eeb79fa499b sz=338195
[2026-06-28T03:10:17+00:00] file=cousin_write_audit_log.md outcome=OK cm_md5=468eedca0d968bef771559ffcd036b60 pre_er_md5=2056950025686e1ca6569b549b3507ef cm_sz=10684250 pre_er_sz=10679255 delta=4995
[2026-06-28T03:10:17+00:00] file=session_state.md outcome=NOOP cm_md5=f673ef65fed79b6434c1fe0c4ef382e6 sz=1294
[2026-06-28T03:10:17+00:00] file=telegram_context.md outcome=NOOP cm_md5=e9e4d52439154b0e9c90ba60379420b8 sz=29493
[2026-06-28T03:10:17+00:00] file=personal_profile.md outcome=NOOP cm_md5=fec16b4618dda8f771d43eeb79fa499b sz=338195
[2026-06-28T04:10:18+00:00] file=cousin_write_audit_log.md outcome=OK cm_md5=bad9dee22b6bcae9a2138a9dfa958768 pre_er_md5=468eedca0d968bef771559ffcd036b60 cm_sz=10695701 pre_er_sz=10684250 delta=11451
[2026-06-28T04:10:18+00:00] file=session_state.md outcome=NOOP cm_md5=f673ef65fed79b6434c1fe0c4ef382e6 sz=1294
[2026-06-28T04:10:18+00:00] file=telegram_context.md outcome=NOOP cm_md5=e9e4d52439154b0e9c90ba60379420b8 sz=29493
[2026-06-28T04:10:18+00:00] file=personal_profile.md outcome=NOOP cm_md5=fec16b4618dda8f771d43eeb79fa499b sz=338195
[2026-06-28T07:10:24+00:00] file=cousin_write_audit_log.md outcome=OK cm_md5=999dfbc78ab804905fef625c0498a731 pre_er_md5=bad9dee22b6bcae9a2138a9dfa958768 cm_sz=10709668 pre_er_sz=10695701 delta=13967
[2026-06-28T07:10:24+00:00] file=session_state.md outcome=NOOP cm_md5=f673ef65fed79b6434c1fe0c4ef382e6 sz=1294
[2026-06-28T07:10:24+00:00] file=telegram_context.md outcome=NOOP cm_md5=e9e4d52439154b0e9c90ba60379420b8 sz=29493
[2026-06-28T07:10:24+00:00] file=personal_profile.md outcome=NOOP cm_md5=fec16b4618dda8f771d43eeb79fa499b sz=338195
[2026-06-28T11:10:21+00:00] file=cousin_write_audit_log.md outcome=OK cm_md5=674bed62011ed02969e2ec948cbd2698 pre_er_md5=999dfbc78ab804905fef625c0498a731 cm_sz=10726318 pre_er_sz=10709668 delta=16650
[2026-06-28T11:10:21+00:00] file=session_state.md outcome=NOOP cm_md5=f673ef65fed79b6434c1fe0c4ef382e6 sz=1294
[2026-06-28T11:10:21+00:00] file=telegram_context.md outcome=NOOP cm_md5=e9e4d52439154b0e9c90ba60379420b8 sz=29493
[2026-06-28T11:10:21+00:00] file=personal_profile.md outcome=NOOP cm_md5=fec16b4618dda8f771d43eeb79fa499b sz=338195
[2026-06-28T12:10:24+00:00] file=cousin_write_audit_log.md outcome=OK cm_md5=e64a3d5af223a22999da90c2fe2c9664 pre_er_md5=674bed62011ed02969e2ec948cbd2698 cm_sz=10729420 pre_er_sz=10726318 delta=3102
[2026-06-28T12:10:24+00:00] file=session_state.md outcome=NOOP cm_md5=f673ef65fed79b6434c1fe0c4ef382e6 sz=1294
[2026-06-28T12:10:24+00:00] file=telegram_context.md outcome=NOOP cm_md5=e9e4d52439154b0e9c90ba60379420b8 sz=29493
[2026-06-28T12:10:24+00:00] file=personal_profile.md outcome=NOOP cm_md5=fec16b4618dda8f771d43eeb79fa499b sz=338195
[2026-06-28T14:10:25+00:00] file=cousin_write_audit_log.md outcome=OK cm_md5=930074e5391742d090f00d2ad215fd05 pre_er_md5=e64a3d5af223a22999da90c2fe2c9664 cm_sz=10737402 pre_er_sz=10729420 delta=7982
[2026-06-28T14:10:25+00:00] file=session_state.md outcome=NOOP cm_md5=f673ef65fed79b6434c1fe0c4ef382e6 sz=1294
[2026-06-28T14:10:25+00:00] file=telegram_context.md outcome=NOOP cm_md5=e9e4d52439154b0e9c90ba60379420b8 sz=29493
[2026-06-28T14:10:25+00:00] file=personal_profile.md outcome=NOOP cm_md5=fec16b4618dda8f771d43eeb79fa499b sz=338195
[2026-06-28T16:10:30+00:00] file=cousin_write_audit_log.md outcome=OK cm_md5=3c4d0953eac7bd4f835da74089ef9e9f pre_er_md5=930074e5391742d090f00d2ad215fd05 cm_sz=10745727 pre_er_sz=10737402 delta=8325
[2026-06-28T16:10:30+00:00] file=session_state.md outcome=NOOP cm_md5=f673ef65fed79b6434c1fe0c4ef382e6 sz=1294
[2026-06-28T16:10:30+00:00] file=telegram_context.md outcome=NOOP cm_md5=e9e4d52439154b0e9c90ba60379420b8 sz=29493
[2026-06-28T16:10:30+00:00] file=personal_profile.md outcome=NOOP cm_md5=fec16b4618dda8f771d43eeb79fa499b sz=338195
[2026-06-28T18:10:26+00:00] file=cousin_write_audit_log.md outcome=OK cm_md5=0fc389f6f640c6e1bd995edecc96c9eb pre_er_md5=3c4d0953eac7bd4f835da74089ef9e9f cm_sz=10753363 pre_er_sz=10745727 delta=7636
[2026-06-28T18:10:26+00:00] file=session_state.md outcome=NOOP cm_md5=f673ef65fed79b6434c1fe0c4ef382e6 sz=1294
[2026-06-28T18:10:26+00:00] file=telegram_context.md outcome=NOOP cm_md5=e9e4d52439154b0e9c90ba60379420b8 sz=29493
[2026-06-28T18:10:26+00:00] file=personal_profile.md outcome=NOOP cm_md5=fec16b4618dda8f771d43eeb79fa499b sz=338195
[2026-06-28T22:10:21+00:00] file=cousin_write_audit_log.md outcome=OK cm_md5=911fbd935788ae03fd872f6f88438750 pre_er_md5=0fc389f6f640c6e1bd995edecc96c9eb cm_sz=10772018 pre_er_sz=10753363 delta=18655
[2026-06-28T22:10:21+00:00] file=session_state.md outcome=NOOP cm_md5=f673ef65fed79b6434c1fe0c4ef382e6 sz=1294
[2026-06-28T22:10:21+00:00] file=telegram_context.md outcome=NOOP cm_md5=e9e4d52439154b0e9c90ba60379420b8 sz=29493
[2026-06-28T22:10:21+00:00] file=personal_profile.md outcome=NOOP cm_md5=fec16b4618dda8f771d43eeb79fa499b sz=338195
[2026-06-28T23:10:31+00:00] file=cousin_write_audit_log.md outcome=OK cm_md5=31c6aaa5df8128d2db00a748c9091bb8 pre_er_md5=911fbd935788ae03fd872f6f88438750 cm_sz=10776149 pre_er_sz=10772018 delta=4131
[2026-06-28T23:10:31+00:00] file=session_state.md outcome=NOOP cm_md5=f673ef65fed79b6434c1fe0c4ef382e6 sz=1294
[2026-06-28T23:10:31+00:00] file=telegram_context.md outcome=NOOP cm_md5=e9e4d52439154b0e9c90ba60379420b8 sz=29493
[2026-06-28T23:10:31+00:00] file=personal_profile.md outcome=NOOP cm_md5=fec16b4618dda8f771d43eeb79fa499b sz=338195
[2026-06-29T00:10:42+00:00] file=cousin_write_audit_log.md outcome=OK cm_md5=ae30bdd5069fc69eff239b34976b7dcc pre_er_md5=31c6aaa5df8128d2db00a748c9091bb8 cm_sz=10778908 pre_er_sz=10776149 delta=2759
[2026-06-29T00:10:42+00:00] file=session_state.md outcome=NOOP cm_md5=f673ef65fed79b6434c1fe0c4ef382e6 sz=1294
[2026-06-29T00:10:42+00:00] file=telegram_context.md outcome=NOOP cm_md5=e9e4d52439154b0e9c90ba60379420b8 sz=29493
[2026-06-29T00:10:42+00:00] file=personal_profile.md outcome=NOOP cm_md5=fec16b4618dda8f771d43eeb79fa499b sz=338195
[2026-06-29T01:10:32+00:00] file=cousin_write_audit_log.md outcome=OK cm_md5=53caecc846f7a24c1b30450ab33c5d41 pre_er_md5=ae30bdd5069fc69eff239b34976b7dcc cm_sz=10783042 pre_er_sz=10778908 delta=4134
[2026-06-29T01:10:32+00:00] file=session_state.md outcome=NOOP cm_md5=f673ef65fed79b6434c1fe0c4ef382e6 sz=1294
[2026-06-29T01:10:32+00:00] file=telegram_context.md outcome=NOOP cm_md5=e9e4d52439154b0e9c90ba60379420b8 sz=29493
[2026-06-29T01:10:32+00:00] file=personal_profile.md outcome=NOOP cm_md5=fec16b4618dda8f771d43eeb79fa499b sz=338195
[2026-06-29T02:10:28+00:00] file=cousin_write_audit_log.md outcome=OK cm_md5=631d8d483251b39dd802e21d71d093a3 pre_er_md5=53caecc846f7a24c1b30450ab33c5d41 cm_sz=10786487 pre_er_sz=10783042 delta=3445
[2026-06-29T02:10:28+00:00] file=session_state.md outcome=NOOP cm_md5=f673ef65fed79b6434c1fe0c4ef382e6 sz=1294
[2026-06-29T02:10:28+00:00] file=telegram_context.md outcome=NOOP cm_md5=e9e4d52439154b0e9c90ba60379420b8 sz=29493
[2026-06-29T02:10:28+00:00] file=personal_profile.md outcome=NOOP cm_md5=fec16b4618dda8f771d43eeb79fa499b sz=338195
ts=2026-06-29T03:10:22Z file=cousin_write_audit_log.md outcome=OK delta_bytes=4131
ts=2026-06-29T03:10:22Z file=session_state.md outcome=NOOP
ts=2026-06-29T03:10:22Z file=telegram_context.md outcome=NOOP
ts=2026-06-29T03:10:22Z file=personal_profile.md outcome=NOOP
[2026-06-29T05:10:35+00:00] file=cousin_write_audit_log.md outcome=OK cm_md5=fec307500f43af9e3f4e326bed8357da pre_er_md5=8de21e070634d7842d3eb7ebdb7a01b3 cm_sz=10798194 pre_er_sz=10790618 delta=7576
[2026-06-29T05:10:35+00:00] file=session_state.md outcome=NOOP cm_md5=f673ef65fed79b6434c1fe0c4ef382e6 sz=1294
[2026-06-29T05:10:35+00:00] file=telegram_context.md outcome=NOOP cm_md5=e9e4d52439154b0e9c90ba60379420b8 sz=29493
[2026-06-29T05:10:35+00:00] file=personal_profile.md outcome=NOOP cm_md5=fec16b4618dda8f771d43eeb79fa499b sz=338195
[2026-06-29T06:10:41+00:00] file=cousin_write_audit_log.md outcome=OK cm_md5=dbba4981095e1a8e0b16ae4313b7fb4d pre_er_md5=fec307500f43af9e3f4e326bed8357da cm_sz=10800953 pre_er_sz=10798194 delta=2759
[2026-06-29T06:10:41+00:00] file=session_state.md outcome=NOOP cm_md5=f673ef65fed79b6434c1fe0c4ef382e6 sz=1294
[2026-06-29T06:10:41+00:00] file=telegram_context.md outcome=NOOP cm_md5=e9e4d52439154b0e9c90ba60379420b8 sz=29493
[2026-06-29T06:10:41+00:00] file=personal_profile.md outcome=NOOP cm_md5=fec16b4618dda8f771d43eeb79fa499b sz=338195
[2026-06-29T07:10:21+00:00] file=cousin_write_audit_log.md outcome=OK cm_md5=a773c9c44435926027520cfc12cd4793 pre_er_md5=dbba4981095e1a8e0b16ae4313b7fb4d cm_sz=10805447 pre_er_sz=10800953 delta=4494
[2026-06-29T07:10:21+00:00] file=session_state.md outcome=NOOP cm_md5=f673ef65fed79b6434c1fe0c4ef382e6 sz=1294
[2026-06-29T07:10:21+00:00] file=telegram_context.md outcome=NOOP cm_md5=e9e4d52439154b0e9c90ba60379420b8 sz=29493
[2026-06-29T07:10:21+00:00] file=personal_profile.md outcome=NOOP cm_md5=fec16b4618dda8f771d43eeb79fa499b sz=338195
[2026-06-29T10:10:22+00:00] file=cousin_write_audit_log.md outcome=OK cm_md5=482be5ea67613ed8683a8300c3ab96c0 pre_er_md5=a773c9c44435926027520cfc12cd4793 cm_sz=10816474 pre_er_sz=10805447 delta=11027
[2026-06-29T10:10:22+00:00] file=session_state.md outcome=NOOP cm_md5=0bf40944c777a8e68a462e25eeca572e sz=562
[2026-06-29T10:10:22+00:00] file=telegram_context.md outcome=NOOP cm_md5=e9e4d52439154b0e9c90ba60379420b8 sz=29493
[2026-06-29T10:10:22+00:00] file=personal_profile.md outcome=NOOP cm_md5=fec16b4618dda8f771d43eeb79fa499b sz=338195
[2026-06-29T12:10:44+00:00] file=cousin_write_audit_log.md outcome=OK cm_md5=f6dfa5b5284190a66970fcb08160e362 pre_er_md5=482be5ea67613ed8683a8300c3ab96c0 cm_sz=10823704 pre_er_sz=10816474 delta=7230
[2026-06-29T12:10:44+00:00] file=session_state.md outcome=NOOP cm_md5=0bf40944c777a8e68a462e25eeca572e sz=562
[2026-06-29T12:10:44+00:00] file=telegram_context.md outcome=NOOP cm_md5=e9e4d52439154b0e9c90ba60379420b8 sz=29493
[2026-06-29T12:10:44+00:00] file=personal_profile.md outcome=NOOP cm_md5=fec16b4618dda8f771d43eeb79fa499b sz=338195
[2026-06-29T13:10:46+00:00] file=cousin_write_audit_log.md outcome=OK cm_md5=5b979331c68f4cc29c57396c6ad6c61d pre_er_md5=f6dfa5b5284190a66970fcb08160e362 cm_sz=10827489 pre_er_sz=10823704 delta=3785
[2026-06-29T13:10:46+00:00] file=session_state.md outcome=NOOP cm_md5=0bf40944c777a8e68a462e25eeca572e sz=562
[2026-06-29T13:10:46+00:00] file=telegram_context.md outcome=NOOP cm_md5=e9e4d52439154b0e9c90ba60379420b8 sz=29493
[2026-06-29T13:10:46+00:00] file=personal_profile.md outcome=NOOP cm_md5=fec16b4618dda8f771d43eeb79fa499b sz=338195
[2026-06-29T14:10:55+00:00] file=cousin_write_audit_log.md outcome=OK cm_md5=c964a753dbb10df6ada11997247e03d8 pre_er_md5=5b979331c68f4cc29c57396c6ad6c61d cm_sz=10830934 pre_er_sz=10827489 delta=3445
[2026-06-29T14:10:55+00:00] file=session_state.md outcome=NOOP cm_md5=0bf40944c777a8e68a462e25eeca572e sz=562
[2026-06-29T14:10:55+00:00] file=telegram_context.md outcome=NOOP cm_md5=e9e4d52439154b0e9c90ba60379420b8 sz=29493
[2026-06-29T14:10:55+00:00] file=personal_profile.md outcome=NOOP cm_md5=fec16b4618dda8f771d43eeb79fa499b sz=338195
[2026-06-29T15:10:42+00:00] file=cousin_write_audit_log.md outcome=OK cm_md5=0968a6c4db334faf942547935dc68c7e pre_er_md5=c964a753dbb10df6ada11997247e03d8 cm_sz=10835065 pre_er_sz=10830934 delta=4131
[2026-06-29T15:10:42+00:00] file=session_state.md outcome=NOOP cm_md5=0bf40944c777a8e68a462e25eeca572e sz=562
[2026-06-29T15:10:42+00:00] file=telegram_context.md outcome=NOOP cm_md5=e9e4d52439154b0e9c90ba60379420b8 sz=29493
[2026-06-29T15:10:42+00:00] file=personal_profile.md outcome=NOOP cm_md5=fec16b4618dda8f771d43eeb79fa499b sz=338195
[2026-06-29T17:10:22+00:00] file=cousin_write_audit_log.md outcome=OK cm_md5=0940ed9701d279e9259b2e977bf11344 pre_er_md5=0968a6c4db334faf942547935dc68c7e cm_sz=10842641 pre_er_sz=10835065 delta=7576
[2026-06-29T17:10:22+00:00] file=session_state.md outcome=NOOP cm_md5=0bf40944c777a8e68a462e25eeca572e sz=562
[2026-06-29T17:10:22+00:00] file=telegram_context.md outcome=NOOP cm_md5=e9e4d52439154b0e9c90ba60379420b8 sz=29493
[2026-06-29T17:10:22+00:00] file=personal_profile.md outcome=NOOP cm_md5=fec16b4618dda8f771d43eeb79fa499b sz=338195
[2026-06-29T17:10:43+00:00] file=cousin_write_audit_log.md outcome=NOOP cm_md5=0940ed9701d279e9259b2e977bf11344 sz=10842641
[2026-06-29T17:10:43+00:00] file=session_state.md outcome=NOOP cm_md5=0bf40944c777a8e68a462e25eeca572e sz=562
[2026-06-29T17:10:43+00:00] file=telegram_context.md outcome=NOOP cm_md5=e9e4d52439154b0e9c90ba60379420b8 sz=29493
[2026-06-29T17:10:43+00:00] file=personal_profile.md outcome=NOOP cm_md5=fec16b4618dda8f771d43eeb79fa499b sz=338195
[2026-06-29T18:11:09+00:00] file=cousin_write_audit_log.md outcome=OK cm_md5=f41b0df56fc718eea5f4d997df91b71e pre_er_md5=0940ed9701d279e9259b2e977bf11344 cm_sz=10845740 pre_er_sz=10842641 delta=3099
[2026-06-29T18:11:09+00:00] file=session_state.md outcome=NOOP cm_md5=0bf40944c777a8e68a462e25eeca572e sz=562
[2026-06-29T18:11:09+00:00] file=telegram_context.md outcome=NOOP cm_md5=e9e4d52439154b0e9c90ba60379420b8 sz=29493
[2026-06-29T18:11:09+00:00] file=personal_profile.md outcome=NOOP cm_md5=fec16b4618dda8f771d43eeb79fa499b sz=338195
[2026-06-29T19:10:33+00:00] file=cousin_write_audit_log.md outcome=OK cm_md5=c6c52bc1cadab999df6eed3bbdb25153 pre_er_md5=f41b0df56fc718eea5f4d997df91b71e cm_sz=10850942 pre_er_sz=10845740 delta=5202
[2026-06-29T19:10:33+00:00] file=session_state.md outcome=NOOP cm_md5=0bf40944c777a8e68a462e25eeca572e sz=562
[2026-06-29T19:10:33+00:00] file=telegram_context.md outcome=NOOP cm_md5=e9e4d52439154b0e9c90ba60379420b8 sz=29493
[2026-06-29T19:10:33+00:00] file=personal_profile.md outcome=NOOP cm_md5=fec16b4618dda8f771d43eeb79fa499b sz=338195
[2026-06-29T21:10:27+00:00] file=cousin_write_audit_log.md outcome=OK cm_md5=05a6abdbee5952490f8f490c459d8ef5 pre_er_md5=c6c52bc1cadab999df6eed3bbdb25153 cm_sz=10859534 pre_er_sz=10850942 delta=8592
[2026-06-29T21:10:27+00:00] file=session_state.md outcome=NOOP cm_md5=0bf40944c777a8e68a462e25eeca572e sz=562
[2026-06-29T21:10:27+00:00] file=telegram_context.md outcome=NOOP cm_md5=e9e4d52439154b0e9c90ba60379420b8 sz=29493
[2026-06-29T21:10:27+00:00] file=personal_profile.md outcome=NOOP cm_md5=fec16b4618dda8f771d43eeb79fa499b sz=338195
[2026-06-30T00:10:25+00:00] file=cousin_write_audit_log.md outcome=OK cm_md5=3edff8e4bec9b8c34807e8910cc1f432 pre_er_md5=05a6abdbee5952490f8f490c459d8ef5 cm_sz=10870879 pre_er_sz=10859534 delta=11345
[2026-06-30T00:10:25+00:00] file=session_state.md outcome=NOOP cm_md5=0bf40944c777a8e68a462e25eeca572e sz=562
[2026-06-30T00:10:25+00:00] file=telegram_context.md outcome=NOOP cm_md5=e9e4d52439154b0e9c90ba60379420b8 sz=29493
[2026-06-30T00:10:25+00:00] file=personal_profile.md outcome=NOOP cm_md5=fec16b4618dda8f771d43eeb79fa499b sz=338195
[2026-06-30T01:10:34+00:00] file=cousin_write_audit_log.md outcome=OK delta_bytes=3445 cm_sz=10874324 er_sz=10870879
[2026-06-30T01:10:34+00:00] file=session_state.md outcome=NOOP cm_sz=562 er_sz=562
[2026-06-30T01:10:34+00:00] file=telegram_context.md outcome=NOOP cm_sz=29493 er_sz=29493
[2026-06-30T01:10:34+00:00] file=personal_profile.md outcome=NOOP cm_sz=338195 er_sz=338195
[2026-06-30T02:10:26+00:00] file=cousin_write_audit_log.md outcome=OK cm_md5=7064a40c38851f11b108f31f68146782 pre_er_md5=e2d4b3ec5ef61bc4c0c335f73b094b29 cm_sz=10877769 pre_er_sz=10874324 delta=3445
[2026-06-30T02:10:26+00:00] file=session_state.md outcome=NOOP cm_md5=0bf40944c777a8e68a462e25eeca572e sz=562
[2026-06-30T02:10:26+00:00] file=telegram_context.md outcome=NOOP cm_md5=e9e4d52439154b0e9c90ba60379420b8 sz=29493
[2026-06-30T02:10:26+00:00] file=personal_profile.md outcome=NOOP cm_md5=fec16b4618dda8f771d43eeb79fa499b sz=338195
2026-06-30T03:10:26Z file=cousin_write_audit_log.md outcome=OK delta_bytes=4131
2026-06-30T03:10:26Z file=session_state.md outcome=NOOP
2026-06-30T03:10:26Z file=telegram_context.md outcome=NOOP
2026-06-30T03:10:26Z file=personal_profile.md outcome=NOOP
[2026-06-30T08:10:28+00:00] file=cousin_write_audit_log.md outcome=OK cm_md5=138c137ad0ffee54569c480fe362e363 pre_er_md5=8e7469da7af5a7948bf8a034c16f88b8 cm_sz=10899814 pre_er_sz=10881900 delta=17914
[2026-06-30T08:10:28+00:00] file=session_state.md outcome=NOOP cm_md5=e8e97af2abbd73302f48250cfb29c293 sz=391
[2026-06-30T08:10:28+00:00] file=telegram_context.md outcome=NOOP cm_md5=e9e4d52439154b0e9c90ba60379420b8 sz=29493
[2026-06-30T08:10:28+00:00] file=personal_profile.md outcome=NOOP cm_md5=fec16b4618dda8f771d43eeb79fa499b sz=338195
[2026-06-30T09:10:36+00:00] file=cousin_write_audit_log.md outcome=OK cm_md5=cb4ac695c05389d042fd41808d1f1d80 pre_er_md5=138c137ad0ffee54569c480fe362e363 cm_sz=10903945 pre_er_sz=10899814 delta=4131
[2026-06-30T09:10:36+00:00] file=session_state.md outcome=NOOP cm_md5=e8e97af2abbd73302f48250cfb29c293 sz=391
[2026-06-30T09:10:36+00:00] file=telegram_context.md outcome=NOOP cm_md5=e9e4d52439154b0e9c90ba60379420b8 sz=29493
[2026-06-30T09:10:36+00:00] file=personal_profile.md outcome=NOOP cm_md5=fec16b4618dda8f771d43eeb79fa499b sz=338195
[2026-06-30T11:10:27+00:00] file=cousin_write_audit_log.md outcome=OK cm_md5=461a8729aba1f4f4847d778e5cb6a4d4 pre_er_md5=cb4ac695c05389d042fd41808d1f1d80 cm_sz=10911521 pre_er_sz=10903945 delta=7576
[2026-06-30T11:10:27+00:00] file=session_state.md outcome=NOOP cm_md5=e8e97af2abbd73302f48250cfb29c293 sz=391
[2026-06-30T11:10:27+00:00] file=telegram_context.md outcome=NOOP cm_md5=e9e4d52439154b0e9c90ba60379420b8 sz=29493
[2026-06-30T11:10:27+00:00] file=personal_profile.md outcome=NOOP cm_md5=fec16b4618dda8f771d43eeb79fa499b sz=338195
[2026-06-30T13:10:33+00:00] file=cousin_write_audit_log.md outcome=OK cm_md5=9c47485201f02472122bd74c33ce2daf pre_er_md5=461a8729aba1f4f4847d778e5cb6a4d4 cm_sz=10918411 pre_er_sz=10911521 delta=6890
[2026-06-30T13:10:33+00:00] file=session_state.md outcome=NOOP cm_md5=e8e97af2abbd73302f48250cfb29c293 sz=391
[2026-06-30T13:10:33+00:00] file=telegram_context.md outcome=NOOP cm_md5=e9e4d52439154b0e9c90ba60379420b8 sz=29493
[2026-06-30T13:10:33+00:00] file=personal_profile.md outcome=NOOP cm_md5=fec16b4618dda8f771d43eeb79fa499b sz=338195
[2026-06-30T15:10:29+00:00] file=cousin_write_audit_log.md outcome=OK cm_md5=d389b8dee89fae748034cd7efedc7027 pre_er_md5=9c47485201f02472122bd74c33ce2daf cm_sz=10925990 pre_er_sz=10918411 delta=7579
[2026-06-30T15:10:29+00:00] file=session_state.md outcome=NOOP cm_md5=e8e97af2abbd73302f48250cfb29c293 sz=391
[2026-06-30T15:10:29+00:00] file=telegram_context.md outcome=NOOP cm_md5=e9e4d52439154b0e9c90ba60379420b8 sz=29493
[2026-06-30T15:10:29+00:00] file=personal_profile.md outcome=NOOP cm_md5=fec16b4618dda8f771d43eeb79fa499b sz=338195
[2026-06-30T17:10:29+00:00] file=cousin_write_audit_log.md outcome=OK cm_md5=edf43ae134143f876089c997483254ab pre_er_md5=d389b8dee89fae748034cd7efedc7027 cm_sz=10933566 pre_er_sz=10925990 delta=7576
[2026-06-30T17:10:29+00:00] file=session_state.md outcome=NOOP cm_md5=e8e97af2abbd73302f48250cfb29c293 sz=391
[2026-06-30T17:10:29+00:00] file=telegram_context.md outcome=NOOP cm_md5=e9e4d52439154b0e9c90ba60379420b8 sz=29493
[2026-06-30T17:10:29+00:00] file=personal_profile.md outcome=NOOP cm_md5=fec16b4618dda8f771d43eeb79fa499b sz=338195
[2026-06-30T18:10:36+00:00] file=cousin_write_audit_log.md outcome=OK cm_md5=e10655396a5b4f4879a57e2138acefce pre_er_md5=edf43ae134143f876089c997483254ab cm_sz=10936668 pre_er_sz=10933566 delta=3102
[2026-06-30T18:10:36+00:00] file=session_state.md outcome=NOOP cm_md5=e8e97af2abbd73302f48250cfb29c293 sz=391
[2026-06-30T18:10:36+00:00] file=telegram_context.md outcome=NOOP cm_md5=e9e4d52439154b0e9c90ba60379420b8 sz=29493
[2026-06-30T18:10:36+00:00] file=personal_profile.md outcome=NOOP cm_md5=fec16b4618dda8f771d43eeb79fa499b sz=338195
[2026-06-30T19:10:33+00:00] file=cousin_write_audit_log.md outcome=OK cm_md5=f10f183f7701748ee00441b84054e972 pre_er_md5=e10655396a5b4f4879a57e2138acefce cm_sz=10941873 pre_er_sz=10936668 delta=5205
[2026-06-30T19:10:33+00:00] file=session_state.md outcome=NOOP cm_md5=e8e97af2abbd73302f48250cfb29c293 sz=391
[2026-06-30T19:10:33+00:00] file=telegram_context.md outcome=NOOP cm_md5=e9e4d52439154b0e9c90ba60379420b8 sz=29493
[2026-06-30T19:10:33+00:00] file=personal_profile.md outcome=NOOP cm_md5=fec16b4618dda8f771d43eeb79fa499b sz=338195
[2026-06-30T20:11:03+00:00] file=cousin_write_audit_log.md outcome=OK cm_md5=d496bad51396bc1ac1ba74747ec6e5d3 pre_er_md5=f10f183f7701748ee00441b84054e972 cm_sz=10946337 pre_er_sz=10941873 delta=4464
[2026-06-30T20:11:03+00:00] file=session_state.md outcome=NOOP cm_md5=e8e97af2abbd73302f48250cfb29c293 sz=391
[2026-06-30T20:11:03+00:00] file=telegram_context.md outcome=NOOP cm_md5=e9e4d52439154b0e9c90ba60379420b8 sz=29493
[2026-06-30T20:11:03+00:00] file=personal_profile.md outcome=NOOP cm_md5=fec16b4618dda8f771d43eeb79fa499b sz=338195
[2026-06-30T21:10:38+00:00] file=cousin_write_audit_log.md outcome=OK cm_md5=3d7686451e06fa3e33d53d01101f0f1e pre_er_md5=d496bad51396bc1ac1ba74747ec6e5d3 cm_sz=10950471 pre_er_sz=10946337 delta=4134
[2026-06-30T21:10:38+00:00] file=session_state.md outcome=NOOP cm_md5=e8e97af2abbd73302f48250cfb29c293 sz=391
[2026-06-30T21:10:38+00:00] file=telegram_context.md outcome=NOOP cm_md5=e9e4d52439154b0e9c90ba60379420b8 sz=29493
[2026-06-30T21:10:38+00:00] file=personal_profile.md outcome=NOOP cm_md5=fec16b4618dda8f771d43eeb79fa499b sz=338195
[2026-06-30T22:10:46+00:00] file=cousin_write_audit_log.md outcome=OK cm_md5=f9cd1bc9f4f401a692ec031b5c8cfd1a pre_er_md5=3d7686451e06fa3e33d53d01101f0f1e cm_sz=10953913 pre_er_sz=10950471 delta=3442
[2026-06-30T22:10:46+00:00] file=session_state.md outcome=NOOP cm_md5=e8e97af2abbd73302f48250cfb29c293 sz=391
[2026-06-30T22:10:46+00:00] file=telegram_context.md outcome=NOOP cm_md5=e9e4d52439154b0e9c90ba60379420b8 sz=29493
[2026-06-30T22:10:46+00:00] file=personal_profile.md outcome=NOOP cm_md5=fec16b4618dda8f771d43eeb79fa499b sz=338195
[2026-06-30T23:10:38+00:00] file=cousin_write_audit_log.md outcome=OK cm_md5=9ad7e562490214cd1076d59689002b20 pre_er_md5=f9cd1bc9f4f401a692ec031b5c8cfd1a cm_sz=10958044 pre_er_sz=10953913 delta=4131
[2026-06-30T23:10:38+00:00] file=session_state.md outcome=NOOP cm_md5=e8e97af2abbd73302f48250cfb29c293 sz=391
[2026-06-30T23:10:38+00:00] file=telegram_context.md outcome=NOOP cm_md5=e9e4d52439154b0e9c90ba60379420b8 sz=29493
[2026-06-30T23:10:38+00:00] file=personal_profile.md outcome=NOOP cm_md5=fec16b4618dda8f771d43eeb79fa499b sz=338195
[2026-07-01T00:11:12+00:00] file=cousin_write_audit_log.md outcome=OK cm_md5=c148738a8615116f381903fb856d5eb6 pre_er_md5=9ad7e562490214cd1076d59689002b20 cm_sz=10961146 pre_er_sz=10958044 delta=3102
[2026-07-01T00:11:12+00:00] file=session_state.md outcome=NOOP cm_md5=e8e97af2abbd73302f48250cfb29c293 sz=391
[2026-07-01T00:11:12+00:00] file=telegram_context.md outcome=NOOP cm_md5=e9e4d52439154b0e9c90ba60379420b8 sz=29493
[2026-07-01T00:11:12+00:00] file=personal_profile.md outcome=NOOP cm_md5=fec16b4618dda8f771d43eeb79fa499b sz=338195
[2026-07-01T03:10:30+00:00] file=cousin_write_audit_log.md outcome=OK cm_md5=cf382c4a28dda72ab59a1c1d6400ef37 pre_er_md5=c148738a8615116f381903fb856d5eb6 cm_sz=10972516 pre_er_sz=10961146 delta=11370
[2026-07-01T03:10:30+00:00] file=session_state.md outcome=NOOP cm_md5=e8e97af2abbd73302f48250cfb29c293 sz=391
[2026-07-01T03:10:30+00:00] file=telegram_context.md outcome=NOOP cm_md5=e9e4d52439154b0e9c90ba60379420b8 sz=29493
[2026-07-01T03:10:30+00:00] file=personal_profile.md outcome=NOOP cm_md5=fec16b4618dda8f771d43eeb79fa499b sz=338195
2026-07-01T04:10:34Z file=cousin_write_audit_log.md src_bytes=10975961 dst_bytes=10972516 delta_bytes=3445 outcome=OK
2026-07-01T04:10:35Z file=session_state.md src_bytes=391 dst_bytes=391 delta_bytes=0 outcome=NOOP
2026-07-01T04:10:35Z file=telegram_context.md src_bytes=29493 dst_bytes=29493 delta_bytes=0 outcome=NOOP
2026-07-01T04:10:35Z file=personal_profile.md src_bytes=338195 dst_bytes=338195 delta_bytes=0 outcome=NOOP
[2026-07-01T05:10:31+00:00] file=cousin_write_audit_log.md outcome=OK cm_md5=9de39e717967b85252168da484311538 pre_er_md5=ed5d5527bb018ca70479d36a3ac65ab8 cm_sz=10980092 pre_er_sz=10975961 delta=4131
[2026-07-01T05:10:31+00:00] file=session_state.md outcome=NOOP cm_md5=e8e97af2abbd73302f48250cfb29c293 sz=391
[2026-07-01T05:10:31+00:00] file=telegram_context.md outcome=NOOP cm_md5=e9e4d52439154b0e9c90ba60379420b8 sz=29493
[2026-07-01T05:10:31+00:00] file=personal_profile.md outcome=NOOP cm_md5=fec16b4618dda8f771d43eeb79fa499b sz=338195
[2026-07-01T07:10:35+00:00] file=cousin_write_audit_log.md outcome=OK cm_md5=99c9b965d7bf411ed979931a123d858d pre_er_md5=9de39e717967b85252168da484311538 cm_sz=10986985 pre_er_sz=10980092 delta=6893
[2026-07-01T07:10:35+00:00] file=session_state.md outcome=NOOP cm_md5=e8e97af2abbd73302f48250cfb29c293 sz=391
[2026-07-01T07:10:35+00:00] file=telegram_context.md outcome=NOOP cm_md5=e9e4d52439154b0e9c90ba60379420b8 sz=29493
[2026-07-01T07:10:35+00:00] file=personal_profile.md outcome=NOOP cm_md5=fec16b4618dda8f771d43eeb79fa499b sz=338195
[2026-07-01T08:10:32+00:00] file=cousin_write_audit_log.md outcome=OK cm_md5=a1d93df409e67ba6f20e8ead06f9ec0c pre_er_md5=99c9b965d7bf411ed979931a123d858d cm_sz=10990433 pre_er_sz=10986985 delta=3448
[2026-07-01T08:10:32+00:00] file=session_state.md outcome=NOOP cm_md5=e8e97af2abbd73302f48250cfb29c293 sz=391
[2026-07-01T08:10:32+00:00] file=telegram_context.md outcome=NOOP cm_md5=e9e4d52439154b0e9c90ba60379420b8 sz=29493
[2026-07-01T08:10:32+00:00] file=personal_profile.md outcome=NOOP cm_md5=fec16b4618dda8f771d43eeb79fa499b sz=338195
[2026-07-01T09:10:48+00:00] file=cousin_write_audit_log.md outcome=OK cm_md5=1437d4d32ed8f8d176d9ee5157a04ee5 pre_er_md5=a1d93df409e67ba6f20e8ead06f9ec0c cm_sz=10994561 pre_er_sz=10990433 delta=4128
[2026-07-01T09:10:48+00:00] file=session_state.md outcome=NOOP cm_md5=e8e97af2abbd73302f48250cfb29c293 sz=391
[2026-07-01T09:10:48+00:00] file=telegram_context.md outcome=NOOP cm_md5=e9e4d52439154b0e9c90ba60379420b8 sz=29493
[2026-07-01T09:10:48+00:00] file=personal_profile.md outcome=NOOP cm_md5=fec16b4618dda8f771d43eeb79fa499b sz=338195
[2026-07-01T10:10:54+00:00] file=cousin_write_audit_log.md outcome=OK cm_md5=529819dd0483926ba138643c78f56066 pre_er_md5=1437d4d32ed8f8d176d9ee5157a04ee5 cm_sz=10998006 pre_er_sz=10994561 delta=3445
[2026-07-01T10:10:54+00:00] file=session_state.md outcome=NOOP cm_md5=e8e97af2abbd73302f48250cfb29c293 sz=391
[2026-07-01T10:10:54+00:00] file=telegram_context.md outcome=NOOP cm_md5=e9e4d52439154b0e9c90ba60379420b8 sz=29493
[2026-07-01T10:10:54+00:00] file=personal_profile.md outcome=NOOP cm_md5=fec16b4618dda8f771d43eeb79fa499b sz=338195
[2026-07-01T11:10:42+00:00] file=cousin_write_audit_log.md outcome=OK cm_md5=314b9b88cfb7fa7601421c59891b12e7 pre_er_md5=529819dd0483926ba138643c78f56066 cm_sz=11002140 pre_er_sz=10998006 delta=4134
[2026-07-01T11:10:42+00:00] file=session_state.md outcome=NOOP cm_md5=e8e97af2abbd73302f48250cfb29c293 sz=391
[2026-07-01T11:10:42+00:00] file=telegram_context.md outcome=NOOP cm_md5=e9e4d52439154b0e9c90ba60379420b8 sz=29493
[2026-07-01T11:10:42+00:00] file=personal_profile.md outcome=NOOP cm_md5=fec16b4618dda8f771d43eeb79fa499b sz=338195
[2026-07-01T13:10:31+00:00] file=cousin_write_audit_log.md outcome=OK cm_md5=1beb8602620a7eef545f06087409d8a2 pre_er_md5=314b9b88cfb7fa7601421c59891b12e7 cm_sz=11009030 pre_er_sz=11002140 delta=6890
[2026-07-01T13:10:31+00:00] file=session_state.md outcome=NOOP cm_md5=e8e97af2abbd73302f48250cfb29c293 sz=391
[2026-07-01T13:10:31+00:00] file=telegram_context.md outcome=NOOP cm_md5=e9e4d52439154b0e9c90ba60379420b8 sz=29493
[2026-07-01T13:10:31+00:00] file=personal_profile.md outcome=NOOP cm_md5=fec16b4618dda8f771d43eeb79fa499b sz=338195
[2026-07-01T14:10:30+00:00] file=cousin_write_audit_log.md outcome=OK cm_md5=4a12d31d9585f97f284ede03bba78b38 pre_er_md5=1beb8602620a7eef545f06087409d8a2 cm_sz=11012478 pre_er_sz=11009030 delta=3448
[2026-07-01T14:10:30+00:00] file=session_state.md outcome=NOOP cm_md5=e8e97af2abbd73302f48250cfb29c293 sz=391
[2026-07-01T14:10:30+00:00] file=telegram_context.md outcome=NOOP cm_md5=e9e4d52439154b0e9c90ba60379420b8 sz=29493
[2026-07-01T14:10:30+00:00] file=personal_profile.md outcome=NOOP cm_md5=fec16b4618dda8f771d43eeb79fa499b sz=338195
[2026-07-01T18:10:46+00:00] file=cousin_write_audit_log.md outcome=OK cm_md5=004f2f4caadbd9c0635db44c9fca99b3 pre_er_md5=4a12d31d9585f97f284ede03bba78b38 cm_sz=11026947 pre_er_sz=11012478 delta=14469
[2026-07-01T18:10:46+00:00] file=session_state.md outcome=NOOP cm_md5=e8e97af2abbd73302f48250cfb29c293 sz=391
[2026-07-01T18:10:46+00:00] file=telegram_context.md outcome=NOOP cm_md5=e9e4d52439154b0e9c90ba60379420b8 sz=29493
[2026-07-01T18:10:46+00:00] file=personal_profile.md outcome=NOOP cm_md5=fec16b4618dda8f771d43eeb79fa499b sz=338195
[2026-07-01T20:10:50+00:00] file=cousin_write_audit_log.md outcome=OK cm_md5=16f7e49bbd12a70b5eef7f106e6c2bac pre_er_md5=004f2f4caadbd9c0635db44c9fca99b3 cm_sz=11036959 pre_er_sz=11026947 delta=10012
[2026-07-01T20:10:50+00:00] file=session_state.md outcome=NOOP cm_md5=e8e97af2abbd73302f48250cfb29c293 sz=391
[2026-07-01T20:10:50+00:00] file=telegram_context.md outcome=NOOP cm_md5=e9e4d52439154b0e9c90ba60379420b8 sz=29493
[2026-07-01T20:10:50+00:00] file=personal_profile.md outcome=NOOP cm_md5=fec16b4618dda8f771d43eeb79fa499b sz=338195
[2026-07-01T21:10:30+00:00] file=cousin_write_audit_log.md outcome=OK cm_md5=be384bd750449953870cf0dc9e3f18ca pre_er_md5=16f7e49bbd12a70b5eef7f106e6c2bac cm_sz=11041090 pre_er_sz=11036959 delta=4131
[2026-07-01T21:10:30+00:00] file=session_state.md outcome=NOOP cm_md5=e8e97af2abbd73302f48250cfb29c293 sz=391
[2026-07-01T21:10:30+00:00] file=telegram_context.md outcome=NOOP cm_md5=e9e4d52439154b0e9c90ba60379420b8 sz=29493
[2026-07-01T21:10:30+00:00] file=personal_profile.md outcome=NOOP cm_md5=fec16b4618dda8f771d43eeb79fa499b sz=338195
[2026-07-01T23:10:40+00:00] file=cousin_write_audit_log.md outcome=OK cm_md5=ddc26907e4101db23f3992c26367817b pre_er_md5=be384bd750449953870cf0dc9e3f18ca cm_sz=11048320 pre_er_sz=11041090 delta=7230
[2026-07-01T23:10:40+00:00] file=session_state.md outcome=NOOP cm_md5=e8e97af2abbd73302f48250cfb29c293 sz=391
[2026-07-01T23:10:40+00:00] file=telegram_context.md outcome=NOOP cm_md5=e9e4d52439154b0e9c90ba60379420b8 sz=29493
[2026-07-01T23:10:40+00:00] file=personal_profile.md outcome=NOOP cm_md5=fec16b4618dda8f771d43eeb79fa499b sz=338195
[2026-07-02T00:10:42+00:00] file=cousin_write_audit_log.md outcome=OK cm_md5=25ce6b0db140d1a274f02b7a675079bc pre_er_md5=ddc26907e4101db23f3992c26367817b cm_sz=11051422 pre_er_sz=11048320 delta=3102
[2026-07-02T00:10:42+00:00] file=session_state.md outcome=NOOP cm_md5=e8e97af2abbd73302f48250cfb29c293 sz=391
[2026-07-02T00:10:42+00:00] file=telegram_context.md outcome=NOOP cm_md5=e9e4d52439154b0e9c90ba60379420b8 sz=29493
[2026-07-02T00:10:42+00:00] file=personal_profile.md outcome=NOOP cm_md5=fec16b4618dda8f771d43eeb79fa499b sz=338195
[2026-07-02T01:10:39+00:00] file=cousin_write_audit_log.md outcome=OK cm_md5=74cc7eadf35bf46d5925da9d118588c3 pre_er_md5=25ce6b0db140d1a274f02b7a675079bc cm_sz=11055556 pre_er_sz=11051422 delta=4134
[2026-07-02T01:10:39+00:00] file=session_state.md outcome=NOOP cm_md5=e8e97af2abbd73302f48250cfb29c293 sz=391
[2026-07-02T01:10:39+00:00] file=telegram_context.md outcome=NOOP cm_md5=e9e4d52439154b0e9c90ba60379420b8 sz=29493
[2026-07-02T01:10:39+00:00] file=personal_profile.md outcome=NOOP cm_md5=fec16b4618dda8f771d43eeb79fa499b sz=338195
[2026-07-02T03:10:45+00:00] file=cousin_write_audit_log.md outcome=OK cm_md5=e592be4946625d503f48fd23bf389716 pre_er_md5=74cc7eadf35bf46d5925da9d118588c3 cm_sz=11063132 pre_er_sz=11055556 delta=7576
[2026-07-02T03:10:45+00:00] file=session_state.md outcome=NOOP cm_md5=e8e97af2abbd73302f48250cfb29c293 sz=391
[2026-07-02T03:10:45+00:00] file=telegram_context.md outcome=NOOP cm_md5=e9e4d52439154b0e9c90ba60379420b8 sz=29493
[2026-07-02T03:10:45+00:00] file=personal_profile.md outcome=NOOP cm_md5=fec16b4618dda8f771d43eeb79fa499b sz=338195
[2026-07-02T05:11:51+00:00] file=cousin_write_audit_log.md outcome=OK cm_md5=d55bdd4f8e9135f7d57768ea6fdfc778 pre_er_md5=e592be4946625d503f48fd23bf389716 cm_sz=11070025 pre_er_sz=11063132 delta=6893
[2026-07-02T05:11:51+00:00] file=session_state.md outcome=NOOP cm_md5=34000d7d5ec895322e4af865f7ff4f5f sz=1548
[2026-07-02T05:11:51+00:00] file=telegram_context.md outcome=NOOP cm_md5=e9e4d52439154b0e9c90ba60379420b8 sz=29493
[2026-07-02T05:11:51+00:00] file=personal_profile.md outcome=NOOP cm_md5=fec16b4618dda8f771d43eeb79fa499b sz=338195
[2026-07-02T07:10:31+00:00] file=cousin_write_audit_log.md outcome=OK cm_md5=339d496f3fc7acb216452bdf9c8f3e3a pre_er_md5=d55bdd4f8e9135f7d57768ea6fdfc778 cm_sz=11077601 pre_er_sz=11070025 delta=7576
[2026-07-02T07:10:31+00:00] file=session_state.md outcome=NOOP cm_md5=34000d7d5ec895322e4af865f7ff4f5f sz=1548
[2026-07-02T07:10:31+00:00] file=telegram_context.md outcome=NOOP cm_md5=e9e4d52439154b0e9c90ba60379420b8 sz=29493
[2026-07-02T07:10:31+00:00] file=personal_profile.md outcome=NOOP cm_md5=fec16b4618dda8f771d43eeb79fa499b sz=338195
ts=2026-07-02T08:10:50+00:00 file=cousin_write_audit_log.md outcome=OK delta_bytes=3445
ts=2026-07-02T08:10:50+00:00 file=session_state.md outcome=NOOP
ts=2026-07-02T08:10:50+00:00 file=telegram_context.md outcome=NOOP
ts=2026-07-02T08:10:50+00:00 file=personal_profile.md outcome=NOOP
[2026-07-02T09:10:42+00:00] file=cousin_write_audit_log.md outcome=OK cm_md5=a250484e731f7569788c11b506cc0b62 pre_er_md5=c92b2180b78292f093f8a7b55b6961ea cm_sz=11085177 pre_er_sz=11081046 delta=4131
[2026-07-02T09:10:42+00:00] file=session_state.md outcome=NOOP cm_md5=34000d7d5ec895322e4af865f7ff4f5f sz=1548
[2026-07-02T09:10:42+00:00] file=telegram_context.md outcome=NOOP cm_md5=e9e4d52439154b0e9c90ba60379420b8 sz=29493
[2026-07-02T09:10:42+00:00] file=personal_profile.md outcome=NOOP cm_md5=fec16b4618dda8f771d43eeb79fa499b sz=338195
2026-07-02T10:10:40Z file=cousin_write_audit_log.md outcome=OK delta_bytes=3448
2026-07-02T10:10:40Z file=session_state.md outcome=NOOP delta_bytes=0
2026-07-02T10:10:40Z file=telegram_context.md outcome=NOOP delta_bytes=0
2026-07-02T10:10:40Z file=personal_profile.md outcome=NOOP delta_bytes=0
[2026-07-02T11:10:35+00:00] file=cousin_write_audit_log.md outcome=OK cm_md5=e79b5c8f410b174a783283dc1ce78e28 pre_er_md5=c8003d8c6b24bfdae1e48bf0710718b5 cm_sz=11092070 pre_er_sz=11088625 delta=3445
[2026-07-02T11:10:35+00:00] file=session_state.md outcome=NOOP cm_md5=34000d7d5ec895322e4af865f7ff4f5f sz=1548
[2026-07-02T11:10:35+00:00] file=telegram_context.md outcome=NOOP cm_md5=e9e4d52439154b0e9c90ba60379420b8 sz=29493
[2026-07-02T11:10:35+00:00] file=personal_profile.md outcome=NOOP cm_md5=fec16b4618dda8f771d43eeb79fa499b sz=338195
[2026-07-02T14:10:44+00:00] file=cousin_write_audit_log.md outcome=OK cm_md5=5b3c9f2852c6330627764234188ba9cc pre_er_md5=e79b5c8f410b174a783283dc1ce78e28 cm_sz=11103097 pre_er_sz=11092070 delta=11027
[2026-07-02T14:10:44+00:00] file=session_state.md outcome=NOOP cm_md5=34000d7d5ec895322e4af865f7ff4f5f sz=1548
[2026-07-02T14:10:44+00:00] file=telegram_context.md outcome=NOOP cm_md5=e9e4d52439154b0e9c90ba60379420b8 sz=29493
[2026-07-02T14:10:44+00:00] file=personal_profile.md outcome=NOOP cm_md5=fec16b4618dda8f771d43eeb79fa499b sz=338195
[2026-07-02T15:10:42+00:00] file=cousin_write_audit_log.md outcome=OK cm_md5=668b51be76fec68b78b77714d851c6c5 pre_er_md5=5b3c9f2852c6330627764234188ba9cc cm_sz=11107228 pre_er_sz=11103097 delta=4131
[2026-07-02T15:10:43+00:00] file=session_state.md outcome=NOOP cm_md5=34000d7d5ec895322e4af865f7ff4f5f sz=1548
[2026-07-02T15:10:43+00:00] file=telegram_context.md outcome=NOOP cm_md5=e9e4d52439154b0e9c90ba60379420b8 sz=29493
[2026-07-02T15:10:43+00:00] file=personal_profile.md outcome=NOOP cm_md5=fec16b4618dda8f771d43eeb79fa499b sz=338195
2026-07-02T16:10:35Z file=session_state.md outcome=NOOP
2026-07-02T16:10:35Z file=telegram_context.md outcome=NOOP
2026-07-02T16:10:35Z file=personal_profile.md outcome=NOOP
2026-07-02T16:10:36Z file=cousin_write_audit_log.md outcome=OK delta_bytes=3102
[2026-07-02T19:10:36+00:00] file=cousin_write_audit_log.md outcome=OK cm_md5=536030c4f8fd3508968f16eeaef53028 pre_er_md5=b7de261bf1d9777e9337a69695806ada cm_sz=11123111 pre_er_sz=11110330 delta=12781
[2026-07-02T19:10:36+00:00] file=session_state.md outcome=NOOP cm_md5=34000d7d5ec895322e4af865f7ff4f5f sz=1548
[2026-07-02T19:10:36+00:00] file=telegram_context.md outcome=NOOP cm_md5=e9e4d52439154b0e9c90ba60379420b8 sz=29493
[2026-07-02T19:10:36+00:00] file=personal_profile.md outcome=NOOP cm_md5=fec16b4618dda8f771d43eeb79fa499b sz=338195
[2026-07-02T21:11:01+00:00] file=cousin_write_audit_log.md outcome=OK cm_md5=fb00e4b92ee98c3b955d52a7eb150bef pre_er_md5=536030c4f8fd3508968f16eeaef53028 cm_sz=11131706 pre_er_sz=11123111 delta=8595
[2026-07-02T21:11:01+00:00] file=session_state.md outcome=NOOP cm_md5=34000d7d5ec895322e4af865f7ff4f5f sz=1548
[2026-07-02T21:11:01+00:00] file=telegram_context.md outcome=NOOP cm_md5=e9e4d52439154b0e9c90ba60379420b8 sz=29493
[2026-07-02T21:11:01+00:00] file=personal_profile.md outcome=NOOP cm_md5=fec16b4618dda8f771d43eeb79fa499b sz=338195
[2026-07-02T22:10:35+00:00] file=cousin_write_audit_log.md outcome=OK cm_md5=992edfd056b33b4362f3da06405a06e8 pre_er_md5=fb00e4b92ee98c3b955d52a7eb150bef cm_sz=11134462 pre_er_sz=11131706 delta=2756
[2026-07-02T22:10:35+00:00] file=session_state.md outcome=NOOP cm_md5=34000d7d5ec895322e4af865f7ff4f5f sz=1548
[2026-07-02T22:10:35+00:00] file=telegram_context.md outcome=NOOP cm_md5=e9e4d52439154b0e9c90ba60379420b8 sz=29493
[2026-07-02T22:10:35+00:00] file=personal_profile.md outcome=NOOP cm_md5=fec16b4618dda8f771d43eeb79fa499b sz=338195
[2026-07-02T23:10:37+00:00] file=cousin_write_audit_log.md outcome=OK cm_md5=162e9c1d1a77ae2a92daebdcd654d08a pre_er_md5=992edfd056b33b4362f3da06405a06e8 cm_sz=11138593 pre_er_sz=11134462 delta=4131
[2026-07-02T23:10:37+00:00] file=session_state.md outcome=NOOP cm_md5=34000d7d5ec895322e4af865f7ff4f5f sz=1548
[2026-07-02T23:10:37+00:00] file=telegram_context.md outcome=NOOP cm_md5=e9e4d52439154b0e9c90ba60379420b8 sz=29493
[2026-07-02T23:10:37+00:00] file=personal_profile.md outcome=NOOP cm_md5=fec16b4618dda8f771d43eeb79fa499b sz=338195
[2026-07-03T02:10:58+00:00] file=cousin_write_audit_log.md outcome=OK cm_md5=02a2d68e81f0c9ad20083eabe3a7e58d pre_er_md5=162e9c1d1a77ae2a92daebdcd654d08a cm_sz=11149614 pre_er_sz=11138593 delta=11021
[2026-07-03T02:10:58+00:00] file=session_state.md outcome=NOOP cm_md5=34000d7d5ec895322e4af865f7ff4f5f sz=1548
[2026-07-03T02:10:58+00:00] file=telegram_context.md outcome=NOOP cm_md5=e9e4d52439154b0e9c90ba60379420b8 sz=29493
[2026-07-03T02:10:58+00:00] file=personal_profile.md outcome=NOOP cm_md5=fec16b4618dda8f771d43eeb79fa499b sz=338195
[2026-07-03T05:11:03+00:00] file=cousin_write_audit_log.md outcome=OK cm_md5=f9d5fadda18cf099454129e19d3fc46f pre_er_md5=02a2d68e81f0c9ad20083eabe3a7e58d cm_sz=11160635 pre_er_sz=11149614 delta=11021
[2026-07-03T05:11:03+00:00] file=session_state.md outcome=NOOP cm_md5=34000d7d5ec895322e4af865f7ff4f5f cm_sz=1548
[2026-07-03T05:11:03+00:00] file=telegram_context.md outcome=NOOP cm_md5=e9e4d52439154b0e9c90ba60379420b8 cm_sz=29493
[2026-07-03T05:11:03+00:00] file=personal_profile.md outcome=NOOP cm_md5=fec16b4618dda8f771d43eeb79fa499b cm_sz=338195
[2026-07-03T06:10:47+00:00] file=cousin_write_audit_log.md outcome=OK cm_md5=885e6b32400781d136d66031c39ab1cb pre_er_md5=f9d5fadda18cf099454129e19d3fc46f cm_sz=11164080 pre_er_sz=11160635 delta=3445
[2026-07-03T06:10:47+00:00] file=session_state.md outcome=NOOP cm_md5=34000d7d5ec895322e4af865f7ff4f5f sz=1548
[2026-07-03T06:10:47+00:00] file=telegram_context.md outcome=NOOP cm_md5=e9e4d52439154b0e9c90ba60379420b8 sz=29493
[2026-07-03T06:10:47+00:00] file=personal_profile.md outcome=NOOP cm_md5=fec16b4618dda8f771d43eeb79fa499b sz=338195
[2026-07-03T07:10:46+00:00] file=cousin_write_audit_log.md outcome=OK cm_md5=f9089fa40dd35589172cf02af5e69a6a pre_er_md5=885e6b32400781d136d66031c39ab1cb cm_sz=11168211 pre_er_sz=11164080 delta=4131
[2026-07-03T07:10:46+00:00] file=session_state.md outcome=NOOP cm_md5=34000d7d5ec895322e4af865f7ff4f5f sz=1548
[2026-07-03T07:10:46+00:00] file=telegram_context.md outcome=NOOP cm_md5=e9e4d52439154b0e9c90ba60379420b8 sz=29493
[2026-07-03T07:10:46+00:00] file=personal_profile.md outcome=NOOP cm_md5=fec16b4618dda8f771d43eeb79fa499b sz=338195
[2026-07-03T08:10:38+00:00] file=cousin_write_audit_log.md outcome=OK cm_md5=81fb2cfd3476455358e32680ef90a3b5 pre_er_md5=f9089fa40dd35589172cf02af5e69a6a cm_sz=11171659 pre_er_sz=11168211 delta=3448
[2026-07-03T08:10:38+00:00] file=session_state.md outcome=NOOP cm_md5=34000d7d5ec895322e4af865f7ff4f5f sz=1548
[2026-07-03T08:10:38+00:00] file=telegram_context.md outcome=NOOP cm_md5=e9e4d52439154b0e9c90ba60379420b8 sz=29493
[2026-07-03T08:10:38+00:00] file=personal_profile.md outcome=NOOP cm_md5=fec16b4618dda8f771d43eeb79fa499b sz=338195
[2026-07-03T09:10:40+00:00] file=cousin_write_audit_log.md outcome=OK cm_md5=fe7d32dfe7307ebd421c950a37c9f1fa pre_er_md5=81fb2cfd3476455358e32680ef90a3b5 cm_sz=11175447 pre_er_sz=11171659 delta=3788
[2026-07-03T09:10:40+00:00] file=session_state.md outcome=NOOP cm_md5=34000d7d5ec895322e4af865f7ff4f5f sz=1548
[2026-07-03T09:10:40+00:00] file=telegram_context.md outcome=NOOP cm_md5=e9e4d52439154b0e9c90ba60379420b8 sz=29493
[2026-07-03T09:10:40+00:00] file=personal_profile.md outcome=NOOP cm_md5=fec16b4618dda8f771d43eeb79fa499b sz=338195
[2026-07-03T10:10:41+00:00] file=cousin_write_audit_log.md outcome=OK cm_md5=81ea91e80e8cf92f1dd0d661b7f45f22 pre_er_md5=fe7d32dfe7307ebd421c950a37c9f1fa cm_sz=11178549 pre_er_sz=11175447 delta=3102
[2026-07-03T10:10:41+00:00] file=session_state.md outcome=NOOP cm_md5=34000d7d5ec895322e4af865f7ff4f5f sz=1548
[2026-07-03T10:10:41+00:00] file=telegram_context.md outcome=NOOP cm_md5=e9e4d52439154b0e9c90ba60379420b8 sz=29493
[2026-07-03T10:10:41+00:00] file=personal_profile.md outcome=NOOP cm_md5=fec16b4618dda8f771d43eeb79fa499b sz=338195
[2026-07-03T11:10:38+00:00] file=cousin_write_audit_log.md outcome=OK cm_md5=dd8109d7712d5d431949b88eaf60cfb0 pre_er_md5=81ea91e80e8cf92f1dd0d661b7f45f22 cm_sz=11182677 pre_er_sz=11178549 delta=4128
[2026-07-03T11:10:38+00:00] file=session_state.md outcome=NOOP cm_md5=34000d7d5ec895322e4af865f7ff4f5f sz=1548
[2026-07-03T11:10:38+00:00] file=telegram_context.md outcome=NOOP cm_md5=e9e4d52439154b0e9c90ba60379420b8 sz=29493
[2026-07-03T11:10:38+00:00] file=personal_profile.md outcome=NOOP cm_md5=fec16b4618dda8f771d43eeb79fa499b sz=338195
[2026-07-03T14:10:40+00:00] file=cousin_write_audit_log.md outcome=OK cm_md5=302ca468548a9d2097d1eca33bb88d41 pre_er_md5=dd8109d7712d5d431949b88eaf60cfb0 cm_sz=11193704 pre_er_sz=11182677 delta=11027
[2026-07-03T14:10:40+00:00] file=session_state.md outcome=NOOP cm_md5=34000d7d5ec895322e4af865f7ff4f5f sz=1548
[2026-07-03T14:10:40+00:00] file=telegram_context.md outcome=NOOP cm_md5=e9e4d52439154b0e9c90ba60379420b8 sz=29493
[2026-07-03T14:10:40+00:00] file=personal_profile.md outcome=NOOP cm_md5=fec16b4618dda8f771d43eeb79fa499b sz=338195
[2026-07-03T16:11:48+00:00] file=cousin_write_audit_log.md outcome=OK cm_md5=acf7e74d68a8577c27c40ba5fb1666a0 pre_er_md5=302ca468548a9d2097d1eca33bb88d41 cm_sz=11200931 pre_er_sz=11193704 delta=7227
[2026-07-03T16:11:49+00:00] file=session_state.md outcome=NOOP cm_md5=34000d7d5ec895322e4af865f7ff4f5f sz=1548
[2026-07-03T16:11:49+00:00] file=telegram_context.md outcome=NOOP cm_md5=e9e4d52439154b0e9c90ba60379420b8 sz=29493
[2026-07-03T16:11:49+00:00] file=personal_profile.md outcome=NOOP cm_md5=fec16b4618dda8f771d43eeb79fa499b sz=338195
[2026-07-03T16:11:51+00:00] file=cousin_write_audit_log.md outcome=NOOP cm_md5=acf7e74d68a8577c27c40ba5fb1666a0 sz=11200931
[2026-07-03T16:11:51+00:00] file=session_state.md outcome=NOOP cm_md5=34000d7d5ec895322e4af865f7ff4f5f sz=1548
[2026-07-03T16:11:51+00:00] file=telegram_context.md outcome=NOOP cm_md5=e9e4d52439154b0e9c90ba60379420b8 sz=29493
[2026-07-03T16:11:51+00:00] file=personal_profile.md outcome=NOOP cm_md5=fec16b4618dda8f771d43eeb79fa499b sz=338195
[2026-07-03T17:11:13+00:00] file=cousin_write_audit_log.md outcome=OK cm_md5=ef9c32d0aae32949d0ddc491f2b89efe pre_er_md5=acf7e74d68a8577c27c40ba5fb1666a0 cm_sz=11204722 pre_er_sz=11200931 delta=3791
[2026-07-03T17:11:13+00:00] file=session_state.md outcome=NOOP cm_md5=34000d7d5ec895322e4af865f7ff4f5f cm_sz=1548
[2026-07-03T17:11:13+00:00] file=telegram_context.md outcome=NOOP cm_md5=e9e4d52439154b0e9c90ba60379420b8 cm_sz=29493
[2026-07-03T17:11:13+00:00] file=personal_profile.md outcome=NOOP cm_md5=fec16b4618dda8f771d43eeb79fa499b cm_sz=338195
[2026-07-03T19:10:44+00:00] file=cousin_write_audit_log.md outcome=OK cm_md5=b96f6fd6f1e8423ff35dee81a136afee pre_er_md5=ef9c32d0aae32949d0ddc491f2b89efe cm_sz=11213719 pre_er_sz=11204722 delta=8997
[2026-07-03T19:10:44+00:00] file=session_state.md outcome=NOOP cm_md5=34000d7d5ec895322e4af865f7ff4f5f cm_sz=1548
[2026-07-03T19:10:44+00:00] file=telegram_context.md outcome=NOOP cm_md5=e9e4d52439154b0e9c90ba60379420b8 cm_sz=29493
[2026-07-03T19:10:44+00:00] file=personal_profile.md outcome=NOOP cm_md5=fec16b4618dda8f771d43eeb79fa499b cm_sz=338195
[2026-07-03T20:10:34+00:00] file=cousin_write_audit_log.md outcome=OK cm_md5=7ebea311c9a6bf48dac7c1b901f3b23f pre_er_md5=b96f6fd6f1e8423ff35dee81a136afee cm_sz=11218180 pre_er_sz=11213719 delta=4461
[2026-07-03T20:10:34+00:00] file=session_state.md outcome=NOOP cm_md5=34000d7d5ec895322e4af865f7ff4f5f sz=1548
[2026-07-03T20:10:34+00:00] file=telegram_context.md outcome=NOOP cm_md5=e9e4d52439154b0e9c90ba60379420b8 sz=29493
[2026-07-03T20:10:34+00:00] file=personal_profile.md outcome=NOOP cm_md5=fec16b4618dda8f771d43eeb79fa499b sz=338195
ts=2026-07-03T21:10:44+00:00 file=cousin_write_audit_log.md outcome=OK delta_bytes=4134
ts=2026-07-03T21:10:44+00:00 file=session_state.md outcome=NOOP
ts=2026-07-03T21:10:44+00:00 file=telegram_context.md outcome=NOOP
ts=2026-07-03T21:10:44+00:00 file=personal_profile.md outcome=NOOP
ts=2026-07-03T22:11:06+00:00 file=cousin_write_audit_log.md outcome=OK delta_bytes=2756
ts=2026-07-03T22:11:06+00:00 file=session_state.md outcome=NOOP
ts=2026-07-03T22:11:06+00:00 file=telegram_context.md outcome=NOOP
ts=2026-07-03T22:11:06+00:00 file=personal_profile.md outcome=NOOP
ts=2026-07-03T23:10:55+00:00 file=cousin_write_audit_log.md outcome=OK delta_bytes=4131
ts=2026-07-03T23:10:55+00:00 file=session_state.md outcome=NOOP
ts=2026-07-03T23:10:55+00:00 file=telegram_context.md outcome=NOOP
ts=2026-07-03T23:10:55+00:00 file=personal_profile.md outcome=NOOP
[2026-07-04T02:10:35+00:00] file=cousin_write_audit_log.md outcome=OK cm_md5=c8d4f75e3237d2173bc24330569822a4 pre_er_md5=b3b2b4e26bdded879b51d19bb109b7d1 cm_sz=11240922 pre_er_sz=11229201 delta=11721
[2026-07-04T02:10:35+00:00] file=session_state.md outcome=NOOP cm_md5=34000d7d5ec895322e4af865f7ff4f5f sz=1548
[2026-07-04T02:10:35+00:00] file=telegram_context.md outcome=NOOP cm_md5=e9e4d52439154b0e9c90ba60379420b8 sz=29493
[2026-07-04T02:10:35+00:00] file=personal_profile.md outcome=NOOP cm_md5=fec16b4618dda8f771d43eeb79fa499b sz=338195
[2026-07-04T04:11:00+00:00] file=cousin_write_audit_log.md outcome=OK cm_md5=034e62e34e332af5b5ad2cf525f67839 pre_er_md5=c8d4f75e3237d2173bc24330569822a4 cm_sz=11247812 pre_er_sz=11240922 delta=6890
[2026-07-04T04:11:00+00:00] file=session_state.md outcome=NOOP cm_md5=34000d7d5ec895322e4af865f7ff4f5f sz=1548
[2026-07-04T04:11:00+00:00] file=telegram_context.md outcome=NOOP cm_md5=e9e4d52439154b0e9c90ba60379420b8 sz=29493
[2026-07-04T04:11:00+00:00] file=personal_profile.md outcome=NOOP cm_md5=fec16b4618dda8f771d43eeb79fa499b sz=338195
[2026-07-04T05:10:42+00:00] file=cousin_write_audit_log.md outcome=OK cm_md5=aa2fdde422b1aafa4533ddaf3b77967b pre_er_md5=034e62e34e332af5b5ad2cf525f67839 cm_sz=11251946 pre_er_sz=11247812 delta=4134
[2026-07-04T05:10:42+00:00] file=session_state.md outcome=NOOP cm_md5=34000d7d5ec895322e4af865f7ff4f5f sz=1548
[2026-07-04T05:10:42+00:00] file=telegram_context.md outcome=NOOP cm_md5=e9e4d52439154b0e9c90ba60379420b8 sz=29493
[2026-07-04T05:10:42+00:00] file=personal_profile.md outcome=NOOP cm_md5=fec16b4618dda8f771d43eeb79fa499b sz=338195
[2026-07-04T06:11:14+00:00] file=cousin_write_audit_log.md outcome=OK cm_md5=2debb58eb6d161b0c060d743b39b1af7 pre_er_md5=aa2fdde422b1aafa4533ddaf3b77967b cm_sz=11255391 pre_er_sz=11251946 delta=3445
[2026-07-04T06:11:14+00:00] file=session_state.md outcome=NOOP cm_md5=34000d7d5ec895322e4af865f7ff4f5f sz=1548
[2026-07-04T06:11:14+00:00] file=telegram_context.md outcome=NOOP cm_md5=e9e4d52439154b0e9c90ba60379420b8 sz=29493
[2026-07-04T06:11:14+00:00] file=personal_profile.md outcome=NOOP cm_md5=fec16b4618dda8f771d43eeb79fa499b sz=338195
[2026-07-04T07:11:01+00:00] file=cousin_write_audit_log.md outcome=OK cm_md5=5dcdbbf4bc30fe698887f34eac472288 pre_er_md5=2debb58eb6d161b0c060d743b39b1af7 cm_sz=11259522 pre_er_sz=11255391 delta=4131
[2026-07-04T07:11:01+00:00] file=session_state.md outcome=NOOP cm_md5=34000d7d5ec895322e4af865f7ff4f5f sz=1548
[2026-07-04T07:11:01+00:00] file=telegram_context.md outcome=NOOP cm_md5=e9e4d52439154b0e9c90ba60379420b8 sz=29493
[2026-07-04T07:11:01+00:00] file=personal_profile.md outcome=NOOP cm_md5=fec16b4618dda8f771d43eeb79fa499b sz=338195
[2026-07-04T08:10:58+00:00] file=cousin_write_audit_log.md outcome=OK cm_md5=54a6952cb5680b033ea6895de5efb347 pre_er_md5=5dcdbbf4bc30fe698887f34eac472288 cm_sz=11262967 pre_er_sz=11259522 delta=3445
[2026-07-04T08:10:58+00:00] file=session_state.md outcome=NOOP cm_md5=224f2171c75276a878242779389bb738 sz=583
[2026-07-04T08:10:58+00:00] file=telegram_context.md outcome=NOOP cm_md5=e9e4d52439154b0e9c90ba60379420b8 sz=29493
[2026-07-04T08:10:58+00:00] file=personal_profile.md outcome=NOOP cm_md5=fec16b4618dda8f771d43eeb79fa499b sz=338195
[2026-07-04T09:11:01+00:00] file=cousin_write_audit_log.md outcome=OK cm_md5=78bb87754ae3d37777e81618598933b7 pre_er_md5=54a6952cb5680b033ea6895de5efb347 cm_sz=11267095 pre_er_sz=11262967 delta=4128
[2026-07-04T09:11:01+00:00] file=session_state.md outcome=NOOP cm_md5=224f2171c75276a878242779389bb738 sz=583
[2026-07-04T09:11:01+00:00] file=telegram_context.md outcome=NOOP cm_md5=e9e4d52439154b0e9c90ba60379420b8 sz=29493
[2026-07-04T09:11:01+00:00] file=personal_profile.md outcome=NOOP cm_md5=fec16b4618dda8f771d43eeb79fa499b sz=338195
[2026-07-04T10:11:02+00:00] file=cousin_write_audit_log.md outcome=OK cm_md5=11e1bb28b959d068fc2b094e5170ad4b pre_er_md5=78bb87754ae3d37777e81618598933b7 cm_sz=11269854 pre_er_sz=11267095 delta=2759
[2026-07-04T10:11:02+00:00] file=session_state.md outcome=NOOP cm_md5=224f2171c75276a878242779389bb738 sz=583
[2026-07-04T10:11:02+00:00] file=telegram_context.md outcome=NOOP cm_md5=e9e4d52439154b0e9c90ba60379420b8 sz=29493
[2026-07-04T10:11:02+00:00] file=personal_profile.md outcome=NOOP cm_md5=fec16b4618dda8f771d43eeb79fa499b sz=338195
[2026-07-04T14:11:42+00:00] file=cousin_write_audit_log.md outcome=OK cm_md5=700ad4d0c644c4fdfe69cad6b3d57c04 pre_er_md5=11e1bb28b959d068fc2b094e5170ad4b cm_sz=11285009 pre_er_sz=11269854 delta=15155
[2026-07-04T14:11:42+00:00] file=session_state.md outcome=NOOP cm_md5=224f2171c75276a878242779389bb738 sz=583
[2026-07-04T14:11:42+00:00] file=telegram_context.md outcome=NOOP cm_md5=e9e4d52439154b0e9c90ba60379420b8 sz=29493
[2026-07-04T14:11:42+00:00] file=personal_profile.md outcome=NOOP cm_md5=fec16b4618dda8f771d43eeb79fa499b sz=338195
[2026-07-04T15:11:00+00:00] file=cousin_write_audit_log.md outcome=OK cm_md5=6c0ff35d0eabe9eb365e3f6b824a6746 pre_er_md5=700ad4d0c644c4fdfe69cad6b3d57c04 cm_sz=11288797 pre_er_sz=11285009 delta=3788
[2026-07-04T15:11:00+00:00] file=session_state.md outcome=NOOP cm_md5=224f2171c75276a878242779389bb738 sz=583
[2026-07-04T15:11:00+00:00] file=telegram_context.md outcome=NOOP cm_md5=e9e4d52439154b0e9c90ba60379420b8 sz=29493
[2026-07-04T15:11:00+00:00] file=personal_profile.md outcome=NOOP cm_md5=fec16b4618dda8f771d43eeb79fa499b sz=338195
[2026-07-04T16:11:00+00:00] file=cousin_write_audit_log.md outcome=OK cm_md5=a93e22982c89796c52a6d30364746312 pre_er_md5=6c0ff35d0eabe9eb365e3f6b824a6746 cm_sz=11291899 pre_er_sz=11288797 delta=3102
[2026-07-04T16:11:00+00:00] file=session_state.md outcome=NOOP cm_md5=224f2171c75276a878242779389bb738 sz=583
[2026-07-04T16:11:00+00:00] file=telegram_context.md outcome=NOOP cm_md5=e9e4d52439154b0e9c90ba60379420b8 sz=29493
[2026-07-04T16:11:00+00:00] file=personal_profile.md outcome=NOOP cm_md5=fec16b4618dda8f771d43eeb79fa499b sz=338195
[2026-07-04T17:11:02+00:00] file=cousin_write_audit_log.md outcome=OK cm_md5=43bcd2c5024a432406fb675e5cad4860 pre_er_md5=a93e22982c89796c52a6d30364746312 cm_sz=11296030 pre_er_sz=11291899 delta=4131
[2026-07-04T17:11:02+00:00] file=session_state.md outcome=NOOP cm_md5=224f2171c75276a878242779389bb738 sz=583
[2026-07-04T17:11:02+00:00] file=telegram_context.md outcome=NOOP cm_md5=e9e4d52439154b0e9c90ba60379420b8 sz=29493
[2026-07-04T17:11:02+00:00] file=personal_profile.md outcome=NOOP cm_md5=fec16b4618dda8f771d43eeb79fa499b sz=338195
[2026-07-04T18:10:57+00:00] file=cousin_write_audit_log.md outcome=OK cm_md5=494e36d9e0eb9cf6a88fa10e7ba58b18 pre_er_md5=43bcd2c5024a432406fb675e5cad4860 cm_sz=11299478 pre_er_sz=11296030 delta=3448
[2026-07-04T18:10:57+00:00] file=session_state.md outcome=NOOP cm_md5=224f2171c75276a878242779389bb738 sz=583
[2026-07-04T18:10:57+00:00] file=telegram_context.md outcome=NOOP cm_md5=e9e4d52439154b0e9c90ba60379420b8 sz=29493
[2026-07-04T18:10:57+00:00] file=personal_profile.md outcome=NOOP cm_md5=fec16b4618dda8f771d43eeb79fa499b sz=338195
[2026-07-04T19:11:20+00:00] file=cousin_write_audit_log.md outcome=OK cm_md5=70f597dfeca79ddecf86837d4438c7be pre_er_md5=494e36d9e0eb9cf6a88fa10e7ba58b18 cm_sz=11305027 pre_er_sz=11299478 delta=5549
[2026-07-04T19:11:20+00:00] file=session_state.md outcome=NOOP cm_md5=224f2171c75276a878242779389bb738 sz=583
[2026-07-04T19:11:20+00:00] file=telegram_context.md outcome=NOOP cm_md5=e9e4d52439154b0e9c90ba60379420b8 sz=29493
[2026-07-04T19:11:20+00:00] file=personal_profile.md outcome=NOOP cm_md5=fec16b4618dda8f771d43eeb79fa499b sz=338195
[2026-07-04T20:10:59+00:00] file=cousin_write_audit_log.md outcome=OK cm_md5=e81f1f861718946d6fc8992f702292e4 pre_er_md5=70f597dfeca79ddecf86837d4438c7be cm_sz=11309488 pre_er_sz=11305027 delta=4461
[2026-07-04T20:10:59+00:00] file=session_state.md outcome=NOOP cm_md5=224f2171c75276a878242779389bb738 sz=583
[2026-07-04T20:10:59+00:00] file=telegram_context.md outcome=NOOP cm_md5=e9e4d52439154b0e9c90ba60379420b8 sz=29493
[2026-07-04T20:10:59+00:00] file=personal_profile.md outcome=NOOP cm_md5=fec16b4618dda8f771d43eeb79fa499b sz=338195
[2026-07-04T21:11:00+00:00] file=cousin_write_audit_log.md outcome=OK cm_md5=14f2f8ba4bef9fee5c7bc7182fc08a0a pre_er_md5=e81f1f861718946d6fc8992f702292e4 cm_sz=11313276 pre_er_sz=11309488 delta=3788
[2026-07-04T21:11:00+00:00] file=session_state.md outcome=NOOP cm_md5=224f2171c75276a878242779389bb738 sz=583
[2026-07-04T21:11:00+00:00] file=telegram_context.md outcome=NOOP cm_md5=e9e4d52439154b0e9c90ba60379420b8 sz=29493
[2026-07-04T21:11:00+00:00] file=personal_profile.md outcome=NOOP cm_md5=fec16b4618dda8f771d43eeb79fa499b sz=338195
[2026-07-04T22:10:47+00:00] file=cousin_write_audit_log.md outcome=OK cm_md5=ca8b333dcc84ef96fda491bf074070a1 pre_er_md5=14f2f8ba4bef9fee5c7bc7182fc08a0a cm_sz=11316375 pre_er_sz=11313276 delta=3099
[2026-07-04T22:10:47+00:00] file=session_state.md outcome=NOOP cm_md5=224f2171c75276a878242779389bb738 sz=583
[2026-07-04T22:10:47+00:00] file=telegram_context.md outcome=NOOP cm_md5=e9e4d52439154b0e9c90ba60379420b8 sz=29493
[2026-07-04T22:10:47+00:00] file=personal_profile.md outcome=NOOP cm_md5=fec16b4618dda8f771d43eeb79fa499b sz=338195
[2026-07-05T00:11:05+00:00] file=cousin_write_audit_log.md outcome=OK delta_bytes=8275 cm_md5=7fd5e4348c2e9981498872eb8239c4be
[2026-07-05T00:11:05+00:00] file=session_state.md outcome=NOOP cm_md5=224f2171c75276a878242779389bb738 bytes=583
[2026-07-05T00:11:05+00:00] file=telegram_context.md outcome=NOOP cm_md5=e9e4d52439154b0e9c90ba60379420b8 bytes=29493
[2026-07-05T00:11:05+00:00] file=personal_profile.md outcome=NOOP cm_md5=fec16b4618dda8f771d43eeb79fa499b bytes=338195
[2026-07-05T02:10:48+00:00] file=cousin_write_audit_log.md outcome=OK cm_md5=c079ce9e62d9433f955d8001c78fe7be pre_er_md5=7fd5e4348c2e9981498872eb8239c4be cm_sz=11332226 pre_er_sz=11324650 delta=7576
[2026-07-05T02:10:48+00:00] file=session_state.md outcome=NOOP cm_md5=224f2171c75276a878242779389bb738 sz=583
[2026-07-05T02:10:48+00:00] file=telegram_context.md outcome=NOOP cm_md5=e9e4d52439154b0e9c90ba60379420b8 sz=29493
[2026-07-05T02:10:48+00:00] file=personal_profile.md outcome=NOOP cm_md5=fec16b4618dda8f771d43eeb79fa499b sz=338195
[2026-07-05T04:10:46+00:00] file=cousin_write_audit_log.md outcome=OK cm_md5=774b5a6c61ed45b6c269abe907c9fd9d pre_er_md5=c079ce9e62d9433f955d8001c78fe7be cm_sz=11339113 pre_er_sz=11332226 delta=6887
[2026-07-05T04:10:46+00:00] file=session_state.md outcome=NOOP cm_md5=224f2171c75276a878242779389bb738 sz=583
[2026-07-05T04:10:46+00:00] file=telegram_context.md outcome=NOOP cm_md5=e9e4d52439154b0e9c90ba60379420b8 sz=29493
[2026-07-05T04:10:46+00:00] file=personal_profile.md outcome=NOOP cm_md5=fec16b4618dda8f771d43eeb79fa499b sz=338195
[2026-07-05T07:10:51+00:00] file=cousin_write_audit_log.md outcome=OK cm_md5=e96650d371398c6bdedf604842a5f92b pre_er_md5=774b5a6c61ed45b6c269abe907c9fd9d cm_sz=11350826 pre_er_sz=11339113 delta=11713
[2026-07-05T07:10:51+00:00] file=session_state.md outcome=NOOP cm_md5=1ece7d683c31c8ffeb7acedc0290cfeb sz=2083
[2026-07-05T07:10:51+00:00] file=telegram_context.md outcome=NOOP cm_md5=e9e4d52439154b0e9c90ba60379420b8 sz=29493
[2026-07-05T07:10:51+00:00] file=personal_profile.md outcome=NOOP cm_md5=fec16b4618dda8f771d43eeb79fa499b sz=338195
[2026-07-05T09:10:50+00:00] file=cousin_write_audit_log.md outcome=OK cm_md5=e659a9a0a4dc8327344096229b989b92 pre_er_md5=e96650d371398c6bdedf604842a5f92b cm_sz=11357716 pre_er_sz=11350826 delta=6890
[2026-07-05T09:10:50+00:00] file=session_state.md outcome=NOOP cm_md5=1ece7d683c31c8ffeb7acedc0290cfeb sz=2083
[2026-07-05T09:10:50+00:00] file=telegram_context.md outcome=NOOP cm_md5=e9e4d52439154b0e9c90ba60379420b8 sz=29493
[2026-07-05T09:10:50+00:00] file=personal_profile.md outcome=NOOP cm_md5=fec16b4618dda8f771d43eeb79fa499b sz=338195
[2026-07-05T09:10:57+00:00] file=cousin_write_audit_log.md outcome=NOOP cm_md5=e659a9a0a4dc8327344096229b989b92 sz=11357716
[2026-07-05T09:10:57+00:00] file=session_state.md outcome=NOOP cm_md5=1ece7d683c31c8ffeb7acedc0290cfeb sz=2083
[2026-07-05T09:10:57+00:00] file=telegram_context.md outcome=NOOP cm_md5=e9e4d52439154b0e9c90ba60379420b8 sz=29493
[2026-07-05T09:10:57+00:00] file=personal_profile.md outcome=NOOP cm_md5=fec16b4618dda8f771d43eeb79fa499b sz=338195
[2026-07-05T10:10:51+00:00] file=cousin_write_audit_log.md outcome=OK cm_md5=3510b1e59c05f01632681fd1062170be pre_er_md5=e659a9a0a4dc8327344096229b989b92 cm_sz=11361164 pre_er_sz=11357716 delta=3448
[2026-07-05T10:10:51+00:00] file=session_state.md outcome=NOOP cm_md5=1ece7d683c31c8ffeb7acedc0290cfeb sz=2083
[2026-07-05T10:10:51+00:00] file=telegram_context.md outcome=NOOP cm_md5=e9e4d52439154b0e9c90ba60379420b8 sz=29493
[2026-07-05T10:10:51+00:00] file=personal_profile.md outcome=NOOP cm_md5=fec16b4618dda8f771d43eeb79fa499b sz=338195
[2026-07-05T11:10:56+00:00] file=cousin_write_audit_log.md outcome=OK cm_md5=cfd577056da7c25638147f1ac27f9110 pre_er_md5=3510b1e59c05f01632681fd1062170be cm_sz=11365295 pre_er_sz=11361164 delta=4131
[2026-07-05T11:10:56+00:00] file=session_state.md outcome=NOOP cm_md5=1ece7d683c31c8ffeb7acedc0290cfeb sz=2083
[2026-07-05T11:10:56+00:00] file=telegram_context.md outcome=NOOP cm_md5=e9e4d52439154b0e9c90ba60379420b8 sz=29493
[2026-07-05T11:10:56+00:00] file=personal_profile.md outcome=NOOP cm_md5=fec16b4618dda8f771d43eeb79fa499b sz=338195
[2026-07-05T13:12:31+00:00] file=cousin_write_audit_log.md outcome=OK cm_md5=50b9fda3f2788b363a46c2439b17ccf0 pre_er_md5=cfd577056da7c25638147f1ac27f9110 cm_sz=11372871 pre_er_sz=11365295 delta=7576
[2026-07-05T13:12:31+00:00] file=session_state.md outcome=NOOP cm_md5=1ece7d683c31c8ffeb7acedc0290cfeb sz=2083
[2026-07-05T13:12:31+00:00] file=telegram_context.md outcome=NOOP cm_md5=e9e4d52439154b0e9c90ba60379420b8 sz=29493
[2026-07-05T13:12:31+00:00] file=personal_profile.md outcome=NOOP cm_md5=fec16b4618dda8f771d43eeb79fa499b sz=338195
[2026-07-05T14:10:51+00:00] file=cousin_write_audit_log.md outcome=OK cm_md5=f2f4b57593dd92783c22145b3681d69c pre_er_md5=50b9fda3f2788b363a46c2439b17ccf0 cm_sz=11376319 pre_er_sz=11372871 delta=3448
[2026-07-05T14:10:51+00:00] file=session_state.md outcome=NOOP cm_md5=1ece7d683c31c8ffeb7acedc0290cfeb sz=2083
[2026-07-05T14:10:51+00:00] file=telegram_context.md outcome=NOOP cm_md5=e9e4d52439154b0e9c90ba60379420b8 sz=29493
[2026-07-05T14:10:51+00:00] file=personal_profile.md outcome=NOOP cm_md5=fec16b4618dda8f771d43eeb79fa499b sz=338195
[2026-07-05T15:10:52+00:00] file=cousin_write_audit_log.md outcome=OK cm_md5=500e985eaf7b1efc2837dac098fc29b9 pre_er_md5=f2f4b57593dd92783c22145b3681d69c cm_sz=11379764 pre_er_sz=11376319 delta=3445
[2026-07-05T15:10:52+00:00] file=session_state.md outcome=NOOP cm_md5=1ece7d683c31c8ffeb7acedc0290cfeb sz=2083
[2026-07-05T15:10:52+00:00] file=telegram_context.md outcome=NOOP cm_md5=e9e4d52439154b0e9c90ba60379420b8 sz=29493
[2026-07-05T15:10:52+00:00] file=personal_profile.md outcome=NOOP cm_md5=fec16b4618dda8f771d43eeb79fa499b sz=338195
[2026-07-05T16:11:02+00:00] file=cousin_write_audit_log.md outcome=OK cm_md5=3323bf2992fe68e51886182ca399a939 pre_er_md5=500e985eaf7b1efc2837dac098fc29b9 cm_sz=11383209 pre_er_sz=11379764 delta=3445
[2026-07-05T16:11:02+00:00] file=session_state.md outcome=NOOP cm_md5=1ece7d683c31c8ffeb7acedc0290cfeb sz=2083
[2026-07-05T16:11:02+00:00] file=telegram_context.md outcome=NOOP cm_md5=e9e4d52439154b0e9c90ba60379420b8 sz=29493
[2026-07-05T16:11:02+00:00] file=personal_profile.md outcome=NOOP cm_md5=fec16b4618dda8f771d43eeb79fa499b sz=338195
[2026-07-05T17:11:04+00:00] file=cousin_write_audit_log.md outcome=OK cm_md5=431ca473e4a0fe3eff79d1d6d39b2b40 pre_er_md5=3323bf2992fe68e51886182ca399a939 cm_sz=11387337 pre_er_sz=11383209 delta=4128
[2026-07-05T17:11:04+00:00] file=session_state.md outcome=NOOP cm_md5=1ece7d683c31c8ffeb7acedc0290cfeb sz=2083
[2026-07-05T17:11:04+00:00] file=telegram_context.md outcome=NOOP cm_md5=e9e4d52439154b0e9c90ba60379420b8 sz=29493
[2026-07-05T17:11:04+00:00] file=personal_profile.md outcome=NOOP cm_md5=fec16b4618dda8f771d43eeb79fa499b sz=338195
2026-07-05T18:10:55Z file=cousin_write_audit_log.md outcome=OK delta_bytes=3445
2026-07-05T18:10:55Z file=session_state.md outcome=NOOP
2026-07-05T18:10:55Z file=telegram_context.md outcome=NOOP
2026-07-05T18:10:55Z file=personal_profile.md outcome=NOOP
[2026-07-05T19:10:58+00:00] file=cousin_write_audit_log.md outcome=OK cm_md5=1a81be8473f796adcc1712fc5abc90fb pre_er_md5=9f695a712553e1abc45189d983c34dc6 cm_sz=11396332 pre_er_sz=11390782 delta=5550
[2026-07-05T19:10:58+00:00] file=session_state.md outcome=NOOP cm_md5=1ece7d683c31c8ffeb7acedc0290cfeb sz=2083
[2026-07-05T19:10:58+00:00] file=telegram_context.md outcome=NOOP cm_md5=e9e4d52439154b0e9c90ba60379420b8 sz=29493
[2026-07-05T19:10:58+00:00] file=personal_profile.md outcome=NOOP cm_md5=fec16b4618dda8f771d43eeb79fa499b sz=338195
[2026-07-05T22:10:57+00:00] file=cousin_write_audit_log.md outcome=OK cm_md5=f69347b83b8f1edd3c4e564b721e8afd pre_er_md5=1a81be8473f796adcc1712fc5abc90fb cm_sz=11407680 pre_er_sz=11396332 delta=11348
[2026-07-05T22:10:57+00:00] file=session_state.md outcome=NOOP cm_md5=1ece7d683c31c8ffeb7acedc0290cfeb sz=2083
[2026-07-05T22:10:57+00:00] file=telegram_context.md outcome=NOOP cm_md5=e9e4d52439154b0e9c90ba60379420b8 sz=29493
[2026-07-05T22:10:57+00:00] file=personal_profile.md outcome=NOOP cm_md5=fec16b4618dda8f771d43eeb79fa499b sz=338195
[2026-07-05T23:10:51+00:00] file=cousin_write_audit_log.md outcome=OK cm_md5=489bddf6e880ad2d881d456355c895d0 pre_er_md5=f69347b83b8f1edd3c4e564b721e8afd cm_sz=11411814 pre_er_sz=11407680 delta=4134
[2026-07-05T23:10:51+00:00] file=session_state.md outcome=NOOP cm_md5=1ece7d683c31c8ffeb7acedc0290cfeb sz=2083
[2026-07-05T23:10:51+00:00] file=telegram_context.md outcome=NOOP cm_md5=e9e4d52439154b0e9c90ba60379420b8 sz=29493
[2026-07-05T23:10:51+00:00] file=personal_profile.md outcome=NOOP cm_md5=fec16b4618dda8f771d43eeb79fa499b sz=338195
[2026-07-06T00:10:52+00:00] file=cousin_write_audit_log.md outcome=OK cm_md5=b056bc0b23099102fb0caf17aaf786e6 pre_er_md5=489bddf6e880ad2d881d456355c895d0 cm_sz=11415259 pre_er_sz=11411814 delta=3445
[2026-07-06T00:10:52+00:00] file=session_state.md outcome=NOOP cm_md5=1ece7d683c31c8ffeb7acedc0290cfeb sz=2083
[2026-07-06T00:10:52+00:00] file=telegram_context.md outcome=NOOP cm_md5=e9e4d52439154b0e9c90ba60379420b8 sz=29493
[2026-07-06T00:10:52+00:00] file=personal_profile.md outcome=NOOP cm_md5=fec16b4618dda8f771d43eeb79fa499b sz=338195
[2026-07-06T01:11:04+00:00] file=cousin_write_audit_log.md outcome=OK cm_md5=b2e75b1ee2154494eb0222f1aa235f87 pre_er_md5=b056bc0b23099102fb0caf17aaf786e6 cm_sz=11419393 pre_er_sz=11415259 delta=4134
[2026-07-06T01:11:04+00:00] file=session_state.md outcome=NOOP cm_md5=1ece7d683c31c8ffeb7acedc0290cfeb sz=2083
[2026-07-06T01:11:04+00:00] file=telegram_context.md outcome=NOOP cm_md5=e9e4d52439154b0e9c90ba60379420b8 sz=29493
[2026-07-06T01:11:04+00:00] file=personal_profile.md outcome=NOOP cm_md5=fec16b4618dda8f771d43eeb79fa499b sz=338195
[2026-07-06T04:11:08Z] file=cousin_write_audit_log.md outcome=OK cm_md5=fa9cbf60ee4d8dabd439c2a1344c8d64 pre_er_md5=b2e75b1ee2154494eb0222f1aa235f87 cm_sz=11429731 pre_er_sz=11419393 delta=10338
[2026-07-06T04:11:08Z] file=session_state.md outcome=NOOP cm_md5=1ece7d683c31c8ffeb7acedc0290cfeb sz=2083
[2026-07-06T04:11:08Z] file=telegram_context.md outcome=NOOP cm_md5=e9e4d52439154b0e9c90ba60379420b8 sz=29493
[2026-07-06T04:11:08Z] file=personal_profile.md outcome=NOOP cm_md5=fec16b4618dda8f771d43eeb79fa499b sz=338195
[2026-07-06T05:11:07+00:00] file=cousin_write_audit_log.md outcome=OK cm_md5=b2cf9cb0178dd0511fd14804335b672e pre_er_md5=fa9cbf60ee4d8dabd439c2a1344c8d64 cm_sz=11433862 pre_er_sz=11429731 delta=4131
[2026-07-06T05:11:07+00:00] file=session_state.md outcome=NOOP cm_md5=1ece7d683c31c8ffeb7acedc0290cfeb sz=2083
[2026-07-06T05:11:07+00:00] file=telegram_context.md outcome=NOOP cm_md5=e9e4d52439154b0e9c90ba60379420b8 sz=29493
[2026-07-06T05:11:07+00:00] file=personal_profile.md outcome=NOOP cm_md5=fec16b4618dda8f771d43eeb79fa499b sz=338195
[2026-07-06T06:10:49+00:00] file=cousin_write_audit_log.md outcome=OK cm_md5=8d76c0204d817d8f238ed135b6fa17a0 pre_er_md5=b2cf9cb0178dd0511fd14804335b672e cm_sz=11437307 pre_er_sz=11433862 delta=3445
[2026-07-06T06:10:49+00:00] file=session_state.md outcome=NOOP cm_md5=1ece7d683c31c8ffeb7acedc0290cfeb sz=2083
[2026-07-06T06:10:49+00:00] file=telegram_context.md outcome=NOOP cm_md5=e9e4d52439154b0e9c90ba60379420b8 sz=29493
[2026-07-06T06:10:49+00:00] file=personal_profile.md outcome=NOOP cm_md5=fec16b4618dda8f771d43eeb79fa499b sz=338195
[2026-07-06T07:11:19+00:00] file=cousin_write_audit_log.md outcome=OK cm_md5=e126c7c4ca8cd639cb61666391e1d7ed pre_er_md5=8d76c0204d817d8f238ed135b6fa17a0 cm_sz=11441441 pre_er_sz=11437307 delta=4134
[2026-07-06T07:11:19+00:00] file=session_state.md outcome=NOOP cm_md5=1ece7d683c31c8ffeb7acedc0290cfeb sz=2083
[2026-07-06T07:11:19+00:00] file=telegram_context.md outcome=NOOP cm_md5=e9e4d52439154b0e9c90ba60379420b8 sz=29493
[2026-07-06T07:11:19+00:00] file=personal_profile.md outcome=NOOP cm_md5=fec16b4618dda8f771d43eeb79fa499b sz=338195
[2026-07-06T08:10:50+00:00] file=cousin_write_audit_log.md outcome=OK cm_md5=f9aa3fa534c598d3ae8388c05b0cc172 pre_er_md5=e126c7c4ca8cd639cb61666391e1d7ed cm_sz=11444543 pre_er_sz=11441441 delta=3102
[2026-07-06T08:10:50+00:00] file=session_state.md outcome=NOOP cm_md5=1ece7d683c31c8ffeb7acedc0290cfeb sz=2083
[2026-07-06T08:10:50+00:00] file=telegram_context.md outcome=NOOP cm_md5=e9e4d52439154b0e9c90ba60379420b8 sz=29493
[2026-07-06T08:10:50+00:00] file=personal_profile.md outcome=NOOP cm_md5=fec16b4618dda8f771d43eeb79fa499b sz=338195
[2026-07-06T09:11:04+00:00] file=cousin_write_audit_log.md outcome=OK cm_md5=00c160a52770d1d381d00e59235a7e78 pre_er_md5=f9aa3fa534c598d3ae8388c05b0cc172 cm_sz=11448331 pre_er_sz=11444543 delta=3788
[2026-07-06T09:11:04+00:00] file=session_state.md outcome=NOOP cm_md5=1ece7d683c31c8ffeb7acedc0290cfeb sz=2083
[2026-07-06T09:11:04+00:00] file=telegram_context.md outcome=NOOP cm_md5=e9e4d52439154b0e9c90ba60379420b8 sz=29493
[2026-07-06T09:11:04+00:00] file=personal_profile.md outcome=NOOP cm_md5=fec16b4618dda8f771d43eeb79fa499b sz=338195
[2026-07-06T10:10:52+00:00] file=cousin_write_audit_log.md outcome=OK cm_md5=735b9e0b28b5f14750fbe7f03cdab6ac pre_er_md5=00c160a52770d1d381d00e59235a7e78 cm_sz=11451779 pre_er_sz=11448331 delta=3448
[2026-07-06T10:10:52+00:00] file=session_state.md outcome=NOOP cm_md5=1ece7d683c31c8ffeb7acedc0290cfeb sz=2083
[2026-07-06T10:10:52+00:00] file=telegram_context.md outcome=NOOP cm_md5=e9e4d52439154b0e9c90ba60379420b8 sz=29493
[2026-07-06T10:10:52+00:00] file=personal_profile.md outcome=NOOP cm_md5=fec16b4618dda8f771d43eeb79fa499b sz=338195
[2026-07-06T11:10:52+00:00] file=cousin_write_audit_log.md outcome=OK cm_md5=524ef35a3756ed22ee004af6d40f544b pre_er_md5=735b9e0b28b5f14750fbe7f03cdab6ac cm_sz=11455910 pre_er_sz=11451779 delta=4131
[2026-07-06T11:10:52+00:00] file=session_state.md outcome=NOOP cm_md5=1ece7d683c31c8ffeb7acedc0290cfeb sz=2083
[2026-07-06T11:10:52+00:00] file=telegram_context.md outcome=NOOP cm_md5=e9e4d52439154b0e9c90ba60379420b8 sz=29493
[2026-07-06T11:10:52+00:00] file=personal_profile.md outcome=NOOP cm_md5=fec16b4618dda8f771d43eeb79fa499b sz=338195
[2026-07-06T12:11:00+00:00] file=cousin_write_audit_log.md outcome=OK cm_md5=2dc00d4d00ddee2f27b045aa73866a8e pre_er_md5=524ef35a3756ed22ee004af6d40f544b cm_sz=11459355 pre_er_sz=11455910 delta=3445
[2026-07-06T12:11:00+00:00] file=session_state.md outcome=NOOP cm_md5=1ece7d683c31c8ffeb7acedc0290cfeb sz=2083
[2026-07-06T12:11:00+00:00] file=telegram_context.md outcome=NOOP cm_md5=e9e4d52439154b0e9c90ba60379420b8 sz=29493
[2026-07-06T12:11:00+00:00] file=personal_profile.md outcome=NOOP cm_md5=fec16b4618dda8f771d43eeb79fa499b sz=338195
[2026-07-06T13:11:20+00:00] file=cousin_write_audit_log.md outcome=OK cm_md5=dc1baed26f8723a61f8ef6e579f443b7 pre_er_md5=2dc00d4d00ddee2f27b045aa73866a8e cm_sz=11463486 pre_er_sz=11459355 delta=4131
[2026-07-06T13:11:20+00:00] file=session_state.md outcome=NOOP cm_md5=1ece7d683c31c8ffeb7acedc0290cfeb sz=2083
[2026-07-06T13:11:20+00:00] file=telegram_context.md outcome=NOOP cm_md5=e9e4d52439154b0e9c90ba60379420b8 sz=29493
[2026-07-06T13:11:20+00:00] file=personal_profile.md outcome=NOOP cm_md5=fec16b4618dda8f771d43eeb79fa499b sz=338195
ts=2026-07-06T14:11:04Z file=cousin_write_audit_log.md outcome=OK delta_bytes=3442
ts=2026-07-06T14:11:04Z file=session_state.md outcome=NOOP
ts=2026-07-06T14:11:04Z file=telegram_context.md outcome=NOOP
ts=2026-07-06T14:11:04Z file=personal_profile.md outcome=NOOP
[2026-07-06T15:11:00+00:00] file=cousin_write_audit_log.md outcome=OK cm_md5=4d910c2d0485219cc41bdd4896110f51 pre_er_md5=a499e2f905e536d1c49600f7611ef1d1 cm_sz=11470370 pre_er_sz=11466928 delta=3442
[2026-07-06T15:11:00+00:00] file=session_state.md outcome=NOOP cm_md5=1ece7d683c31c8ffeb7acedc0290cfeb sz=2083
[2026-07-06T15:11:00+00:00] file=telegram_context.md outcome=NOOP cm_md5=e9e4d52439154b0e9c90ba60379420b8 sz=29493
[2026-07-06T15:11:00+00:00] file=personal_profile.md outcome=NOOP cm_md5=fec16b4618dda8f771d43eeb79fa499b sz=338195
[2026-07-06T16:11:14+00:00] file=cousin_write_audit_log.md outcome=OK cm_md5=c6af3d0a2061f498c1f83d6f9d3afe0b pre_er_md5=4d910c2d0485219cc41bdd4896110f51 cm_sz=11473818 pre_er_sz=11470370 delta=3448
[2026-07-06T16:11:14+00:00] file=session_state.md outcome=NOOP cm_md5=1ece7d683c31c8ffeb7acedc0290cfeb sz=2083
[2026-07-06T16:11:14+00:00] file=telegram_context.md outcome=NOOP cm_md5=e9e4d52439154b0e9c90ba60379420b8 sz=29493
[2026-07-06T16:11:14+00:00] file=personal_profile.md outcome=NOOP cm_md5=fec16b4618dda8f771d43eeb79fa499b sz=338195
2026-07-06T17:10:57Z file=session_state.md outcome=NOOP
2026-07-06T17:10:57Z file=telegram_context.md outcome=NOOP
2026-07-06T17:10:57Z file=personal_profile.md outcome=NOOP
2026-07-06T17:10:57Z file=cousin_write_audit_log.md outcome=OK delta_bytes=4134
[2026-07-06T18:11:00+00:00] file=cousin_write_audit_log.md outcome=OK cm_md5=08383285ec25e50ccf7c8e25fbc6abd9 pre_er_md5=b9c8cc4eb232d2675917350452c9f3d9 cm_sz=11481400 pre_er_sz=11477952 delta=3448
[2026-07-06T18:11:00+00:00] file=session_state.md outcome=NOOP cm_md5=1ece7d683c31c8ffeb7acedc0290cfeb sz=2083
[2026-07-06T18:11:00+00:00] file=telegram_context.md outcome=NOOP cm_md5=e9e4d52439154b0e9c90ba60379420b8 sz=29493
[2026-07-06T18:11:00+00:00] file=personal_profile.md outcome=NOOP cm_md5=fec16b4618dda8f771d43eeb79fa499b sz=338195
[2026-07-06T19:10:55+00:00] file=cousin_write_audit_log.md outcome=OK cm_md5=da62206cd42517648af4e86983927cae pre_er_md5=08383285ec25e50ccf7c8e25fbc6abd9 cm_sz=11486953 pre_er_sz=11481400 delta=5553
[2026-07-06T19:10:55+00:00] file=session_state.md outcome=NOOP cm_md5=1ece7d683c31c8ffeb7acedc0290cfeb sz=2083
[2026-07-06T19:10:55+00:00] file=telegram_context.md outcome=NOOP cm_md5=e9e4d52439154b0e9c90ba60379420b8 sz=29493
[2026-07-06T19:10:55+00:00] file=personal_profile.md outcome=NOOP cm_md5=fec16b4618dda8f771d43eeb79fa499b sz=338195
[2026-07-06T20:10:54+00:00] file=cousin_write_audit_log.md outcome=OK cm_md5=6e1844a133a38b0e0bc22b632db44eed pre_er_md5=da62206cd42517648af4e86983927cae cm_sz=11491071 pre_er_sz=11486953 delta=4118
[2026-07-06T20:10:54+00:00] file=session_state.md outcome=NOOP cm_md5=1ece7d683c31c8ffeb7acedc0290cfeb sz=2083
[2026-07-06T20:10:54+00:00] file=telegram_context.md outcome=NOOP cm_md5=e9e4d52439154b0e9c90ba60379420b8 sz=29493
[2026-07-06T20:10:54+00:00] file=personal_profile.md outcome=NOOP cm_md5=fec16b4618dda8f771d43eeb79fa499b sz=338195
[2026-07-06T22:10:59+00:00] file=cousin_write_audit_log.md outcome=OK cm_md5=7aaad534020e984f0dac69ed4fcafa08 pre_er_md5=6e1844a133a38b0e0bc22b632db44eed cm_sz=11498304 pre_er_sz=11491071 delta=7233
[2026-07-06T22:10:59+00:00] file=session_state.md outcome=NOOP cm_md5=1ece7d683c31c8ffeb7acedc0290cfeb sz=2083
[2026-07-06T22:10:59+00:00] file=telegram_context.md outcome=NOOP cm_md5=e9e4d52439154b0e9c90ba60379420b8 sz=29493
[2026-07-06T22:10:59+00:00] file=personal_profile.md outcome=NOOP cm_md5=fec16b4618dda8f771d43eeb79fa499b sz=338195
[2026-07-06T23:10:53+00:00] file=cousin_write_audit_log.md outcome=OK cm_md5=d10a2b4bf52392310004d001c3d0ce71 pre_er_md5=7aaad534020e984f0dac69ed4fcafa08 cm_sz=11502435 pre_er_sz=11498304 delta=4131
[2026-07-06T23:10:53+00:00] file=session_state.md outcome=NOOP cm_md5=1ece7d683c31c8ffeb7acedc0290cfeb sz=2083
[2026-07-06T23:10:53+00:00] file=telegram_context.md outcome=NOOP cm_md5=e9e4d52439154b0e9c90ba60379420b8 sz=29493
[2026-07-06T23:10:53+00:00] file=personal_profile.md outcome=NOOP cm_md5=fec16b4618dda8f771d43eeb79fa499b sz=338195
[2026-07-07T00:10:55+00:00] file=cousin_write_audit_log.md outcome=OK cm_md5=f3d152934b37cd44bd9b521c92fe5b04 pre_er_md5=d10a2b4bf52392310004d001c3d0ce71 cm_sz=11505880 pre_er_sz=11502435 delta=3445
[2026-07-07T00:10:55+00:00] file=session_state.md outcome=NOOP cm_md5=1ece7d683c31c8ffeb7acedc0290cfeb sz=2083
[2026-07-07T00:10:55+00:00] file=telegram_context.md outcome=NOOP cm_md5=e9e4d52439154b0e9c90ba60379420b8 sz=29493
[2026-07-07T00:10:55+00:00] file=personal_profile.md outcome=NOOP cm_md5=fec16b4618dda8f771d43eeb79fa499b sz=338195
[2026-07-07T01:11:07+00:00] file=cousin_write_audit_log.md outcome=OK delta_bytes=4131
[2026-07-07T01:11:07+00:00] file=session_state.md outcome=NOOP cm_bytes=2083 er_bytes=2083
[2026-07-07T01:11:07+00:00] file=telegram_context.md outcome=NOOP cm_bytes=29493 er_bytes=29493
[2026-07-07T01:11:07+00:00] file=personal_profile.md outcome=NOOP cm_bytes=338195 er_bytes=338195
[2026-07-07T03:11:26Z] file=cousin_write_audit_log.md outcome=OK cm_md5=94900fcc40e1dda13bbce9ebcf1e5f09 pre_er_md5=8954d8c5a2aa8e3adb6ac83fd215a62a cm_sz=11516901 pre_er_sz=11510011 delta=6890
[2026-07-07T03:11:26Z] file=session_state.md outcome=NOOP cm_md5=1ece7d683c31c8ffeb7acedc0290cfeb sz=2083
[2026-07-07T03:11:26Z] file=telegram_context.md outcome=NOOP cm_md5=e9e4d52439154b0e9c90ba60379420b8 sz=29493
[2026-07-07T03:11:26Z] file=personal_profile.md outcome=NOOP cm_md5=fec16b4618dda8f771d43eeb79fa499b sz=338195
2026-07-07T04:11:06Z file=cousin_write_audit_log.md outcome=OK delta_bytes=3448
2026-07-07T04:11:06Z file=session_state.md outcome=NOOP
2026-07-07T04:11:06Z file=telegram_context.md outcome=NOOP
2026-07-07T04:11:06Z file=personal_profile.md outcome=NOOP
ts=2026-07-07T06:11:13+00:00 file=cousin_write_audit_log.md outcome=OK delta_bytes=7579 cm_md5=4640680dc0f2d95a62dc90963effc843
ts=2026-07-07T06:11:14+00:00 file=session_state.md outcome=NOOP
ts=2026-07-07T06:11:14+00:00 file=telegram_context.md outcome=NOOP
ts=2026-07-07T06:11:14+00:00 file=personal_profile.md outcome=NOOP
[2026-07-07T07:11:03+00:00] file=cousin_write_audit_log.md outcome=OK cm_md5=77995f0cf89cab2a32079cbcb00fe794 pre_er_md5=4640680dc0f2d95a62dc90963effc843 cm_sz=11532059 pre_er_sz=11527928 delta=4131
[2026-07-07T07:11:03+00:00] file=session_state.md outcome=NOOP cm_md5=1ece7d683c31c8ffeb7acedc0290cfeb sz=2083
[2026-07-07T07:11:03+00:00] file=telegram_context.md outcome=NOOP cm_md5=e9e4d52439154b0e9c90ba60379420b8 sz=29493
[2026-07-07T07:11:03+00:00] file=personal_profile.md outcome=NOOP cm_md5=fec16b4618dda8f771d43eeb79fa499b sz=338195
[2026-07-07T09:11:22+00:00] file=cousin_write_audit_log.md outcome=OK cm_md5=a8a93ff691fd80cd9e76f562f040bd7b pre_er_md5=77995f0cf89cab2a32079cbcb00fe794 cm_sz=11538949 pre_er_sz=11532059 delta=6890
[2026-07-07T09:11:22+00:00] file=session_state.md outcome=NOOP cm_md5=1ece7d683c31c8ffeb7acedc0290cfeb cm_sz=2083
[2026-07-07T09:11:22+00:00] file=telegram_context.md outcome=NOOP cm_md5=e9e4d52439154b0e9c90ba60379420b8 cm_sz=29493
[2026-07-07T09:11:22+00:00] file=personal_profile.md outcome=NOOP cm_md5=fec16b4618dda8f771d43eeb79fa499b cm_sz=338195
[2026-07-07T10:10:53+00:00] file=cousin_write_audit_log.md outcome=OK cm_md5=22716ff10a02883effb090c2f00c6fff pre_er_md5=a8a93ff691fd80cd9e76f562f040bd7b cm_sz=11542394 pre_er_sz=11538949 delta=3445
[2026-07-07T10:10:53+00:00] file=session_state.md outcome=NOOP cm_md5=1ece7d683c31c8ffeb7acedc0290cfeb sz=2083
[2026-07-07T10:10:53+00:00] file=telegram_context.md outcome=NOOP cm_md5=e9e4d52439154b0e9c90ba60379420b8 sz=29493
[2026-07-07T10:10:53+00:00] file=personal_profile.md outcome=NOOP cm_md5=fec16b4618dda8f771d43eeb79fa499b sz=338195
[2026-07-07T11:10:56+00:00] file=cousin_write_audit_log.md outcome=OK cm_md5=61a900bc1bba1d319fc57098f48d3458 pre_er_md5=22716ff10a02883effb090c2f00c6fff cm_sz=11546525 pre_er_sz=11542394 delta=4131
[2026-07-07T11:10:56+00:00] file=session_state.md outcome=NOOP cm_md5=1ece7d683c31c8ffeb7acedc0290cfeb sz=2083
[2026-07-07T11:10:56+00:00] file=telegram_context.md outcome=NOOP cm_md5=e9e4d52439154b0e9c90ba60379420b8 sz=29493
[2026-07-07T11:10:56+00:00] file=personal_profile.md outcome=NOOP cm_md5=fec16b4618dda8f771d43eeb79fa499b sz=338195
[2026-07-07T12:11:07+00:00] file=cousin_write_audit_log.md outcome=OK cm_md5=ce49b068d944eebffc3fb843f02893d3 pre_er_md5=61a900bc1bba1d319fc57098f48d3458 cm_sz=11549970 pre_er_sz=11546525 delta=3445
[2026-07-07T12:11:07+00:00] file=session_state.md outcome=NOOP cm_md5=1ece7d683c31c8ffeb7acedc0290cfeb sz=2083
[2026-07-07T12:11:07+00:00] file=telegram_context.md outcome=NOOP cm_md5=e9e4d52439154b0e9c90ba60379420b8 sz=29493
[2026-07-07T12:11:07+00:00] file=personal_profile.md outcome=NOOP cm_md5=fec16b4618dda8f771d43eeb79fa499b sz=338195
[2026-07-07T13:11:00+00:00] file=cousin_write_audit_log.md outcome=OK cm_md5=b27bd7bf5e8c334d6bf93cd62c7be5c3 pre_er_md5=ce49b068d944eebffc3fb843f02893d3 cm_sz=11554101 pre_er_sz=11549970 delta=4131
[2026-07-07T13:11:00+00:00] file=session_state.md outcome=NOOP cm_md5=1ece7d683c31c8ffeb7acedc0290cfeb sz=2083
[2026-07-07T13:11:00+00:00] file=telegram_context.md outcome=NOOP cm_md5=e9e4d52439154b0e9c90ba60379420b8 sz=29493
[2026-07-07T13:11:00+00:00] file=personal_profile.md outcome=NOOP cm_md5=fec16b4618dda8f771d43eeb79fa499b sz=338195
2026-07-07T14:11:02Z file=cousin_write_audit_log.md outcome=OK delta_bytes=2759
2026-07-07T14:11:02Z file=session_state.md outcome=NOOP
2026-07-07T14:11:02Z file=telegram_context.md outcome=NOOP
2026-07-07T14:11:02Z file=personal_profile.md outcome=NOOP
[2026-07-08T13:11:16+00:00] file=cousin_write_audit_log.md outcome=OK cm_md5=f12cf7ca307b7298600dd6df7604e044 pre_er_md5=6370f7d9e9e4a9609ee132d6015247ab cm_sz=11644025 pre_er_sz=11556860 delta=87165
[2026-07-08T13:11:16+00:00] file=session_state.md outcome=NOOP cm_md5=1ece7d683c31c8ffeb7acedc0290cfeb sz=2083
[2026-07-08T13:11:16+00:00] file=telegram_context.md outcome=NOOP cm_md5=e9e4d52439154b0e9c90ba60379420b8 sz=29493
[2026-07-08T13:11:16+00:00] file=personal_profile.md outcome=NOOP cm_md5=fec16b4618dda8f771d43eeb79fa499b sz=338195
[2026-07-12T05:10:33+00:00] file=cousin_write_audit_log.md outcome=OK cm_md5=0e9b42281ab19f7dc9f1bf69a5b0db11 pre_er_md5=f12cf7ca307b7298600dd6df7604e044 cm_sz=11783162 pre_er_sz=11644025 delta=139137
[2026-07-12T05:10:33+00:00] file=session_state.md outcome=NOOP cm_md5=b3cc9ccbe5cd88aaef1da2351e6892af sz=1007
[2026-07-12T05:10:33+00:00] file=telegram_context.md outcome=NOOP cm_md5=e9e4d52439154b0e9c90ba60379420b8 sz=29493
[2026-07-12T05:10:33+00:00] file=personal_profile.md outcome=NOOP cm_md5=fec16b4618dda8f771d43eeb79fa499b sz=338195
ts=2026-07-12T18:10:37Z file=cousin_write_audit_log.md outcome=NOOP
ts=2026-07-12T18:10:37Z file=session_state.md outcome=NOOP
ts=2026-07-12T18:10:37Z file=telegram_context.md outcome=NOOP
ts=2026-07-12T18:10:37Z file=personal_profile.md outcome=NOOP
ts=2026-07-16T00:00:00Z file=cousin_write_audit_log.md outcome=NOOP notes=bash_unavailable_manual_check
ts=2026-07-16T00:00:00Z file=session_state.md outcome=NOOP notes=bash_unavailable_manual_check
ts=2026-07-16T00:00:00Z file=telegram_context.md outcome=NOOP notes=bash_unavailable_manual_check
ts=2026-07-16T00:00:00Z file=personal_profile.md outcome=NOOP notes=bash_unavailable_manual_check
[2026-07-17T15:10:47+00:00] file=cousin_write_audit_log.md outcome=OK cm_md5=1b9382bbfe7152918d0d94c2ddb540ab pre_er_md5=ee53571de6ebdea8526eb06d9a410754 cm_sz=11906656 pre_er_sz=11850734 delta=55922
[2026-07-17T15:10:47+00:00] file=session_state.md outcome=NOOP cm_md5=b3cc9ccbe5cd88aaef1da2351e6892af sz=1007
[2026-07-17T15:10:47+00:00] file=telegram_context.md outcome=NOOP cm_md5=e9e4d52439154b0e9c90ba60379420b8 sz=29493
[2026-07-17T15:10:47+00:00] file=personal_profile.md outcome=NOOP cm_md5=8cf776e96668169f2c36e499ea7152a3 sz=338813
[2026-07-18T08:30:00+00:00] file=cousin_write_audit_log.md outcome=OK cm_md5=<manual_run_no_bash> pre_er_md5=<manual_run_no_bash> cm_sz=approx_65672_lines pre_er_sz=approx_65368_lines delta=approx_304_lines notes=bash_unavailable_manual_append_via_file_tools
[2026-07-18T08:30:00+00:00] file=session_state.md outcome=NOOP cm_md5=<manual_run_no_bash> sz=32_lines notes=bash_unavailable_manual_check_content_match
[2026-07-18T08:30:00+00:00] file=telegram_context.md outcome=NOOP cm_md5=<manual_run_no_bash> sz=525_lines notes=bash_unavailable_manual_check_content_match
[2026-07-18T08:30:00+00:00] file=personal_profile.md outcome=NOOP cm_md5=<manual_run_no_bash> sz=3282_lines notes=bash_unavailable_manual_check_content_match
[2026-07-18T09:00:00+00:00] file=cousin_write_audit_log.md outcome=NOOP cm_md5=<manual_run_no_bash> sz=65672_lines notes=bash_unavailable_content_match_verified
[2026-07-18T09:00:00+00:00] file=session_state.md outcome=NOOP cm_md5=<manual_run_no_bash> sz=32_lines notes=bash_unavailable_content_match_verified
[2026-07-18T09:00:00+00:00] file=telegram_context.md outcome=NOOP cm_md5=<manual_run_no_bash> sz=525_lines notes=bash_unavailable_content_match_verified
[2026-07-18T09:00:00+00:00] file=personal_profile.md outcome=NOOP cm_md5=<manual_run_no_bash> sz=3282_lines notes=bash_unavailable_content_match_verified
[2026-07-19T01:00:00+00:00] file=cousin_write_audit_log.md outcome=OK delta_bytes=~503 cm_lines=65675 er_lines=65672_before_fix notes=bash_unavailable_manual_mirror_2_missing_entries_appended_to_ER
[2026-07-19T01:00:00+00:00] file=session_state.md outcome=NOOP cm_md5=<manual_run_no_bash> sz=32_lines notes=bash_unavailable_content_match_verified
[2026-07-19T01:00:00+00:00] file=telegram_context.md outcome=NOOP cm_md5=<manual_run_no_bash> sz=525_lines notes=bash_unavailable_content_match_verified
[2026-07-19T01:00:00+00:00] file=personal_profile.md outcome=NOOP cm_md5=<manual_run_no_bash> sz=3282_lines notes=bash_unavailable_content_match_verified
[2026-07-19T05:00:00+00:00] file=cousin_write_audit_log.md outcome=OK delta_bytes=~13800 cm_lines=65845 er_lines=65676_before_fix notes=bash_unavailable_manual_mirror_169_lines_appended_to_ER
[2026-07-19T05:00:00+00:00] file=session_state.md outcome=NOOP cm_md5=<manual_run_no_bash> sz=32_lines notes=bash_unavailable_content_match_verified
[2026-07-19T05:00:00+00:00] file=telegram_context.md outcome=NOOP cm_md5=<manual_run_no_bash> sz=525_lines notes=bash_unavailable_content_match_verified
[2026-07-19T05:00:00+00:00] file=personal_profile.md outcome=NOOP cm_md5=<manual_run_no_bash> sz=3282_lines notes=bash_unavailable_content_match_verified
[2026-07-19T05:10:00+00:00] file=cousin_write_audit_log.md outcome=OK delta_bytes=~26_lines cm_lines=65872 er_lines=65846_before_fix notes=bash_unavailable_manual_mirror_26_lines_appended_to_ER
[2026-07-19T05:10:00+00:00] file=session_state.md outcome=NOOP cm_lines=32 er_lines=32 notes=bash_unavailable_line_count_match
[2026-07-19T05:10:00+00:00] file=telegram_context.md outcome=NOOP cm_lines=525 er_lines=525 notes=bash_unavailable_line_count_match
[2026-07-19T05:10:00+00:00] file=personal_profile.md outcome=NOOP cm_lines=3282 er_lines=3282 notes=bash_unavailable_line_count_match
[2026-07-19T05:40:00+00:00] file=cousin_write_audit_log.md outcome=NOOP cm_lines=65872 er_lines=65872 notes=bash_unavailable_tail_match_verified
[2026-07-19T05:40:00+00:00] file=session_state.md outcome=NOOP cm_lines=32 er_lines=32 notes=bash_unavailable_content_match_verified
[2026-07-19T05:40:00+00:00] file=telegram_context.md outcome=NOOP cm_lines=525 er_lines=525 notes=bash_unavailable_content_match_verified
[2026-07-19T05:40:00+00:00] file=personal_profile.md outcome=NOOP cm_lines=3282 er_lines=3282 notes=bash_unavailable_tail_match_verified
[2026-07-19T19:00:00+00:00] file=cousin_write_audit_log.md outcome=OK cm_lines=65874 pre_er_lines=65872 delta_bytes=2 notes=bash_unavailable_appended_missing_entry
[2026-07-19T19:00:00+00:00] file=session_state.md outcome=NOOP cm_lines=32 er_lines=32 notes=bash_unavailable_content_match_verified
[2026-07-19T19:00:00+00:00] file=telegram_context.md outcome=NOOP cm_lines=525 er_lines=525 notes=bash_unavailable_content_match_verified
[2026-07-19T19:00:00+00:00] file=personal_profile.md outcome=NOOP cm_lines=3282 er_lines=3282 notes=bash_unavailable_tail_match_verified
[2026-07-20T08:00:00+00:00] file=cousin_write_audit_log.md outcome=NOOP cm_lines=66617 er_lines=66617 notes=bash_unavailable_tail_match_verified
[2026-07-20T08:00:00+00:00] file=session_state.md outcome=NOOP cm_lines=32 er_lines=32 notes=bash_unavailable_content_match_verified
[2026-07-20T08:00:00+00:00] file=telegram_context.md outcome=NOOP cm_lines=525 er_lines=525 notes=bash_unavailable_content_match_verified
[2026-07-20T08:00:00+00:00] file=personal_profile.md outcome=NOOP cm_lines=3282 er_lines=3282 notes=bash_unavailable_tail_match_verified
[2026-07-21T08:00:00+00:00] file=cousin_write_audit_log.md outcome=NOOP cm_lines=66646 er_lines=66646 notes=bash_unavailable_tail_match_verified
[2026-07-21T08:00:00+00:00] file=session_state.md outcome=NOOP cm_lines=32 er_lines=32 notes=bash_unavailable_content_match_verified
[2026-07-21T08:00:00+00:00] file=telegram_context.md outcome=NOOP cm_lines=525 er_lines=525 notes=bash_unavailable_content_match_verified
[2026-07-21T08:00:00+00:00] file=personal_profile.md outcome=NOOP cm_lines=3282 er_lines=3282 notes=bash_unavailable_tail_match_verified
[2026-07-21T14:30:00+00:00] file=cousin_write_audit_log.md outcome=NOOP cm_lines=66645 er_lines=66645 notes=bash_unavailable_tail_match_verified
[2026-07-21T14:30:00+00:00] file=session_state.md outcome=NOOP cm_lines=32 er_lines=32 notes=bash_unavailable_content_match_verified
[2026-07-21T14:30:00+00:00] file=telegram_context.md outcome=NOOP cm_lines=525 er_lines=525 notes=bash_unavailable_content_match_verified
[2026-07-21T14:30:00+00:00] file=personal_profile.md outcome=NOOP cm_lines=3281 er_lines=3281 notes=bash_unavailable_tail_match_verified
[2026-07-23T00:00:00+00:00] file=cousin_write_audit_log.md outcome=NOOP cm_lines=66649 er_lines=66649 notes=bash_unavailable_tail_match_verified
[2026-07-23T00:00:00+00:00] file=session_state.md outcome=NOOP cm_lines=32 er_lines=32 notes=bash_unavailable_content_match_verified
[2026-07-23T00:00:00+00:00] file=telegram_context.md outcome=NOOP cm_lines=525 er_lines=525 notes=bash_unavailable_content_match_verified
[2026-07-23T00:00:00+00:00] file=personal_profile.md outcome=NOOP cm_lines=3282 er_lines=3282 notes=bash_unavailable_tail_match_verified
[2026-07-24T19:00:00+00:00] file=cousin_write_audit_log.md outcome=NOOP cm_lines=67162 er_lines=67162 notes=bash_unavailable_tail_match_verified
[2026-07-24T19:00:00+00:00] file=session_state.md outcome=NOOP cm_lines=39 er_lines=39 notes=bash_unavailable_content_match_verified
[2026-07-24T19:00:00+00:00] file=telegram_context.md outcome=NOOP cm_lines=525 er_lines=525 notes=bash_unavailable_content_match_verified
[2026-07-24T19:00:00+00:00] file=personal_profile.md outcome=NOOP cm_lines=3282 er_lines=3282 notes=bash_unavailable_tail_match_verified
[2026-07-25T19:00:00+00:00] file=cousin_write_audit_log.md outcome=NOOP cm_lines=33641 er_lines=33641 notes=bash_unavailable_line_count_match
[2026-07-25T19:00:00+00:00] file=session_state.md outcome=NOOP cm_lines=32 er_lines=32 notes=bash_unavailable_content_match_verified
[2026-07-25T19:00:00+00:00] file=telegram_context.md outcome=NOOP cm_lines=334 er_lines=334 notes=bash_unavailable_line_count_match
[2026-07-25T19:00:00+00:00] file=personal_profile.md outcome=NOOP cm_lines=2468 er_lines=2468 notes=bash_unavailable_line_count_match
[2026-07-27T19:00:00+00:00] file=cousin_write_audit_log.md outcome=NOOP cm_lines=67426 er_lines=67426 notes=bash_unavailable_line_count_match
[2026-07-27T19:00:00+00:00] file=session_state.md outcome=NOOP cm_lines=39 er_lines=39 notes=bash_unavailable_line_count_match
[2026-07-27T19:00:00+00:00] file=telegram_context.md outcome=NOOP cm_lines=525 er_lines=525 notes=bash_unavailable_line_count_match
[2026-07-27T19:00:00+00:00] file=personal_profile.md outcome=NOOP cm_lines=3282 er_lines=3282 notes=bash_unavailable_line_count_match
[2026-07-27T20:30:00+00:00] file=cousin_write_audit_log.md outcome=NOOP cm_lines=67424 er_lines=67424 notes=bash_unavailable_tail_match_verified
[2026-07-27T20:30:00+00:00] file=session_state.md outcome=NOOP cm_lines=39 er_lines=39 notes=bash_unavailable_content_match_verified
[2026-07-27T20:30:00+00:00] file=telegram_context.md outcome=NOOP cm_lines=525 er_lines=525 notes=bash_unavailable_content_match_verified
[2026-07-27T20:30:00+00:00] file=personal_profile.md outcome=NOOP cm_lines=3282 er_lines=3282 notes=bash_unavailable_tail_match_verified
