ERROR: Missing required packages:
  google-auth google-auth-oauthlib google-auth-httplib2 google-api-python-client

Install with:
  pip install google-auth google-auth-oauthlib google-auth-httplib2 google-api-python-client --break-system-packages
ERROR: Missing required packages:
  google-auth google-auth-oauthlib google-auth-httplib2 google-api-python-client

Install with:
  pip install google-auth google-auth-oauthlib google-auth-httplib2 google-api-python-client --break-system-packages
ERROR: Missing required packages:
  google-auth google-auth-oauthlib google-auth-httplib2 google-api-python-client

Install with:
  pip install google-auth google-auth-oauthlib google-auth-httplib2 google-api-python-client --break-system-packages
ERROR: Missing required packages:
  google-auth google-auth-oauthlib google-auth-httplib2 google-api-python-client

Install with:
  pip install google-auth google-auth-oauthlib google-auth-httplib2 google-api-python-client --break-system-packages
ERROR: Missing required packages:
  google-auth google-auth-oauthlib google-auth-httplib2 google-api-python-client

Install with:
  pip install google-auth google-auth-oauthlib google-auth-httplib2 google-api-python-client --break-system-packages
ERROR: Missing required packages:
  google-auth google-auth-oauthlib google-auth-httplib2 google-api-python-client

Install with:
  pip install google-auth google-auth-oauthlib google-auth-httplib2 google-api-python-client --break-system-packages
ERROR: Missing required packages:
  google-auth google-auth-oauthlib google-auth-httplib2 google-api-python-client

Install with:
  pip install google-auth google-auth-oauthlib google-auth-httplib2 google-api-python-client --break-system-packages
ERROR: Missing required packages:
  google-auth google-auth-oauthlib google-auth-httplib2 google-api-python-client

Install with:
  pip install google-auth google-auth-oauthlib google-auth-httplib2 google-api-python-client --break-system-packages
ERROR: Missing required packages:
  google-auth google-auth-oauthlib google-auth-httplib2 google-api-python-client

Install with:
  pip install google-auth google-auth-oauthlib google-auth-httplib2 google-api-python-client --break-system-packages
ERROR: Missing required packages:
  google-auth google-auth-oauthlib google-auth-httplib2 google-api-python-client

Install with:
  pip install google-auth google-auth-oauthlib google-auth-httplib2 google-api-python-client --break-system-packages
ERROR: Missing required packages:
  google-auth google-auth-oauthlib google-auth-httplib2 google-api-python-client

Install with:
  pip install google-auth google-auth-oauthlib google-auth-httplib2 google-api-python-client --break-system-packages
ERROR: Missing required packages:
  google-auth google-auth-oauthlib google-auth-httplib2 google-api-python-client

Install with:
  pip install google-auth google-auth-oauthlib google-auth-httplib2 google-api-python-client --break-system-packages
ERROR: Missing required packages:
  google-auth google-auth-oauthlib google-auth-httplib2 google-api-python-client

Install with:
  pip install google-auth google-auth-oauthlib google-auth-httplib2 google-api-python-client --break-system-packages
ERROR: Missing required packages:
  google-auth google-auth-oauthlib google-auth-httplib2 google-api-python-client

Install with:
  pip install google-auth google-auth-oauthlib google-auth-httplib2 google-api-python-client --break-system-packages
ERROR: Missing required packages:
  google-auth google-auth-oauthlib google-auth-httplib2 google-api-python-client

Install with:
  pip install google-auth google-auth-oauthlib google-auth-httplib2 google-api-python-client --break-system-packages
ERROR: Missing required packages:
  google-auth google-auth-oauthlib google-auth-httplib2 google-api-python-client

Install with:
  pip install google-auth google-auth-oauthlib google-auth-httplib2 google-api-python-client --break-system-packages
ERROR: Missing required packages:
  google-auth google-auth-oauthlib google-auth-httplib2 google-api-python-client

Install with:
  pip install google-auth google-auth-oauthlib google-auth-httplib2 google-api-python-client --break-system-packages
ERROR: Missing required packages:
  google-auth google-auth-oauthlib google-auth-httplib2 google-api-python-client

Install with:
  pip install google-auth google-auth-oauthlib google-auth-httplib2 google-api-python-client --break-system-packages
ERROR: Missing required packages:
  google-auth google-auth-oauthlib google-auth-httplib2 google-api-python-client

Install with:
  pip install google-auth google-auth-oauthlib google-auth-httplib2 google-api-python-client --break-system-packages
ERROR: Missing required packages:
  google-auth google-auth-oauthlib google-auth-httplib2 google-api-python-client

Install with:
  pip install google-auth google-auth-oauthlib google-auth-httplib2 google-api-python-client --break-system-packages
ERROR: Missing required packages:
  google-auth google-auth-oauthlib google-auth-httplib2 google-api-python-client

Install with:
  pip install google-auth google-auth-oauthlib google-auth-httplib2 google-api-python-client --break-system-packages
ERROR: Missing required packages:
  google-auth google-auth-oauthlib google-auth-httplib2 google-api-python-client

Install with:
  pip install google-auth google-auth-oauthlib google-auth-httplib2 google-api-python-client --break-system-packages
ERROR: Missing required packages:
  google-auth google-auth-oauthlib google-auth-httplib2 google-api-python-client

Install with:
  pip install google-auth google-auth-oauthlib google-auth-httplib2 google-api-python-client --break-system-packages
ERROR: Missing required packages:
  google-auth google-auth-oauthlib google-auth-httplib2 google-api-python-client

Install with:
  pip install google-auth google-auth-oauthlib google-auth-httplib2 google-api-python-client --break-system-packages
ERROR: Missing required packages:
  google-auth google-auth-oauthlib google-auth-httplib2 google-api-python-client

Install with:
  pip install google-auth google-auth-oauthlib google-auth-httplib2 google-api-python-client --break-system-packages
ERROR: Missing required packages:
  google-auth google-auth-oauthlib google-auth-httplib2 google-api-python-client

Install with:
  pip install google-auth google-auth-oauthlib google-auth-httplib2 google-api-python-client --break-system-packages
ERROR: Missing required packages:
  google-auth google-auth-oauthlib google-auth-httplib2 google-api-python-client

Install with:
  pip install google-auth google-auth-oauthlib google-auth-httplib2 google-api-python-client --break-system-packages
ERROR: Missing required packages:
  google-auth google-auth-oauthlib google-auth-httplib2 google-api-python-client

Install with:
  pip install google-auth google-auth-oauthlib google-auth-httplib2 google-api-python-client --break-system-packages
ERROR: Missing required packages:
  google-auth google-auth-oauthlib google-auth-httplib2 google-api-python-client

Install with:
  pip install google-auth google-auth-oauthlib google-auth-httplib2 google-api-python-client --break-system-packages
ERROR: Missing required packages:
  google-auth google-auth-oauthlib google-auth-httplib2 google-api-python-client

Install with:
  pip install google-auth google-auth-oauthlib google-auth-httplib2 google-api-python-client --break-system-packages
ERROR: Missing required packages:
  google-auth google-auth-oauthlib google-auth-httplib2 google-api-python-client

Install with:
  pip install google-auth google-auth-oauthlib google-auth-httplib2 google-api-python-client --break-system-packages
ERROR: Missing required packages:
  google-auth google-auth-oauthlib google-auth-httplib2 google-api-python-client

Install with:
  pip install google-auth google-auth-oauthlib google-auth-httplib2 google-api-python-client --break-system-packages
ERROR: Missing required packages:
  google-auth google-auth-oauthlib google-auth-httplib2 google-api-python-client

Install with:
  pip install google-auth google-auth-oauthlib google-auth-httplib2 google-api-python-client --break-system-packages
ERROR: Missing required packages:
  google-auth google-auth-oauthlib google-auth-httplib2 google-api-python-client

Install with:
  pip install google-auth google-auth-oauthlib google-auth-httplib2 google-api-python-client --break-system-packages
ERROR: Missing required packages:
  google-auth google-auth-oauthlib google-auth-httplib2 google-api-python-client

Install with:
  pip install google-auth google-auth-oauthlib google-auth-httplib2 google-api-python-client --break-system-packages
ERROR: Missing required packages:
  google-auth google-auth-oauthlib google-auth-httplib2 google-api-python-client

Install with:
  pip install google-auth google-auth-oauthlib google-auth-httplib2 google-api-python-client --break-system-packages
ERROR: Missing required packages:
  google-auth google-auth-oauthlib google-auth-httplib2 google-api-python-client

Install with:
  pip install google-auth google-auth-oauthlib google-auth-httplib2 google-api-python-client --break-system-packages
ERROR: Missing required packages:
  google-auth google-auth-oauthlib google-auth-httplib2 google-api-python-client

Install with:
  pip install google-auth google-auth-oauthlib google-auth-httplib2 google-api-python-client --break-system-packages
ERROR: Missing required packages:
  google-auth google-auth-oauthlib google-auth-httplib2 google-api-python-client

Install with:
  pip install google-auth google-auth-oauthlib google-auth-httplib2 google-api-python-client --break-system-packages
ERROR: Missing required packages:
  google-auth google-auth-oauthlib google-auth-httplib2 google-api-python-client

Install with:
  pip install google-auth google-auth-oauthlib google-auth-httplib2 google-api-python-client --break-system-packages
ERROR: Missing required packages:
  google-auth google-auth-oauthlib google-auth-httplib2 google-api-python-client

Install with:
  pip install google-auth google-auth-oauthlib google-auth-httplib2 google-api-python-client --break-system-packages
ERROR: Missing required packages:
  google-auth google-auth-oauthlib google-auth-httplib2 google-api-python-client

Install with:
  pip install google-auth google-auth-oauthlib google-auth-httplib2 google-api-python-client --break-system-packages
ERROR: Missing required packages:
  google-auth google-auth-oauthlib google-auth-httplib2 google-api-python-client

Install with:
  pip install google-auth google-auth-oauthlib google-auth-httplib2 google-api-python-client --break-system-packages
ERROR: Missing required packages:
  google-auth google-auth-oauthlib google-auth-httplib2 google-api-python-client

Install with:
  pip install google-auth google-auth-oauthlib google-auth-httplib2 google-api-python-client --break-system-packages
ERROR: Missing required packages:
  google-auth google-auth-oauthlib google-auth-httplib2 google-api-python-client

Install with:
  pip install google-auth google-auth-oauthlib google-auth-httplib2 google-api-python-client --break-system-packages
ERROR: Missing required packages:
  google-auth google-auth-oauthlib google-auth-httplib2 google-api-python-client

Install with:
  pip install google-auth google-auth-oauthlib google-auth-httplib2 google-api-python-client --break-system-packages
ERROR: Missing required packages:
  google-auth google-auth-oauthlib google-auth-httplib2 google-api-python-client

Install with:
  pip install google-auth google-auth-oauthlib google-auth-httplib2 google-api-python-client --break-system-packages
ERROR: Missing required packages:
  google-auth google-auth-oauthlib google-auth-httplib2 google-api-python-client

Install with:
  pip install google-auth google-auth-oauthlib google-auth-httplib2 google-api-python-client --break-system-packages
ERROR: Missing required packages:
  google-auth google-auth-oauthlib google-auth-httplib2 google-api-python-client

Install with:
  pip install google-auth google-auth-oauthlib google-auth-httplib2 google-api-python-client --break-system-packages
ERROR: Missing required packages:
  google-auth google-auth-oauthlib google-auth-httplib2 google-api-python-client

Install with:
  pip install google-auth google-auth-oauthlib google-auth-httplib2 google-api-python-client --break-system-packages
ERROR: Missing required packages:
  google-auth google-auth-oauthlib google-auth-httplib2 google-api-python-client

Install with:
  pip install google-auth google-auth-oauthlib google-auth-httplib2 google-api-python-client --break-system-packages
ERROR: Missing required packages:
  google-auth google-auth-oauthlib google-auth-httplib2 google-api-python-client

Install with:
  pip install google-auth google-auth-oauthlib google-auth-httplib2 google-api-python-client --break-system-packages
ERROR: Missing required packages:
  google-auth google-auth-oauthlib google-auth-httplib2 google-api-python-client

Install with:
  pip install google-auth google-auth-oauthlib google-auth-httplib2 google-api-python-client --break-system-packages
ERROR: Missing required packages:
  google-auth google-auth-oauthlib google-auth-httplib2 google-api-python-client

Install with:
  pip install google-auth google-auth-oauthlib google-auth-httplib2 google-api-python-client --break-system-packages
ERROR: Missing required packages:
  google-auth google-auth-oauthlib google-auth-httplib2 google-api-python-client

Install with:
  pip install google-auth google-auth-oauthlib google-auth-httplib2 google-api-python-client --break-system-packages
ERROR: Missing required packages:
  google-auth google-auth-oauthlib google-auth-httplib2 google-api-python-client

Install with:
  pip install google-auth google-auth-oauthlib google-auth-httplib2 google-api-python-client --break-system-packages
ERROR: Missing required packages:
  google-auth google-auth-oauthlib google-auth-httplib2 google-api-python-client

Install with:
  pip install google-auth google-auth-oauthlib google-auth-httplib2 google-api-python-client --break-system-packages
ERROR: Missing required packages:
  google-auth google-auth-oauthlib google-auth-httplib2 google-api-python-client

Install with:
  pip install google-auth google-auth-oauthlib google-auth-httplib2 google-api-python-client --break-system-packages
ERROR: Missing required packages:
  google-auth google-auth-oauthlib google-auth-httplib2 google-api-python-client

Install with:
  pip install google-auth google-auth-oauthlib google-auth-httplib2 google-api-python-client --break-system-packages
ERROR: Missing required packages:
  google-auth google-auth-oauthlib google-auth-httplib2 google-api-python-client

Install with:
  pip install google-auth google-auth-oauthlib google-auth-httplib2 google-api-python-client --break-system-packages
ERROR: Missing required packages:
  google-auth google-auth-oauthlib google-auth-httplib2 google-api-python-client

Install with:
  pip install google-auth google-auth-oauthlib google-auth-httplib2 google-api-python-client --break-system-packages
ERROR: Missing required packages:
  google-auth google-auth-oauthlib google-auth-httplib2 google-api-python-client

Install with:
  pip install google-auth google-auth-oauthlib google-auth-httplib2 google-api-python-client --break-system-packages
ERROR: Missing required packages:
  google-auth google-auth-oauthlib google-auth-httplib2 google-api-python-client

Install with:
  pip install google-auth google-auth-oauthlib google-auth-httplib2 google-api-python-client --break-system-packages
ERROR: Missing required packages:
  google-auth google-auth-oauthlib google-auth-httplib2 google-api-python-client

Install with:
  pip install google-auth google-auth-oauthlib google-auth-httplib2 google-api-python-client --break-system-packages
ERROR: Missing required packages:
  google-auth google-auth-oauthlib google-auth-httplib2 google-api-python-client

Install with:
  pip install google-auth google-auth-oauthlib google-auth-httplib2 google-api-python-client --break-system-packages
ERROR: Missing required packages:
  google-auth google-auth-oauthlib google-auth-httplib2 google-api-python-client

Install with:
  pip install google-auth google-auth-oauthlib google-auth-httplib2 google-api-python-client --break-system-packages
ERROR: Missing required packages:
  google-auth google-auth-oauthlib google-auth-httplib2 google-api-python-client

Install with:
  pip install google-auth google-auth-oauthlib google-auth-httplib2 google-api-python-client --break-system-packages
ERROR: Missing required packages:
  google-auth google-auth-oauthlib google-auth-httplib2 google-api-python-client

Install with:
  pip install google-auth google-auth-oauthlib google-auth-httplib2 google-api-python-client --break-system-packages
ERROR: Missing required packages:
  google-auth google-auth-oauthlib google-auth-httplib2 google-api-python-client

Install with:
  pip install google-auth google-auth-oauthlib google-auth-httplib2 google-api-python-client --break-system-packages
ERROR: Missing required packages:
  google-auth google-auth-oauthlib google-auth-httplib2 google-api-python-client

Install with:
  pip install google-auth google-auth-oauthlib google-auth-httplib2 google-api-python-client --break-system-packages
ERROR: Missing required packages:
  google-auth google-auth-oauthlib google-auth-httplib2 google-api-python-client

Install with:
  pip install google-auth google-auth-oauthlib google-auth-httplib2 google-api-python-client --break-system-packages
ERROR: Missing required packages:
  google-auth google-auth-oauthlib google-auth-httplib2 google-api-python-client

Install with:
  pip install google-auth google-auth-oauthlib google-auth-httplib2 google-api-python-client --break-system-packages
ERROR: Missing required packages:
  google-auth google-auth-oauthlib google-auth-httplib2 google-api-python-client

Install with:
  pip install google-auth google-auth-oauthlib google-auth-httplib2 google-api-python-client --break-system-packages
ERROR: Missing required packages:
  google-auth google-auth-oauthlib google-auth-httplib2 google-api-python-client

Install with:
  pip install google-auth google-auth-oauthlib google-auth-httplib2 google-api-python-client --break-system-packages
ERROR: Missing required packages:
  google-auth google-auth-oauthlib google-auth-httplib2 google-api-python-client

Install with:
  pip install google-auth google-auth-oauthlib google-auth-httplib2 google-api-python-client --break-system-packages
ERROR: Missing required packages:
  google-auth google-auth-oauthlib google-auth-httplib2 google-api-python-client

Install with:
  pip install google-auth google-auth-oauthlib google-auth-httplib2 google-api-python-client --break-system-packages
ERROR: Missing required packages:
  google-auth google-auth-oauthlib google-auth-httplib2 google-api-python-client

Install with:
  pip install google-auth google-auth-oauthlib google-auth-httplib2 google-api-python-client --break-system-packages
ERROR: Missing required packages:
  google-auth google-auth-oauthlib google-auth-httplib2 google-api-python-client

Install with:
  pip install google-auth google-auth-oauthlib google-auth-httplib2 google-api-python-client --break-system-packages
ERROR: Missing required packages:
  google-auth google-auth-oauthlib google-auth-httplib2 google-api-python-client

Install with:
  pip install google-auth google-auth-oauthlib google-auth-httplib2 google-api-python-client --break-system-packages
ERROR: Missing required packages:
  google-auth google-auth-oauthlib google-auth-httplib2 google-api-python-client

Install with:
  pip install google-auth google-auth-oauthlib google-auth-httplib2 google-api-python-client --break-system-packages
ERROR: Missing required packages:
  google-auth google-auth-oauthlib google-auth-httplib2 google-api-python-client

Install with:
  pip install google-auth google-auth-oauthlib google-auth-httplib2 google-api-python-client --break-system-packages
ERROR: Missing required packages:
  google-auth google-auth-oauthlib google-auth-httplib2 google-api-python-client

Install with:
  pip install google-auth google-auth-oauthlib google-auth-httplib2 google-api-python-client --break-system-packages
ERROR: Missing required packages:
  google-auth google-auth-oauthlib google-auth-httplib2 google-api-python-client

Install with:
  pip install google-auth google-auth-oauthlib google-auth-httplib2 google-api-python-client --break-system-packages
ERROR: Missing required packages:
  google-auth google-auth-oauthlib google-auth-httplib2 google-api-python-client

Install with:
  pip install google-auth google-auth-oauthlib google-auth-httplib2 google-api-python-client --break-system-packages
ERROR: Missing required packages:
  google-auth google-auth-oauthlib google-auth-httplib2 google-api-python-client

Install with:
  pip install google-auth google-auth-oauthlib google-auth-httplib2 google-api-python-client --break-system-packages
ERROR: Missing required packages:
  google-auth google-auth-oauthlib google-auth-httplib2 google-api-python-client

Install with:
  pip install google-auth google-auth-oauthlib google-auth-httplib2 google-api-python-client --break-system-packages
ERROR: Missing required packages:
  google-auth google-auth-oauthlib google-auth-httplib2 google-api-python-client

Install with:
  pip install google-auth google-auth-oauthlib google-auth-httplib2 google-api-python-client --break-system-packages
ERROR: Missing required packages:
  google-auth google-auth-oauthlib google-auth-httplib2 google-api-python-client

Install with:
  pip install google-auth google-auth-oauthlib google-auth-httplib2 google-api-python-client --break-system-packages
ERROR: Missing required packages:
  google-auth google-auth-oauthlib google-auth-httplib2 google-api-python-client

Install with:
  pip install google-auth google-auth-oauthlib google-auth-httplib2 google-api-python-client --break-system-packages
ERROR: Missing required packages:
  google-auth google-auth-oauthlib google-auth-httplib2 google-api-python-client

Install with:
  pip install google-auth google-auth-oauthlib google-auth-httplib2 google-api-python-client --break-system-packages
ERROR: Missing required packages:
  google-auth google-auth-oauthlib google-auth-httplib2 google-api-python-client

Install with:
  pip install google-auth google-auth-oauthlib google-auth-httplib2 google-api-python-client --break-system-packages
ERROR: Missing required packages:
  google-auth google-auth-oauthlib google-auth-httplib2 google-api-python-client

Install with:
  pip install google-auth google-auth-oauthlib google-auth-httplib2 google-api-python-client --break-system-packages
ERROR: Missing required packages:
  google-auth google-auth-oauthlib google-auth-httplib2 google-api-python-client

Install with:
  pip install google-auth google-auth-oauthlib google-auth-httplib2 google-api-python-client --break-system-packages
ERROR: Missing required packages:
  google-auth google-auth-oauthlib google-auth-httplib2 google-api-python-client

Install with:
  pip install google-auth google-auth-oauthlib google-auth-httplib2 google-api-python-client --break-system-packages
ERROR: Missing required packages:
  google-auth google-auth-oauthlib google-auth-httplib2 google-api-python-client

Install with:
  pip install google-auth google-auth-oauthlib google-auth-httplib2 google-api-python-client --break-system-packages
ERROR: Missing required packages:
  google-auth google-auth-oauthlib google-auth-httplib2 google-api-python-client

Install with:
  pip install google-auth google-auth-oauthlib google-auth-httplib2 google-api-python-client --break-system-packages
ERROR: Missing required packages:
  google-auth google-auth-oauthlib google-auth-httplib2 google-api-python-client

Install with:
  pip install google-auth google-auth-oauthlib google-auth-httplib2 google-api-python-client --break-system-packages
ERROR: Missing required packages:
  google-auth google-auth-oauthlib google-auth-httplib2 google-api-python-client

Install with:
  pip install google-auth google-auth-oauthlib google-auth-httplib2 google-api-python-client --break-system-packages
ERROR: Missing required packages:
  google-auth google-auth-oauthlib google-auth-httplib2 google-api-python-client

Install with:
  pip install google-auth google-auth-oauthlib google-auth-httplib2 google-api-python-client --break-system-packages
ERROR: Missing required packages:
  google-auth google-auth-oauthlib google-auth-httplib2 google-api-python-client

Install with:
  pip install google-auth google-auth-oauthlib google-auth-httplib2 google-api-python-client --break-system-packages
ERROR: Missing required packages:
  google-auth google-auth-oauthlib google-auth-httplib2 google-api-python-client

Install with:
  pip install google-auth google-auth-oauthlib google-auth-httplib2 google-api-python-client --break-system-packages
ERROR: Missing required packages:
  google-auth google-auth-oauthlib google-auth-httplib2 google-api-python-client

Install with:
  pip install google-auth google-auth-oauthlib google-auth-httplib2 google-api-python-client --break-system-packages
ERROR: Missing required packages:
  google-auth google-auth-oauthlib google-auth-httplib2 google-api-python-client

Install with:
  pip install google-auth google-auth-oauthlib google-auth-httplib2 google-api-python-client --break-system-packages
ERROR: Missing required packages:
  google-auth google-auth-oauthlib google-auth-httplib2 google-api-python-client

Install with:
  pip install google-auth google-auth-oauthlib google-auth-httplib2 google-api-python-client --break-system-packages
ERROR: Missing required packages:
  google-auth google-auth-oauthlib google-auth-httplib2 google-api-python-client

Install with:
  pip install google-auth google-auth-oauthlib google-auth-httplib2 google-api-python-client --break-system-packages
ERROR: Missing required packages:
  google-auth google-auth-oauthlib google-auth-httplib2 google-api-python-client

Install with:
  pip install google-auth google-auth-oauthlib google-auth-httplib2 google-api-python-client --break-system-packages
ERROR: Missing required packages:
  google-auth google-auth-oauthlib google-auth-httplib2 google-api-python-client

Install with:
  pip install google-auth google-auth-oauthlib google-auth-httplib2 google-api-python-client --break-system-packages
ERROR: Missing required packages:
  google-auth google-auth-oauthlib google-auth-httplib2 google-api-python-client

Install with:
  pip install google-auth google-auth-oauthlib google-auth-httplib2 google-api-python-client --break-system-packages
ERROR: Missing required packages:
  google-auth google-auth-oauthlib google-auth-httplib2 google-api-python-client

Install with:
  pip install google-auth google-auth-oauthlib google-auth-httplib2 google-api-python-client --break-system-packages
ERROR: Missing required packages:
  google-auth google-auth-oauthlib google-auth-httplib2 google-api-python-client

Install with:
  pip install google-auth google-auth-oauthlib google-auth-httplib2 google-api-python-client --break-system-packages
ERROR: Missing required packages:
  google-auth google-auth-oauthlib google-auth-httplib2 google-api-python-client

Install with:
  pip install google-auth google-auth-oauthlib google-auth-httplib2 google-api-python-client --break-system-packages
ERROR: Missing required packages:
  google-auth google-auth-oauthlib google-auth-httplib2 google-api-python-client

Install with:
  pip install google-auth google-auth-oauthlib google-auth-httplib2 google-api-python-client --break-system-packages
ERROR: Missing required packages:
  google-auth google-auth-oauthlib google-auth-httplib2 google-api-python-client

Install with:
  pip install google-auth google-auth-oauthlib google-auth-httplib2 google-api-python-client --break-system-packages
ERROR: Missing required packages:
  google-auth google-auth-oauthlib google-auth-httplib2 google-api-python-client

Install with:
  pip install google-auth google-auth-oauthlib google-auth-httplib2 google-api-python-client --break-system-packages
ERROR: Missing required packages:
  google-auth google-auth-oauthlib google-auth-httplib2 google-api-python-client

Install with:
  pip install google-auth google-auth-oauthlib google-auth-httplib2 google-api-python-client --break-system-packages
ERROR: Missing required packages:
  google-auth google-auth-oauthlib google-auth-httplib2 google-api-python-client

Install with:
  pip install google-auth google-auth-oauthlib google-auth-httplib2 google-api-python-client --break-system-packages
ERROR: Missing required packages:
  google-auth google-auth-oauthlib google-auth-httplib2 google-api-python-client

Install with:
  pip install google-auth google-auth-oauthlib google-auth-httplib2 google-api-python-client --break-system-packages
ERROR: Missing required packages:
  google-auth google-auth-oauthlib google-auth-httplib2 google-api-python-client

Install with:
  pip install google-auth google-auth-oauthlib google-auth-httplib2 google-api-python-client --break-system-packages
ERROR: Missing required packages:
  google-auth google-auth-oauthlib google-auth-httplib2 google-api-python-client

Install with:
  pip install google-auth google-auth-oauthlib google-auth-httplib2 google-api-python-client --break-system-packages
ERROR: Missing required packages:
  google-auth google-auth-oauthlib google-auth-httplib2 google-api-python-client

Install with:
  pip install google-auth google-auth-oauthlib google-auth-httplib2 google-api-python-client --break-system-packages
ERROR: Missing required packages:
  google-auth google-auth-oauthlib google-auth-httplib2 google-api-python-client

Install with:
  pip install google-auth google-auth-oauthlib google-auth-httplib2 google-api-python-client --break-system-packages
ERROR: Missing required packages:
  google-auth google-auth-oauthlib google-auth-httplib2 google-api-python-client

Install with:
  pip install google-auth google-auth-oauthlib google-auth-httplib2 google-api-python-client --break-system-packages
ERROR: Missing required packages:
  google-auth google-auth-oauthlib google-auth-httplib2 google-api-python-client

Install with:
  pip install google-auth google-auth-oauthlib google-auth-httplib2 google-api-python-client --break-system-packages
ERROR: Missing required packages:
  google-auth google-auth-oauthlib google-auth-httplib2 google-api-python-client

Install with:
  pip install google-auth google-auth-oauthlib google-auth-httplib2 google-api-python-client --break-system-packages
ERROR: Missing required packages:
  google-auth google-auth-oauthlib google-auth-httplib2 google-api-python-client

Install with:
  pip install google-auth google-auth-oauthlib google-auth-httplib2 google-api-python-client --break-system-packages
ERROR: Missing required packages:
  google-auth google-auth-oauthlib google-auth-httplib2 google-api-python-client

Install with:
  pip install google-auth google-auth-oauthlib google-auth-httplib2 google-api-python-client --break-system-packages
ERROR: Missing required packages:
  google-auth google-auth-oauthlib google-auth-httplib2 google-api-python-client

Install with:
  pip install google-auth google-auth-oauthlib google-auth-httplib2 google-api-python-client --break-system-packages
ERROR: Missing required packages:
  google-auth google-auth-oauthlib google-auth-httplib2 google-api-python-client

Install with:
  pip install google-auth google-auth-oauthlib google-auth-httplib2 google-api-python-client --break-system-packages
ERROR: Missing required packages:
  google-auth google-auth-oauthlib google-auth-httplib2 google-api-python-client

Install with:
  pip install google-auth google-auth-oauthlib google-auth-httplib2 google-api-python-client --break-system-packages
ERROR: Missing required packages:
  google-auth google-auth-oauthlib google-auth-httplib2 google-api-python-client

Install with:
  pip install google-auth google-auth-oauthlib google-auth-httplib2 google-api-python-client --break-system-packages
ERROR: Missing required packages:
  google-auth google-auth-oauthlib google-auth-httplib2 google-api-python-client

Install with:
  pip install google-auth google-auth-oauthlib google-auth-httplib2 google-api-python-client --break-system-packages
ERROR: Missing required packages:
  google-auth google-auth-oauthlib google-auth-httplib2 google-api-python-client

Install with:
  pip install google-auth google-auth-oauthlib google-auth-httplib2 google-api-python-client --break-system-packages
ERROR: Missing required packages:
  google-auth google-auth-oauthlib google-auth-httplib2 google-api-python-client

Install with:
  pip install google-auth google-auth-oauthlib google-auth-httplib2 google-api-python-client --break-system-packages
ERROR: Missing required packages:
  google-auth google-auth-oauthlib google-auth-httplib2 google-api-python-client

Install with:
  pip install google-auth google-auth-oauthlib google-auth-httplib2 google-api-python-client --break-system-packages
ERROR: Missing required packages:
  google-auth google-auth-oauthlib google-auth-httplib2 google-api-python-client

Install with:
  pip install google-auth google-auth-oauthlib google-auth-httplib2 google-api-python-client --break-system-packages
ERROR: Missing required packages:
  google-auth google-auth-oauthlib google-auth-httplib2 google-api-python-client

Install with:
  pip install google-auth google-auth-oauthlib google-auth-httplib2 google-api-python-client --break-system-packages
ERROR: Missing required packages:
  google-auth google-auth-oauthlib google-auth-httplib2 google-api-python-client

Install with:
  pip install google-auth google-auth-oauthlib google-auth-httplib2 google-api-python-client --break-system-packages
ERROR: Missing required packages:
  google-auth google-auth-oauthlib google-auth-httplib2 google-api-python-client

Install with:
  pip install google-auth google-auth-oauthlib google-auth-httplib2 google-api-python-client --break-system-packages
ERROR: Missing required packages:
  google-auth google-auth-oauthlib google-auth-httplib2 google-api-python-client

Install with:
  pip install google-auth google-auth-oauthlib google-auth-httplib2 google-api-python-client --break-system-packages
ERROR: Missing required packages:
  google-auth google-auth-oauthlib google-auth-httplib2 google-api-python-client

Install with:
  pip install google-auth google-auth-oauthlib google-auth-httplib2 google-api-python-client --break-system-packages
ERROR: Missing required packages:
  google-auth google-auth-oauthlib google-auth-httplib2 google-api-python-client

Install with:
  pip install google-auth google-auth-oauthlib google-auth-httplib2 google-api-python-client --break-system-packages
ERROR: Missing required packages:
  google-auth google-auth-oauthlib google-auth-httplib2 google-api-python-client

Install with:
  pip install google-auth google-auth-oauthlib google-auth-httplib2 google-api-python-client --break-system-packages
ERROR: Missing required packages:
  google-auth google-auth-oauthlib google-auth-httplib2 google-api-python-client

Install with:
  pip install google-auth google-auth-oauthlib google-auth-httplib2 google-api-python-client --break-system-packages
ERROR: Missing required packages:
  google-auth google-auth-oauthlib google-auth-httplib2 google-api-python-client

Install with:
  pip install google-auth google-auth-oauthlib google-auth-httplib2 google-api-python-client --break-system-packages
ERROR: Missing required packages:
  google-auth google-auth-oauthlib google-auth-httplib2 google-api-python-client

Install with:
  pip install google-auth google-auth-oauthlib google-auth-httplib2 google-api-python-client --break-system-packages
ERROR: Missing required packages:
  google-auth google-auth-oauthlib google-auth-httplib2 google-api-python-client

Install with:
  pip install google-auth google-auth-oauthlib google-auth-httplib2 google-api-python-client --break-system-packages
ERROR: Missing required packages:
  google-auth google-auth-oauthlib google-auth-httplib2 google-api-python-client

Install with:
  pip install google-auth google-auth-oauthlib google-auth-httplib2 google-api-python-client --break-system-packages
ERROR: Missing required packages:
  google-auth google-auth-oauthlib google-auth-httplib2 google-api-python-client

Install with:
  pip install google-auth google-auth-oauthlib google-auth-httplib2 google-api-python-client --break-system-packages
ERROR: Missing required packages:
  google-auth google-auth-oauthlib google-auth-httplib2 google-api-python-client

Install with:
  pip install google-auth google-auth-oauthlib google-auth-httplib2 google-api-python-client --break-system-packages
ERROR: Missing required packages:
  google-auth google-auth-oauthlib google-auth-httplib2 google-api-python-client

Install with:
  pip install google-auth google-auth-oauthlib google-auth-httplib2 google-api-python-client --break-system-packages
ERROR: Missing required packages:
  google-auth google-auth-oauthlib google-auth-httplib2 google-api-python-client

Install with:
  pip install google-auth google-auth-oauthlib google-auth-httplib2 google-api-python-client --break-system-packages
ERROR: Missing required packages:
  google-auth google-auth-oauthlib google-auth-httplib2 google-api-python-client

Install with:
  pip install google-auth google-auth-oauthlib google-auth-httplib2 google-api-python-client --break-system-packages
ERROR: Missing required packages:
  google-auth google-auth-oauthlib google-auth-httplib2 google-api-python-client

Install with:
  pip install google-auth google-auth-oauthlib google-auth-httplib2 google-api-python-client --break-system-packages
ERROR: Missing required packages:
  google-auth google-auth-oauthlib google-auth-httplib2 google-api-python-client

Install with:
  pip install google-auth google-auth-oauthlib google-auth-httplib2 google-api-python-client --break-system-packages
ERROR: Missing required packages:
  google-auth google-auth-oauthlib google-auth-httplib2 google-api-python-client

Install with:
  pip install google-auth google-auth-oauthlib google-auth-httplib2 google-api-python-client --break-system-packages
ERROR: Missing required packages:
  google-auth google-auth-oauthlib google-auth-httplib2 google-api-python-client

Install with:
  pip install google-auth google-auth-oauthlib google-auth-httplib2 google-api-python-client --break-system-packages
ERROR: Missing required packages:
  google-auth google-auth-oauthlib google-auth-httplib2 google-api-python-client

Install with:
  pip install google-auth google-auth-oauthlib google-auth-httplib2 google-api-python-client --break-system-packages
ERROR: Missing required packages:
  google-auth google-auth-oauthlib google-auth-httplib2 google-api-python-client

Install with:
  pip install google-auth google-auth-oauthlib google-auth-httplib2 google-api-python-client --break-system-packages
ERROR: Missing required packages:
  google-auth google-auth-oauthlib google-auth-httplib2 google-api-python-client

Install with:
  pip install google-auth google-auth-oauthlib google-auth-httplib2 google-api-python-client --break-system-packages
ERROR: Missing required packages:
  google-auth google-auth-oauthlib google-auth-httplib2 google-api-python-client

Install with:
  pip install google-auth google-auth-oauthlib google-auth-httplib2 google-api-python-client --break-system-packages
ERROR: Missing required packages:
  google-auth google-auth-oauthlib google-auth-httplib2 google-api-python-client

Install with:
  pip install google-auth google-auth-oauthlib google-auth-httplib2 google-api-python-client --break-system-packages
ERROR: Missing required packages:
  google-auth google-auth-oauthlib google-auth-httplib2 google-api-python-client

Install with:
  pip install google-auth google-auth-oauthlib google-auth-httplib2 google-api-python-client --break-system-packages
ERROR: Missing required packages:
  google-auth google-auth-oauthlib google-auth-httplib2 google-api-python-client

Install with:
  pip install google-auth google-auth-oauthlib google-auth-httplib2 google-api-python-client --break-system-packages
ERROR: Missing required packages:
  google-auth google-auth-oauthlib google-auth-httplib2 google-api-python-client

Install with:
  pip install google-auth google-auth-oauthlib google-auth-httplib2 google-api-python-client --break-system-packages
ERROR: Missing required packages:
  google-auth google-auth-oauthlib google-auth-httplib2 google-api-python-client

Install with:
  pip install google-auth google-auth-oauthlib google-auth-httplib2 google-api-python-client --break-system-packages
ERROR: Missing required packages:
  google-auth google-auth-oauthlib google-auth-httplib2 google-api-python-client

Install with:
  pip install google-auth google-auth-oauthlib google-auth-httplib2 google-api-python-client --break-system-packages
ERROR: Missing required packages:
  google-auth google-auth-oauthlib google-auth-httplib2 google-api-python-client

Install with:
  pip install google-auth google-auth-oauthlib google-auth-httplib2 google-api-python-client --break-system-packages
ERROR: Missing required packages:
  google-auth google-auth-oauthlib google-auth-httplib2 google-api-python-client

Install with:
  pip install google-auth google-auth-oauthlib google-auth-httplib2 google-api-python-client --break-system-packages
ERROR: Missing required packages:
  google-auth google-auth-oauthlib google-auth-httplib2 google-api-python-client

Install with:
  pip install google-auth google-auth-oauthlib google-auth-httplib2 google-api-python-client --break-system-packages
ERROR: Missing required packages:
  google-auth google-auth-oauthlib google-auth-httplib2 google-api-python-client

Install with:
  pip install google-auth google-auth-oauthlib google-auth-httplib2 google-api-python-client --break-system-packages
ERROR: Missing required packages:
  google-auth google-auth-oauthlib google-auth-httplib2 google-api-python-client

Install with:
  pip install google-auth google-auth-oauthlib google-auth-httplib2 google-api-python-client --break-system-packages
ERROR: Missing required packages:
  google-auth google-auth-oauthlib google-auth-httplib2 google-api-python-client

Install with:
  pip install google-auth google-auth-oauthlib google-auth-httplib2 google-api-python-client --break-system-packages
ERROR: Missing required packages:
  google-auth google-auth-oauthlib google-auth-httplib2 google-api-python-client

Install with:
  pip install google-auth google-auth-oauthlib google-auth-httplib2 google-api-python-client --break-system-packages
ERROR: Missing required packages:
  google-auth google-auth-oauthlib google-auth-httplib2 google-api-python-client

Install with:
  pip install google-auth google-auth-oauthlib google-auth-httplib2 google-api-python-client --break-system-packages
ERROR: Missing required packages:
  google-auth google-auth-oauthlib google-auth-httplib2 google-api-python-client

Install with:
  pip install google-auth google-auth-oauthlib google-auth-httplib2 google-api-python-client --break-system-packages
ERROR: Missing required packages:
  google-auth google-auth-oauthlib google-auth-httplib2 google-api-python-client

Install with:
  pip install google-auth google-auth-oauthlib google-auth-httplib2 google-api-python-client --break-system-packages
ERROR: Missing required packages:
  google-auth google-auth-oauthlib google-auth-httplib2 google-api-python-client

Install with:
  pip install google-auth google-auth-oauthlib google-auth-httplib2 google-api-python-client --break-system-packages
ERROR: Missing required packages:
  google-auth google-auth-oauthlib google-auth-httplib2 google-api-python-client

Install with:
  pip install google-auth google-auth-oauthlib google-auth-httplib2 google-api-python-client --break-system-packages
ERROR: Missing required packages:
  google-auth google-auth-oauthlib google-auth-httplib2 google-api-python-client

Install with:
  pip install google-auth google-auth-oauthlib google-auth-httplib2 google-api-python-client --break-system-packages
ERROR: Missing required packages:
  google-auth google-auth-oauthlib google-auth-httplib2 google-api-python-client

Install with:
  pip install google-auth google-auth-oauthlib google-auth-httplib2 google-api-python-client --break-system-packages
ERROR: Missing required packages:
  google-auth google-auth-oauthlib google-auth-httplib2 google-api-python-client

Install with:
  pip install google-auth google-auth-oauthlib google-auth-httplib2 google-api-python-client --break-system-packages
ERROR: Missing required packages:
  google-auth google-auth-oauthlib google-auth-httplib2 google-api-python-client

Install with:
  pip install google-auth google-auth-oauthlib google-auth-httplib2 google-api-python-client --break-system-packages
ERROR: Missing required packages:
  google-auth google-auth-oauthlib google-auth-httplib2 google-api-python-client

Install with:
  pip install google-auth google-auth-oauthlib google-auth-httplib2 google-api-python-client --break-system-packages
ERROR: Missing required packages:
  google-auth google-auth-oauthlib google-auth-httplib2 google-api-python-client

Install with:
  pip install google-auth google-auth-oauthlib google-auth-httplib2 google-api-python-client --break-system-packages
ERROR: Missing required packages:
  google-auth google-auth-oauthlib google-auth-httplib2 google-api-python-client

Install with:
  pip install google-auth google-auth-oauthlib google-auth-httplib2 google-api-python-client --break-system-packages
ERROR: Missing required packages:
  google-auth google-auth-oauthlib google-auth-httplib2 google-api-python-client

Install with:
  pip install google-auth google-auth-oauthlib google-auth-httplib2 google-api-python-client --break-system-packages
ERROR: Missing required packages:
  google-auth google-auth-oauthlib google-auth-httplib2 google-api-python-client

Install with:
  pip install google-auth google-auth-oauthlib google-auth-httplib2 google-api-python-client --break-system-packages
ERROR: Missing required packages:
  google-auth google-auth-oauthlib google-auth-httplib2 google-api-python-client

Install with:
  pip install google-auth google-auth-oauthlib google-auth-httplib2 google-api-python-client --break-system-packages
ERROR: Missing required packages:
  google-auth google-auth-oauthlib google-auth-httplib2 google-api-python-client

Install with:
  pip install google-auth google-auth-oauthlib google-auth-httplib2 google-api-python-client --break-system-packages
ERROR: Missing required packages:
  google-auth google-auth-oauthlib google-auth-httplib2 google-api-python-client

Install with:
  pip install google-auth google-auth-oauthlib google-auth-httplib2 google-api-python-client --break-system-packages
ERROR: Missing required packages:
  google-auth google-auth-oauthlib google-auth-httplib2 google-api-python-client

Install with:
  pip install google-auth google-auth-oauthlib google-auth-httplib2 google-api-python-client --break-system-packages
ERROR: Missing required packages:
  google-auth google-auth-oauthlib google-auth-httplib2 google-api-python-client

Install with:
  pip install google-auth google-auth-oauthlib google-auth-httplib2 google-api-python-client --break-system-packages
ERROR: Missing required packages:
  google-auth google-auth-oauthlib google-auth-httplib2 google-api-python-client

Install with:
  pip install google-auth google-auth-oauthlib google-auth-httplib2 google-api-python-client --break-system-packages
ERROR: Missing required packages:
  google-auth google-auth-oauthlib google-auth-httplib2 google-api-python-client

Install with:
  pip install google-auth google-auth-oauthlib google-auth-httplib2 google-api-python-client --break-system-packages
ERROR: Missing required packages:
  google-auth google-auth-oauthlib google-auth-httplib2 google-api-python-client

Install with:
  pip install google-auth google-auth-oauthlib google-auth-httplib2 google-api-python-client --break-system-packages
ERROR: Missing required packages:
  google-auth google-auth-oauthlib google-auth-httplib2 google-api-python-client

Install with:
  pip install google-auth google-auth-oauthlib google-auth-httplib2 google-api-python-client --break-system-packages
ERROR: Missing required packages:
  google-auth google-auth-oauthlib google-auth-httplib2 google-api-python-client

Install with:
  pip install google-auth google-auth-oauthlib google-auth-httplib2 google-api-python-client --break-system-packages
ERROR: Missing required packages:
  google-auth google-auth-oauthlib google-auth-httplib2 google-api-python-client

Install with:
  pip install google-auth google-auth-oauthlib google-auth-httplib2 google-api-python-client --break-system-packages
ERROR: Missing required packages:
  google-auth google-auth-oauthlib google-auth-httplib2 google-api-python-client

Install with:
  pip install google-auth google-auth-oauthlib google-auth-httplib2 google-api-python-client --break-system-packages
ERROR: Missing required packages:
  google-auth google-auth-oauthlib google-auth-httplib2 google-api-python-client

Install with:
  pip install google-auth google-auth-oauthlib google-auth-httplib2 google-api-python-client --break-system-packages
ERROR: Missing required packages:
  google-auth google-auth-oauthlib google-auth-httplib2 google-api-python-client

Install with:
  pip install google-auth google-auth-oauthlib google-auth-httplib2 google-api-python-client --break-system-packages
ERROR: Missing required packages:
  google-auth google-auth-oauthlib google-auth-httplib2 google-api-python-client

Install with:
  pip install google-auth google-auth-oauthlib google-auth-httplib2 google-api-python-client --break-system-packages
ERROR: Missing required packages:
  google-auth google-auth-oauthlib google-auth-httplib2 google-api-python-client

Install with:
  pip install google-auth google-auth-oauthlib google-auth-httplib2 google-api-python-client --break-system-packages
ERROR: Missing required packages:
  google-auth google-auth-oauthlib google-auth-httplib2 google-api-python-client

Install with:
  pip install google-auth google-auth-oauthlib google-auth-httplib2 google-api-python-client --break-system-packages
ERROR: Missing required packages:
  google-auth google-auth-oauthlib google-auth-httplib2 google-api-python-client

Install with:
  pip install google-auth google-auth-oauthlib google-auth-httplib2 google-api-python-client --break-system-packages
ERROR: Missing required packages:
  google-auth google-auth-oauthlib google-auth-httplib2 google-api-python-client

Install with:
  pip install google-auth google-auth-oauthlib google-auth-httplib2 google-api-python-client --break-system-packages
ERROR: Missing required packages:
  google-auth google-auth-oauthlib google-auth-httplib2 google-api-python-client

Install with:
  pip install google-auth google-auth-oauthlib google-auth-httplib2 google-api-python-client --break-system-packages
ERROR: Missing required packages:
  google-auth google-auth-oauthlib google-auth-httplib2 google-api-python-client

Install with:
  pip install google-auth google-auth-oauthlib google-auth-httplib2 google-api-python-client --break-system-packages
ERROR: Missing required packages:
  google-auth google-auth-oauthlib google-auth-httplib2 google-api-python-client

Install with:
  pip install google-auth google-auth-oauthlib google-auth-httplib2 google-api-python-client --break-system-packages
ERROR: Missing required packages:
  google-auth google-auth-oauthlib google-auth-httplib2 google-api-python-client

Install with:
  pip install google-auth google-auth-oauthlib google-auth-httplib2 google-api-python-client --break-system-packages
ERROR: Missing required packages:
  google-auth google-auth-oauthlib google-auth-httplib2 google-api-python-client

Install with:
  pip install google-auth google-auth-oauthlib google-auth-httplib2 google-api-python-client --break-system-packages
ERROR: Missing required packages:
  google-auth google-auth-oauthlib google-auth-httplib2 google-api-python-client

Install with:
  pip install google-auth google-auth-oauthlib google-auth-httplib2 google-api-python-client --break-system-packages
ERROR: Missing required packages:
  google-auth google-auth-oauthlib google-auth-httplib2 google-api-python-client

Install with:
  pip install google-auth google-auth-oauthlib google-auth-httplib2 google-api-python-client --break-system-packages
ERROR: Missing required packages:
  google-auth google-auth-oauthlib google-auth-httplib2 google-api-python-client

Install with:
  pip install google-auth google-auth-oauthlib google-auth-httplib2 google-api-python-client --break-system-packages
ERROR: Missing required packages:
  google-auth google-auth-oauthlib google-auth-httplib2 google-api-python-client

Install with:
  pip install google-auth google-auth-oauthlib google-auth-httplib2 google-api-python-client --break-system-packages
ERROR: Missing required packages:
  google-auth google-auth-oauthlib google-auth-httplib2 google-api-python-client

Install with:
  pip install google-auth google-auth-oauthlib google-auth-httplib2 google-api-python-client --break-system-packages
ERROR: Missing required packages:
  google-auth google-auth-oauthlib google-auth-httplib2 google-api-python-client

Install with:
  pip install google-auth google-auth-oauthlib google-auth-httplib2 google-api-python-client --break-system-packages
ERROR: Missing required packages:
  google-auth google-auth-oauthlib google-auth-httplib2 google-api-python-client

Install with:
  pip install google-auth google-auth-oauthlib google-auth-httplib2 google-api-python-client --break-system-packages
ERROR: Missing required packages:
  google-auth google-auth-oauthlib google-auth-httplib2 google-api-python-client

Install with:
  pip install google-auth google-auth-oauthlib google-auth-httplib2 google-api-python-client --break-system-packages
ERROR: Missing required packages:
  google-auth google-auth-oauthlib google-auth-httplib2 google-api-python-client

Install with:
  pip install google-auth google-auth-oauthlib google-auth-httplib2 google-api-python-client --break-system-packages
ERROR: Missing required packages:
  google-auth google-auth-oauthlib google-auth-httplib2 google-api-python-client

Install with:
  pip install google-auth google-auth-oauthlib google-auth-httplib2 google-api-python-client --break-system-packages
ERROR: Missing required packages:
  google-auth google-auth-oauthlib google-auth-httplib2 google-api-python-client

Install with:
  pip install google-auth google-auth-oauthlib google-auth-httplib2 google-api-python-client --break-system-packages
ERROR: Missing required packages:
  google-auth google-auth-oauthlib google-auth-httplib2 google-api-python-client

Install with:
  pip install google-auth google-auth-oauthlib google-auth-httplib2 google-api-python-client --break-system-packages
ERROR: Missing required packages:
  google-auth google-auth-oauthlib google-auth-httplib2 google-api-python-client

Install with:
  pip install google-auth google-auth-oauthlib google-auth-httplib2 google-api-python-client --break-system-packages
ERROR: Missing required packages:
  google-auth google-auth-oauthlib google-auth-httplib2 google-api-python-client

Install with:
  pip install google-auth google-auth-oauthlib google-auth-httplib2 google-api-python-client --break-system-packages
ERROR: Missing required packages:
  google-auth google-auth-oauthlib google-auth-httplib2 google-api-python-client

Install with:
  pip install google-auth google-auth-oauthlib google-auth-httplib2 google-api-python-client --break-system-packages
ERROR: Missing required packages:
  google-auth google-auth-oauthlib google-auth-httplib2 google-api-python-client

Install with:
  pip install google-auth google-auth-oauthlib google-auth-httplib2 google-api-python-client --break-system-packages
ERROR: Missing required packages:
  google-auth google-auth-oauthlib google-auth-httplib2 google-api-python-client

Install with:
  pip install google-auth google-auth-oauthlib google-auth-httplib2 google-api-python-client --break-system-packages
ERROR: Missing required packages:
  google-auth google-auth-oauthlib google-auth-httplib2 google-api-python-client

Install with:
  pip install google-auth google-auth-oauthlib google-auth-httplib2 google-api-python-client --break-system-packages
ERROR: Missing required packages:
  google-auth google-auth-oauthlib google-auth-httplib2 google-api-python-client

Install with:
  pip install google-auth google-auth-oauthlib google-auth-httplib2 google-api-python-client --break-system-packages
ERROR: Missing required packages:
  google-auth google-auth-oauthlib google-auth-httplib2 google-api-python-client

Install with:
  pip install google-auth google-auth-oauthlib google-auth-httplib2 google-api-python-client --break-system-packages
ERROR: Missing required packages:
  google-auth google-auth-oauthlib google-auth-httplib2 google-api-python-client

Install with:
  pip install google-auth google-auth-oauthlib google-auth-httplib2 google-api-python-client --break-system-packages
ERROR: Missing required packages:
  google-auth google-auth-oauthlib google-auth-httplib2 google-api-python-client

Install with:
  pip install google-auth google-auth-oauthlib google-auth-httplib2 google-api-python-client --break-system-packages
ERROR: Missing required packages:
  google-auth google-auth-oauthlib google-auth-httplib2 google-api-python-client

Install with:
  pip install google-auth google-auth-oauthlib google-auth-httplib2 google-api-python-client --break-system-packages
ERROR: Missing required packages:
  google-auth google-auth-oauthlib google-auth-httplib2 google-api-python-client

Install with:
  pip install google-auth google-auth-oauthlib google-auth-httplib2 google-api-python-client --break-system-packages
ERROR: Missing required packages:
  google-auth google-auth-oauthlib google-auth-httplib2 google-api-python-client

Install with:
  pip install google-auth google-auth-oauthlib google-auth-httplib2 google-api-python-client --break-system-packages
ERROR: Missing required packages:
  google-auth google-auth-oauthlib google-auth-httplib2 google-api-python-client

Install with:
  pip install google-auth google-auth-oauthlib google-auth-httplib2 google-api-python-client --break-system-packages
ERROR: Missing required packages:
  google-auth google-auth-oauthlib google-auth-httplib2 google-api-python-client

Install with:
  pip install google-auth google-auth-oauthlib google-auth-httplib2 google-api-python-client --break-system-packages
ERROR: Missing required packages:
  google-auth google-auth-oauthlib google-auth-httplib2 google-api-python-client

Install with:
  pip install google-auth google-auth-oauthlib google-auth-httplib2 google-api-python-client --break-system-packages
ERROR: Missing required packages:
  google-auth google-auth-oauthlib google-auth-httplib2 google-api-python-client

Install with:
  pip install google-auth google-auth-oauthlib google-auth-httplib2 google-api-python-client --break-system-packages
ERROR: Missing required packages:
  google-auth google-auth-oauthlib google-auth-httplib2 google-api-python-client

Install with:
  pip install google-auth google-auth-oauthlib google-auth-httplib2 google-api-python-client --break-system-packages
ERROR: Missing required packages:
  google-auth google-auth-oauthlib google-auth-httplib2 google-api-python-client

Install with:
  pip install google-auth google-auth-oauthlib google-auth-httplib2 google-api-python-client --break-system-packages
ERROR: Missing required packages:
  google-auth google-auth-oauthlib google-auth-httplib2 google-api-python-client

Install with:
  pip install google-auth google-auth-oauthlib google-auth-httplib2 google-api-python-client --break-system-packages
ERROR: Missing required packages:
  google-auth google-auth-oauthlib google-auth-httplib2 google-api-python-client

Install with:
  pip install google-auth google-auth-oauthlib google-auth-httplib2 google-api-python-client --break-system-packages
ERROR: Missing required packages:
  google-auth google-auth-oauthlib google-auth-httplib2 google-api-python-client

Install with:
  pip install google-auth google-auth-oauthlib google-auth-httplib2 google-api-python-client --break-system-packages
ERROR: Missing required packages:
  google-auth google-auth-oauthlib google-auth-httplib2 google-api-python-client

Install with:
  pip install google-auth google-auth-oauthlib google-auth-httplib2 google-api-python-client --break-system-packages
ERROR: Missing required packages:
  google-auth google-auth-oauthlib google-auth-httplib2 google-api-python-client

Install with:
  pip install google-auth google-auth-oauthlib google-auth-httplib2 google-api-python-client --break-system-packages
ERROR: Missing required packages:
  google-auth google-auth-oauthlib google-auth-httplib2 google-api-python-client

Install with:
  pip install google-auth google-auth-oauthlib google-auth-httplib2 google-api-python-client --break-system-packages
[start] gmail_cache_update — 2026-07-19T12:07:59
[auth] Token refreshed.
[fetch] Querying: after:1783883279 (last 7 days, max 50)
[fetch] Found 50 messages
[fetch]   10/50 processed...
[fetch]   20/50 processed...
[fetch]   30/50 processed...
[fetch]   40/50 processed...
[fetch]   50/50 processed...
[fetch] Parsed 50 messages
[cache] Written 47,311 chars → /Users/barakwater/Downloads/Claude Memory/gmail_cache.md
[cache] ER mirrored → /Users/barakwater/Downloads/Emergency Retrieval/gmail_cache.md
[done]  Cache ready at /Users/barakwater/Downloads/Claude Memory/gmail_cache.md
[start] gmail_cache_update — 2026-07-19T12:23:07
[fetch] Querying: after:1783884187 (last 7 days, max 50)
[fetch] Found 50 messages
[fetch]   10/50 processed...
[fetch]   20/50 processed...
[fetch]   30/50 processed...
[fetch]   40/50 processed...
[fetch]   50/50 processed...
[fetch] Parsed 50 messages
[cache] Written 46,833 chars → /Users/barakwater/Downloads/Claude Memory/gmail_cache.md
[cache] ER mirrored → /Users/barakwater/Downloads/Emergency Retrieval/gmail_cache.md
[done]  Cache ready at /Users/barakwater/Downloads/Claude Memory/gmail_cache.md
[start] gmail_cache_update — 2026-07-19T12:38:16
[fetch] Querying: after:1783885096 (last 7 days, max 50)
[fetch] Found 50 messages
[fetch]   10/50 processed...
[fetch]   20/50 processed...
[fetch]   30/50 processed...
[fetch]   40/50 processed...
[fetch]   50/50 processed...
[fetch] Parsed 50 messages
[cache] Written 45,393 chars → /Users/barakwater/Downloads/Claude Memory/gmail_cache.md
[cache] ER mirrored → /Users/barakwater/Downloads/Emergency Retrieval/gmail_cache.md
[done]  Cache ready at /Users/barakwater/Downloads/Claude Memory/gmail_cache.md
[start] gmail_cache_update — 2026-07-19T12:53:25
[fetch] Querying: after:1783886005 (last 7 days, max 50)
[fetch] Found 50 messages
[fetch]   10/50 processed...
[fetch]   20/50 processed...
[fetch]   30/50 processed...
[fetch]   40/50 processed...
[fetch]   50/50 processed...
[fetch] Parsed 50 messages
[cache] Written 45,393 chars → /Users/barakwater/Downloads/Claude Memory/gmail_cache.md
[cache] ER mirrored → /Users/barakwater/Downloads/Emergency Retrieval/gmail_cache.md
[done]  Cache ready at /Users/barakwater/Downloads/Claude Memory/gmail_cache.md
[start] gmail_cache_update — 2026-07-19T13:08:34
[auth] Token refreshed.
[fetch] Querying: after:1783886914 (last 7 days, max 50)
[fetch] Found 50 messages
[fetch]   10/50 processed...
[fetch]   20/50 processed...
[fetch]   30/50 processed...
[fetch]   40/50 processed...
[fetch]   50/50 processed...
[fetch] Parsed 50 messages
[cache] Written 46,874 chars → /Users/barakwater/Downloads/Claude Memory/gmail_cache.md
[cache] ER mirrored → /Users/barakwater/Downloads/Emergency Retrieval/gmail_cache.md
[done]  Cache ready at /Users/barakwater/Downloads/Claude Memory/gmail_cache.md
[start] gmail_cache_update — 2026-07-19T13:23:43
[fetch] Querying: after:1783887823 (last 7 days, max 50)
[fetch] Found 50 messages
[fetch]   10/50 processed...
[fetch]   20/50 processed...
[fetch]   30/50 processed...
[fetch]   40/50 processed...
[fetch]   50/50 processed...
[fetch] Parsed 50 messages
[cache] Written 46,801 chars → /Users/barakwater/Downloads/Claude Memory/gmail_cache.md
[cache] ER mirrored → /Users/barakwater/Downloads/Emergency Retrieval/gmail_cache.md
[done]  Cache ready at /Users/barakwater/Downloads/Claude Memory/gmail_cache.md
[start] gmail_cache_update — 2026-07-19T13:38:52
[fetch] Querying: after:1783888732 (last 7 days, max 50)
[fetch] Found 50 messages
[fetch]   10/50 processed...
[fetch]   20/50 processed...
[fetch]   30/50 processed...
[fetch]   40/50 processed...
[fetch]   50/50 processed...
[fetch] Parsed 50 messages
[cache] Written 46,854 chars → /Users/barakwater/Downloads/Claude Memory/gmail_cache.md
[cache] ER mirrored → /Users/barakwater/Downloads/Emergency Retrieval/gmail_cache.md
[done]  Cache ready at /Users/barakwater/Downloads/Claude Memory/gmail_cache.md
[start] gmail_cache_update — 2026-07-19T13:54:00
[fetch] Querying: after:1783889640 (last 7 days, max 50)
[fetch] Found 50 messages
[fetch]   10/50 processed...
[fetch]   20/50 processed...
[fetch]   30/50 processed...
[fetch]   40/50 processed...
[fetch]   50/50 processed...
[fetch] Parsed 50 messages
[cache] Written 48,261 chars → /Users/barakwater/Downloads/Claude Memory/gmail_cache.md
[cache] ER mirrored → /Users/barakwater/Downloads/Emergency Retrieval/gmail_cache.md
[done]  Cache ready at /Users/barakwater/Downloads/Claude Memory/gmail_cache.md
[start] gmail_cache_update — 2026-07-19T14:09:08
[auth] Token refreshed.
[fetch] Querying: after:1783890548 (last 7 days, max 50)
[fetch] Found 50 messages
[fetch]   10/50 processed...
[fetch]   20/50 processed...
[fetch]   30/50 processed...
[fetch]   40/50 processed...
[fetch]   50/50 processed...
[fetch] Parsed 50 messages
[cache] Written 48,400 chars → /Users/barakwater/Downloads/Claude Memory/gmail_cache.md
[cache] ER mirrored → /Users/barakwater/Downloads/Emergency Retrieval/gmail_cache.md
[done]  Cache ready at /Users/barakwater/Downloads/Claude Memory/gmail_cache.md
[start] gmail_cache_update — 2026-07-19T14:24:17
[fetch] Querying: after:1783891457 (last 7 days, max 50)
[fetch] Found 50 messages
[fetch]   10/50 processed...
[fetch]   20/50 processed...
[fetch]   30/50 processed...
[fetch]   40/50 processed...
[fetch]   50/50 processed...
[fetch] Parsed 50 messages
[cache] Written 48,400 chars → /Users/barakwater/Downloads/Claude Memory/gmail_cache.md
[cache] ER mirrored → /Users/barakwater/Downloads/Emergency Retrieval/gmail_cache.md
[done]  Cache ready at /Users/barakwater/Downloads/Claude Memory/gmail_cache.md
[start] gmail_cache_update — 2026-07-19T14:39:25
[fetch] Querying: after:1783892365 (last 7 days, max 50)
[fetch] Found 50 messages
[fetch]   10/50 processed...
[fetch]   20/50 processed...
[fetch]   30/50 processed...
[fetch]   40/50 processed...
[fetch]   50/50 processed...
[fetch] Parsed 50 messages
[cache] Written 46,992 chars → /Users/barakwater/Downloads/Claude Memory/gmail_cache.md
[cache] ER mirrored → /Users/barakwater/Downloads/Emergency Retrieval/gmail_cache.md
[done]  Cache ready at /Users/barakwater/Downloads/Claude Memory/gmail_cache.md
[start] gmail_cache_update — 2026-07-19T14:54:34
[fetch] Querying: after:1783893274 (last 7 days, max 50)
[fetch] Found 50 messages
[fetch]   10/50 processed...
[fetch]   20/50 processed...
[fetch]   30/50 processed...
[fetch]   40/50 processed...
[fetch]   50/50 processed...
[fetch] Parsed 50 messages
[cache] Written 46,992 chars → /Users/barakwater/Downloads/Claude Memory/gmail_cache.md
[cache] ER mirrored → /Users/barakwater/Downloads/Emergency Retrieval/gmail_cache.md
[done]  Cache ready at /Users/barakwater/Downloads/Claude Memory/gmail_cache.md
[start] gmail_cache_update — 2026-07-19T15:09:42
[auth] Token refreshed.
[fetch] Querying: after:1783894182 (last 7 days, max 50)
[fetch] Found 50 messages
[fetch]   10/50 processed...
[fetch]   20/50 processed...
[fetch]   30/50 processed...
[fetch]   40/50 processed...
[fetch]   50/50 processed...
[fetch] Parsed 50 messages
[cache] Written 46,997 chars → /Users/barakwater/Downloads/Claude Memory/gmail_cache.md
[cache] ER mirrored → /Users/barakwater/Downloads/Emergency Retrieval/gmail_cache.md
[done]  Cache ready at /Users/barakwater/Downloads/Claude Memory/gmail_cache.md
[start] gmail_cache_update — 2026-07-19T15:24:52
[fetch] Querying: after:1783895092 (last 7 days, max 50)
[fetch] Found 50 messages
[fetch]   10/50 processed...
[fetch]   20/50 processed...
[fetch]   30/50 processed...
[fetch]   40/50 processed...
[fetch]   50/50 processed...
[fetch] Parsed 50 messages
[cache] Written 46,979 chars → /Users/barakwater/Downloads/Claude Memory/gmail_cache.md
[cache] ER mirrored → /Users/barakwater/Downloads/Emergency Retrieval/gmail_cache.md
[done]  Cache ready at /Users/barakwater/Downloads/Claude Memory/gmail_cache.md
[start] gmail_cache_update — 2026-07-19T15:40:00
[fetch] Querying: after:1783896000 (last 7 days, max 50)
[fetch] Found 50 messages
[fetch]   10/50 processed...
[fetch]   20/50 processed...
[fetch]   30/50 processed...
[fetch]   40/50 processed...
[fetch]   50/50 processed...
[fetch] Parsed 50 messages
[cache] Written 49,058 chars → /Users/barakwater/Downloads/Claude Memory/gmail_cache.md
[cache] ER mirrored → /Users/barakwater/Downloads/Emergency Retrieval/gmail_cache.md
[done]  Cache ready at /Users/barakwater/Downloads/Claude Memory/gmail_cache.md
[start] gmail_cache_update — 2026-07-19T15:55:09
[fetch] Querying: after:1783896909 (last 7 days, max 50)
[fetch] Found 50 messages
[fetch]   10/50 processed...
[fetch]   20/50 processed...
[fetch]   30/50 processed...
[fetch]   40/50 processed...
[fetch]   50/50 processed...
[fetch] Parsed 50 messages
[cache] Written 50,605 chars → /Users/barakwater/Downloads/Claude Memory/gmail_cache.md
[cache] ER mirrored → /Users/barakwater/Downloads/Emergency Retrieval/gmail_cache.md
[done]  Cache ready at /Users/barakwater/Downloads/Claude Memory/gmail_cache.md
[start] gmail_cache_update — 2026-07-19T16:10:17
[auth] Token refreshed.
[fetch] Querying: after:1783897818 (last 7 days, max 50)
[fetch] Found 50 messages
[fetch]   10/50 processed...
[fetch]   20/50 processed...
[fetch]   30/50 processed...
[fetch]   40/50 processed...
[fetch]   50/50 processed...
[fetch] Parsed 50 messages
[cache] Written 50,605 chars → /Users/barakwater/Downloads/Claude Memory/gmail_cache.md
[cache] ER mirrored → /Users/barakwater/Downloads/Emergency Retrieval/gmail_cache.md
[done]  Cache ready at /Users/barakwater/Downloads/Claude Memory/gmail_cache.md
[start] gmail_cache_update — 2026-07-19T16:25:26
[fetch] Querying: after:1783898726 (last 7 days, max 50)
[fetch] Found 50 messages
[fetch]   10/50 processed...
[fetch]   20/50 processed...
[fetch]   30/50 processed...
[fetch]   40/50 processed...
[fetch]   50/50 processed...
[fetch] Parsed 50 messages
[cache] Written 51,152 chars → /Users/barakwater/Downloads/Claude Memory/gmail_cache.md
[cache] ER mirrored → /Users/barakwater/Downloads/Emergency Retrieval/gmail_cache.md
[done]  Cache ready at /Users/barakwater/Downloads/Claude Memory/gmail_cache.md
[start] gmail_cache_update — 2026-07-19T16:40:33
[fetch] Querying: after:1783899633 (last 7 days, max 50)
[fetch] Found 50 messages
[fetch]   10/50 processed...
[fetch]   20/50 processed...
[fetch]   30/50 processed...
[fetch]   40/50 processed...
[fetch]   50/50 processed...
[fetch] Parsed 50 messages
[cache] Written 50,754 chars → /Users/barakwater/Downloads/Claude Memory/gmail_cache.md
[cache] ER mirrored → /Users/barakwater/Downloads/Emergency Retrieval/gmail_cache.md
[done]  Cache ready at /Users/barakwater/Downloads/Claude Memory/gmail_cache.md
[start] gmail_cache_update — 2026-07-19T16:55:42
[fetch] Querying: after:1783900542 (last 7 days, max 50)
[fetch] Found 50 messages
[fetch]   10/50 processed...
[fetch]   20/50 processed...
[fetch]   30/50 processed...
[fetch]   40/50 processed...
[fetch]   50/50 processed...
[fetch] Parsed 50 messages
[cache] Written 50,754 chars → /Users/barakwater/Downloads/Claude Memory/gmail_cache.md
[cache] ER mirrored → /Users/barakwater/Downloads/Emergency Retrieval/gmail_cache.md
[done]  Cache ready at /Users/barakwater/Downloads/Claude Memory/gmail_cache.md
[start] gmail_cache_update — 2026-07-19T17:10:50
[auth] Token refreshed.
[fetch] Querying: after:1783901450 (last 7 days, max 50)
[fetch] Found 50 messages
[fetch]   10/50 processed...
[fetch]   20/50 processed...
[fetch]   30/50 processed...
[fetch]   40/50 processed...
[fetch]   50/50 processed...
[fetch] Parsed 50 messages
[cache] Written 50,986 chars → /Users/barakwater/Downloads/Claude Memory/gmail_cache.md
[cache] ER mirrored → /Users/barakwater/Downloads/Emergency Retrieval/gmail_cache.md
[done]  Cache ready at /Users/barakwater/Downloads/Claude Memory/gmail_cache.md
[start] gmail_cache_update — 2026-07-19T17:25:59
[fetch] Querying: after:1783902359 (last 7 days, max 50)
[fetch] Found 50 messages
[fetch]   10/50 processed...
[fetch]   20/50 processed...
[fetch]   30/50 processed...
[fetch]   40/50 processed...
[fetch]   50/50 processed...
[fetch] Parsed 50 messages
[cache] Written 52,503 chars → /Users/barakwater/Downloads/Claude Memory/gmail_cache.md
[cache] ER mirrored → /Users/barakwater/Downloads/Emergency Retrieval/gmail_cache.md
[done]  Cache ready at /Users/barakwater/Downloads/Claude Memory/gmail_cache.md
[start] gmail_cache_update — 2026-07-19T17:41:08
[fetch] Querying: after:1783903268 (last 7 days, max 50)
[fetch] Found 50 messages
[fetch]   10/50 processed...
[fetch]   20/50 processed...
[fetch]   30/50 processed...
[fetch]   40/50 processed...
[fetch]   50/50 processed...
[fetch] Parsed 50 messages
[cache] Written 52,503 chars → /Users/barakwater/Downloads/Claude Memory/gmail_cache.md
[cache] ER mirrored → /Users/barakwater/Downloads/Emergency Retrieval/gmail_cache.md
[done]  Cache ready at /Users/barakwater/Downloads/Claude Memory/gmail_cache.md
[start] gmail_cache_update — 2026-07-19T17:56:16
[fetch] Querying: after:1783904176 (last 7 days, max 50)
[fetch] Found 50 messages
[fetch]   10/50 processed...
[fetch]   20/50 processed...
[fetch]   30/50 processed...
[fetch]   40/50 processed...
[fetch]   50/50 processed...
[fetch] Parsed 50 messages
[cache] Written 52,503 chars → /Users/barakwater/Downloads/Claude Memory/gmail_cache.md
[cache] ER mirrored → /Users/barakwater/Downloads/Emergency Retrieval/gmail_cache.md
[done]  Cache ready at /Users/barakwater/Downloads/Claude Memory/gmail_cache.md
[start] gmail_cache_update — 2026-07-19T18:11:25
[auth] Token refreshed.
[fetch] Querying: after:1783905086 (last 7 days, max 50)
[fetch] Found 50 messages
[fetch]   10/50 processed...
[fetch]   20/50 processed...
[fetch]   30/50 processed...
[fetch]   40/50 processed...
[fetch]   50/50 processed...
[fetch] Parsed 50 messages
[cache] Written 50,969 chars → /Users/barakwater/Downloads/Claude Memory/gmail_cache.md
[cache] ER mirrored → /Users/barakwater/Downloads/Emergency Retrieval/gmail_cache.md
[done]  Cache ready at /Users/barakwater/Downloads/Claude Memory/gmail_cache.md
[start] gmail_cache_update — 2026-07-19T18:26:35
[fetch] Querying: after:1783905995 (last 7 days, max 50)
[fetch] Found 50 messages
[fetch]   10/50 processed...
[fetch]   20/50 processed...
[fetch]   30/50 processed...
[fetch]   40/50 processed...
[fetch]   50/50 processed...
[fetch] Parsed 50 messages
[cache] Written 50,969 chars → /Users/barakwater/Downloads/Claude Memory/gmail_cache.md
[cache] ER mirrored → /Users/barakwater/Downloads/Emergency Retrieval/gmail_cache.md
[done]  Cache ready at /Users/barakwater/Downloads/Claude Memory/gmail_cache.md
[start] gmail_cache_update — 2026-07-19T18:41:43
[fetch] Querying: after:1783906903 (last 7 days, max 50)
[fetch] Found 50 messages
[fetch]   10/50 processed...
[fetch]   20/50 processed...
[fetch]   30/50 processed...
[fetch]   40/50 processed...
[fetch]   50/50 processed...
[fetch] Parsed 50 messages
[cache] Written 49,501 chars → /Users/barakwater/Downloads/Claude Memory/gmail_cache.md
[cache] ER mirrored → /Users/barakwater/Downloads/Emergency Retrieval/gmail_cache.md
[done]  Cache ready at /Users/barakwater/Downloads/Claude Memory/gmail_cache.md
[start] gmail_cache_update — 2026-07-19T18:56:53
[fetch] Querying: after:1783907813 (last 7 days, max 50)
[fetch] Found 50 messages
[fetch]   10/50 processed...
[fetch]   20/50 processed...
[fetch]   30/50 processed...
[fetch]   40/50 processed...
[fetch]   50/50 processed...
[fetch] Parsed 50 messages
[cache] Written 49,537 chars → /Users/barakwater/Downloads/Claude Memory/gmail_cache.md
[cache] ER mirrored → /Users/barakwater/Downloads/Emergency Retrieval/gmail_cache.md
[done]  Cache ready at /Users/barakwater/Downloads/Claude Memory/gmail_cache.md
[start] gmail_cache_update — 2026-07-19T19:12:02
[auth] Token refreshed.
[fetch] Querying: after:1783908722 (last 7 days, max 50)
[fetch] Found 50 messages
[fetch]   10/50 processed...
[fetch]   20/50 processed...
[fetch]   30/50 processed...
[fetch]   40/50 processed...
[fetch]   50/50 processed...
[fetch] Parsed 50 messages
[cache] Written 49,537 chars → /Users/barakwater/Downloads/Claude Memory/gmail_cache.md
[cache] ER mirrored → /Users/barakwater/Downloads/Emergency Retrieval/gmail_cache.md
[done]  Cache ready at /Users/barakwater/Downloads/Claude Memory/gmail_cache.md
[start] gmail_cache_update — 2026-07-19T19:27:11
[fetch] Querying: after:1783909631 (last 7 days, max 50)
[fetch] Found 50 messages
[fetch]   10/50 processed...
[fetch]   20/50 processed...
[fetch]   30/50 processed...
[fetch]   40/50 processed...
[fetch]   50/50 processed...
[fetch] Parsed 50 messages
[cache] Written 49,537 chars → /Users/barakwater/Downloads/Claude Memory/gmail_cache.md
[cache] ER mirrored → /Users/barakwater/Downloads/Emergency Retrieval/gmail_cache.md
[done]  Cache ready at /Users/barakwater/Downloads/Claude Memory/gmail_cache.md
[start] gmail_cache_update — 2026-07-19T19:42:20
[fetch] Querying: after:1783910540 (last 7 days, max 50)
[fetch] Found 50 messages
[fetch]   10/50 processed...
[fetch]   20/50 processed...
[fetch]   30/50 processed...
[fetch]   40/50 processed...
[fetch]   50/50 processed...
[fetch] Parsed 50 messages
[cache] Written 49,498 chars → /Users/barakwater/Downloads/Claude Memory/gmail_cache.md
[cache] ER mirrored → /Users/barakwater/Downloads/Emergency Retrieval/gmail_cache.md
[done]  Cache ready at /Users/barakwater/Downloads/Claude Memory/gmail_cache.md
[start] gmail_cache_update — 2026-07-19T19:57:31
[fetch] Querying: after:1783911451 (last 7 days, max 50)
[fetch] Found 50 messages
[fetch]   10/50 processed...
[fetch]   20/50 processed...
[fetch]   30/50 processed...
[fetch]   40/50 processed...
[fetch]   50/50 processed...
[fetch] Parsed 50 messages
[cache] Written 50,279 chars → /Users/barakwater/Downloads/Claude Memory/gmail_cache.md
[cache] ER mirrored → /Users/barakwater/Downloads/Emergency Retrieval/gmail_cache.md
[done]  Cache ready at /Users/barakwater/Downloads/Claude Memory/gmail_cache.md
[start] gmail_cache_update — 2026-07-19T20:12:40
[auth] Token refreshed.
[fetch] Querying: after:1783912360 (last 7 days, max 50)
[fetch] Found 50 messages
[fetch]   10/50 processed...
[fetch]   20/50 processed...
[fetch]   30/50 processed...
[fetch]   40/50 processed...
[fetch]   50/50 processed...
[fetch] Parsed 50 messages
[cache] Written 50,279 chars → /Users/barakwater/Downloads/Claude Memory/gmail_cache.md
[cache] ER mirrored → /Users/barakwater/Downloads/Emergency Retrieval/gmail_cache.md
[done]  Cache ready at /Users/barakwater/Downloads/Claude Memory/gmail_cache.md
[start] gmail_cache_update — 2026-07-19T20:27:49
[fetch] Querying: after:1783913269 (last 7 days, max 50)
[fetch] Found 50 messages
[fetch]   10/50 processed...
[fetch]   20/50 processed...
[fetch]   30/50 processed...
[fetch]   40/50 processed...
[fetch]   50/50 processed...
[fetch] Parsed 50 messages
[cache] Written 50,279 chars → /Users/barakwater/Downloads/Claude Memory/gmail_cache.md
[cache] ER mirrored → /Users/barakwater/Downloads/Emergency Retrieval/gmail_cache.md
[done]  Cache ready at /Users/barakwater/Downloads/Claude Memory/gmail_cache.md
[start] gmail_cache_update — 2026-07-19T20:42:58
[fetch] Querying: after:1783914178 (last 7 days, max 50)
[fetch] Found 50 messages
[fetch]   10/50 processed...
[fetch]   20/50 processed...
[fetch]   30/50 processed...
[fetch]   40/50 processed...
[fetch]   50/50 processed...
[fetch] Parsed 50 messages
[cache] Written 50,279 chars → /Users/barakwater/Downloads/Claude Memory/gmail_cache.md
[cache] ER mirrored → /Users/barakwater/Downloads/Emergency Retrieval/gmail_cache.md
[done]  Cache ready at /Users/barakwater/Downloads/Claude Memory/gmail_cache.md
[start] gmail_cache_update — 2026-07-19T20:58:07
[fetch] Querying: after:1783915087 (last 7 days, max 50)
[fetch] Found 50 messages
[fetch]   10/50 processed...
[fetch]   20/50 processed...
[fetch]   30/50 processed...
[fetch]   40/50 processed...
[fetch]   50/50 processed...
[fetch] Parsed 50 messages
[cache] Written 50,321 chars → /Users/barakwater/Downloads/Claude Memory/gmail_cache.md
[cache] ER mirrored → /Users/barakwater/Downloads/Emergency Retrieval/gmail_cache.md
[done]  Cache ready at /Users/barakwater/Downloads/Claude Memory/gmail_cache.md
[start] gmail_cache_update — 2026-07-19T21:13:16
[auth] Token refreshed.
[fetch] Querying: after:1783915996 (last 7 days, max 50)
[fetch] Found 50 messages
[fetch]   10/50 processed...
[fetch]   20/50 processed...
[fetch]   30/50 processed...
[fetch]   40/50 processed...
[fetch]   50/50 processed...
[fetch] Parsed 50 messages
[cache] Written 51,803 chars → /Users/barakwater/Downloads/Claude Memory/gmail_cache.md
[cache] ER mirrored → /Users/barakwater/Downloads/Emergency Retrieval/gmail_cache.md
[done]  Cache ready at /Users/barakwater/Downloads/Claude Memory/gmail_cache.md
[start] gmail_cache_update — 2026-07-19T21:28:24
[fetch] Querying: after:1783916904 (last 7 days, max 50)
[fetch] Found 50 messages
[fetch]   10/50 processed...
[fetch]   20/50 processed...
[fetch]   30/50 processed...
[fetch]   40/50 processed...
[fetch]   50/50 processed...
[fetch] Parsed 50 messages
[cache] Written 51,803 chars → /Users/barakwater/Downloads/Claude Memory/gmail_cache.md
[cache] ER mirrored → /Users/barakwater/Downloads/Emergency Retrieval/gmail_cache.md
[done]  Cache ready at /Users/barakwater/Downloads/Claude Memory/gmail_cache.md
[start] gmail_cache_update — 2026-07-19T21:43:32
[fetch] Querying: after:1783917812 (last 7 days, max 50)
[fetch] Found 50 messages
[fetch]   10/50 processed...
[fetch]   20/50 processed...
[fetch]   30/50 processed...
[fetch]   40/50 processed...
[fetch]   50/50 processed...
[fetch] Parsed 50 messages
[cache] Written 51,803 chars → /Users/barakwater/Downloads/Claude Memory/gmail_cache.md
[cache] ER mirrored → /Users/barakwater/Downloads/Emergency Retrieval/gmail_cache.md
[done]  Cache ready at /Users/barakwater/Downloads/Claude Memory/gmail_cache.md
[start] gmail_cache_update — 2026-07-19T21:58:41
[fetch] Querying: after:1783918721 (last 7 days, max 50)
[fetch] Found 50 messages
[fetch]   10/50 processed...
[fetch]   20/50 processed...
[fetch]   30/50 processed...
[fetch]   40/50 processed...
[fetch]   50/50 processed...
[fetch] Parsed 50 messages
[cache] Written 51,803 chars → /Users/barakwater/Downloads/Claude Memory/gmail_cache.md
[cache] ER mirrored → /Users/barakwater/Downloads/Emergency Retrieval/gmail_cache.md
[done]  Cache ready at /Users/barakwater/Downloads/Claude Memory/gmail_cache.md
[start] gmail_cache_update — 2026-07-19T22:13:51
[auth] Token refreshed.
[fetch] Querying: after:1783919631 (last 7 days, max 50)
[fetch] Found 50 messages
[fetch]   10/50 processed...
[fetch]   20/50 processed...
[fetch]   30/50 processed...
[fetch]   40/50 processed...
[fetch]   50/50 processed...
[fetch] Parsed 50 messages
[cache] Written 50,324 chars → /Users/barakwater/Downloads/Claude Memory/gmail_cache.md
[cache] ER mirrored → /Users/barakwater/Downloads/Emergency Retrieval/gmail_cache.md
[done]  Cache ready at /Users/barakwater/Downloads/Claude Memory/gmail_cache.md
[start] gmail_cache_update — 2026-07-19T22:29:00
[fetch] Querying: after:1783920540 (last 7 days, max 50)
[fetch] Found 50 messages
[fetch]   10/50 processed...
[fetch]   20/50 processed...
[fetch]   30/50 processed...
[fetch]   40/50 processed...
[fetch]   50/50 processed...
[fetch] Parsed 50 messages
[cache] Written 50,324 chars → /Users/barakwater/Downloads/Claude Memory/gmail_cache.md
[cache] ER mirrored → /Users/barakwater/Downloads/Emergency Retrieval/gmail_cache.md
[done]  Cache ready at /Users/barakwater/Downloads/Claude Memory/gmail_cache.md
[start] gmail_cache_update — 2026-07-19T22:44:09
[fetch] Querying: after:1783921449 (last 7 days, max 50)
[fetch] Found 50 messages
[fetch]   10/50 processed...
[fetch]   20/50 processed...
[fetch]   30/50 processed...
[fetch]   40/50 processed...
[fetch]   50/50 processed...
[fetch] Parsed 50 messages
[cache] Written 50,324 chars → /Users/barakwater/Downloads/Claude Memory/gmail_cache.md
[cache] ER mirrored → /Users/barakwater/Downloads/Emergency Retrieval/gmail_cache.md
[done]  Cache ready at /Users/barakwater/Downloads/Claude Memory/gmail_cache.md
[start] gmail_cache_update — 2026-07-19T22:59:19
[fetch] Querying: after:1783922359 (last 7 days, max 50)
[fetch] Found 50 messages
[fetch]   10/50 processed...
[fetch]   20/50 processed...
[fetch]   30/50 processed...
[fetch]   40/50 processed...
[fetch]   50/50 processed...
[fetch] Parsed 50 messages
[cache] Written 50,324 chars → /Users/barakwater/Downloads/Claude Memory/gmail_cache.md
[cache] ER mirrored → /Users/barakwater/Downloads/Emergency Retrieval/gmail_cache.md
[done]  Cache ready at /Users/barakwater/Downloads/Claude Memory/gmail_cache.md
[start] gmail_cache_update — 2026-07-19T23:14:29
[auth] Token refreshed.
[fetch] Querying: after:1783923269 (last 7 days, max 50)
[fetch] Found 50 messages
[fetch]   10/50 processed...
[fetch]   20/50 processed...
[fetch]   30/50 processed...
[fetch]   40/50 processed...
[fetch]   50/50 processed...
[fetch] Parsed 50 messages
[cache] Written 50,324 chars → /Users/barakwater/Downloads/Claude Memory/gmail_cache.md
[cache] ER mirrored → /Users/barakwater/Downloads/Emergency Retrieval/gmail_cache.md
[done]  Cache ready at /Users/barakwater/Downloads/Claude Memory/gmail_cache.md
[start] gmail_cache_update — 2026-07-19T23:29:39
[fetch] Querying: after:1783924179 (last 7 days, max 50)
[fetch] Found 50 messages
[fetch]   10/50 processed...
[fetch]   20/50 processed...
[fetch]   30/50 processed...
[fetch]   40/50 processed...
[fetch]   50/50 processed...
[fetch] Parsed 50 messages
[cache] Written 50,324 chars → /Users/barakwater/Downloads/Claude Memory/gmail_cache.md
[cache] ER mirrored → /Users/barakwater/Downloads/Emergency Retrieval/gmail_cache.md
[done]  Cache ready at /Users/barakwater/Downloads/Claude Memory/gmail_cache.md
[start] gmail_cache_update — 2026-07-19T23:44:49
[fetch] Querying: after:1783925089 (last 7 days, max 50)
[fetch] Found 50 messages
[fetch]   10/50 processed...
[fetch]   20/50 processed...
[fetch]   30/50 processed...
[fetch]   40/50 processed...
[fetch]   50/50 processed...
[fetch] Parsed 50 messages
[cache] Written 50,324 chars → /Users/barakwater/Downloads/Claude Memory/gmail_cache.md
[cache] ER mirrored → /Users/barakwater/Downloads/Emergency Retrieval/gmail_cache.md
[done]  Cache ready at /Users/barakwater/Downloads/Claude Memory/gmail_cache.md
[start] gmail_cache_update — 2026-07-19T23:59:59
[fetch] Querying: after:1783925999 (last 7 days, max 50)
[fetch] Found 50 messages
[fetch]   10/50 processed...
[fetch]   20/50 processed...
[fetch]   30/50 processed...
[fetch]   40/50 processed...
[fetch]   50/50 processed...
[fetch] Parsed 50 messages
[cache] Written 53,223 chars → /Users/barakwater/Downloads/Claude Memory/gmail_cache.md
[cache] ER mirrored → /Users/barakwater/Downloads/Emergency Retrieval/gmail_cache.md
[done]  Cache ready at /Users/barakwater/Downloads/Claude Memory/gmail_cache.md
[start] gmail_cache_update — 2026-07-20T00:15:09
[auth] Token refreshed.
[fetch] Querying: after:1783926909 (last 7 days, max 50)
[fetch] Found 50 messages
[fetch]   10/50 processed...
[fetch]   20/50 processed...
[fetch]   30/50 processed...
[fetch]   40/50 processed...
[fetch]   50/50 processed...
[fetch] Parsed 50 messages
[cache] Written 53,195 chars → /Users/barakwater/Downloads/Claude Memory/gmail_cache.md
[cache] ER mirrored → /Users/barakwater/Downloads/Emergency Retrieval/gmail_cache.md
[done]  Cache ready at /Users/barakwater/Downloads/Claude Memory/gmail_cache.md
[start] gmail_cache_update — 2026-07-20T00:30:19
[fetch] Querying: after:1783927819 (last 7 days, max 50)
[fetch] Found 50 messages
[fetch]   10/50 processed...
[fetch]   20/50 processed...
[fetch]   30/50 processed...
[fetch]   40/50 processed...
[fetch]   50/50 processed...
[fetch] Parsed 50 messages
[cache] Written 53,195 chars → /Users/barakwater/Downloads/Claude Memory/gmail_cache.md
[cache] ER mirrored → /Users/barakwater/Downloads/Emergency Retrieval/gmail_cache.md
[done]  Cache ready at /Users/barakwater/Downloads/Claude Memory/gmail_cache.md
[start] gmail_cache_update — 2026-07-20T00:45:28
[fetch] Querying: after:1783928728 (last 7 days, max 50)
[fetch] Found 50 messages
[fetch]   10/50 processed...
[fetch]   20/50 processed...
[fetch]   30/50 processed...
[fetch]   40/50 processed...
[fetch]   50/50 processed...
[fetch] Parsed 50 messages
[cache] Written 53,195 chars → /Users/barakwater/Downloads/Claude Memory/gmail_cache.md
[cache] ER mirrored → /Users/barakwater/Downloads/Emergency Retrieval/gmail_cache.md
[done]  Cache ready at /Users/barakwater/Downloads/Claude Memory/gmail_cache.md
[start] gmail_cache_update — 2026-07-20T01:00:38
[fetch] Querying: after:1783929638 (last 7 days, max 50)
[fetch] Found 50 messages
[fetch]   10/50 processed...
[fetch]   20/50 processed...
[fetch]   30/50 processed...
[fetch]   40/50 processed...
[fetch]   50/50 processed...
[fetch] Parsed 50 messages
[cache] Written 53,195 chars → /Users/barakwater/Downloads/Claude Memory/gmail_cache.md
[cache] ER mirrored → /Users/barakwater/Downloads/Emergency Retrieval/gmail_cache.md
[done]  Cache ready at /Users/barakwater/Downloads/Claude Memory/gmail_cache.md
[start] gmail_cache_update — 2026-07-20T01:15:47
[auth] Token refreshed.
[fetch] Querying: after:1783930547 (last 7 days, max 50)
[fetch] Found 50 messages
[fetch]   10/50 processed...
[fetch]   20/50 processed...
[fetch]   30/50 processed...
[fetch]   40/50 processed...
[fetch]   50/50 processed...
[fetch] Parsed 50 messages
[cache] Written 53,195 chars → /Users/barakwater/Downloads/Claude Memory/gmail_cache.md
[cache] ER mirrored → /Users/barakwater/Downloads/Emergency Retrieval/gmail_cache.md
[done]  Cache ready at /Users/barakwater/Downloads/Claude Memory/gmail_cache.md
[start] gmail_cache_update — 2026-07-20T01:30:57
[fetch] Querying: after:1783931457 (last 7 days, max 50)
[fetch] Found 50 messages
[fetch]   10/50 processed...
[fetch]   20/50 processed...
[fetch]   30/50 processed...
[fetch]   40/50 processed...
[fetch]   50/50 processed...
[fetch] Parsed 50 messages
[cache] Written 54,554 chars → /Users/barakwater/Downloads/Claude Memory/gmail_cache.md
[cache] ER mirrored → /Users/barakwater/Downloads/Emergency Retrieval/gmail_cache.md
[done]  Cache ready at /Users/barakwater/Downloads/Claude Memory/gmail_cache.md
[start] gmail_cache_update — 2026-07-20T01:46:06
[fetch] Querying: after:1783932366 (last 7 days, max 50)
[fetch] Found 50 messages
[fetch]   10/50 processed...
[fetch]   20/50 processed...
[fetch]   30/50 processed...
[fetch]   40/50 processed...
[fetch]   50/50 processed...
[fetch] Parsed 50 messages
[cache] Written 54,554 chars → /Users/barakwater/Downloads/Claude Memory/gmail_cache.md
[cache] ER mirrored → /Users/barakwater/Downloads/Emergency Retrieval/gmail_cache.md
[done]  Cache ready at /Users/barakwater/Downloads/Claude Memory/gmail_cache.md
[start] gmail_cache_update — 2026-07-20T02:01:16
[fetch] Querying: after:1783933276 (last 7 days, max 50)
[fetch] Found 50 messages
[fetch]   10/50 processed...
[fetch]   20/50 processed...
[fetch]   30/50 processed...
[fetch]   40/50 processed...
[fetch]   50/50 processed...
[fetch] Parsed 50 messages
[cache] Written 56,034 chars → /Users/barakwater/Downloads/Claude Memory/gmail_cache.md
[cache] ER mirrored → /Users/barakwater/Downloads/Emergency Retrieval/gmail_cache.md
[done]  Cache ready at /Users/barakwater/Downloads/Claude Memory/gmail_cache.md
[start] gmail_cache_update — 2026-07-20T02:16:26
[auth] Token refreshed.
[fetch] Querying: after:1783934187 (last 7 days, max 50)
[fetch] Found 50 messages
[fetch]   10/50 processed...
[fetch]   20/50 processed...
[fetch]   30/50 processed...
[fetch]   40/50 processed...
[fetch]   50/50 processed...
[fetch] Parsed 50 messages
[cache] Written 58,343 chars → /Users/barakwater/Downloads/Claude Memory/gmail_cache.md
[cache] ER mirrored → /Users/barakwater/Downloads/Emergency Retrieval/gmail_cache.md
[done]  Cache ready at /Users/barakwater/Downloads/Claude Memory/gmail_cache.md
[start] gmail_cache_update — 2026-07-20T02:31:36
[fetch] Querying: after:1783935096 (last 7 days, max 50)
[fetch] Found 50 messages
[fetch]   10/50 processed...
[fetch]   20/50 processed...
[fetch]   30/50 processed...
[fetch]   40/50 processed...
[fetch]   50/50 processed...
[fetch] Parsed 50 messages
[cache] Written 59,565 chars → /Users/barakwater/Downloads/Claude Memory/gmail_cache.md
[cache] ER mirrored → /Users/barakwater/Downloads/Emergency Retrieval/gmail_cache.md
[done]  Cache ready at /Users/barakwater/Downloads/Claude Memory/gmail_cache.md
[start] gmail_cache_update — 2026-07-20T02:46:44
[fetch] Querying: after:1783936004 (last 7 days, max 50)
[fetch] Found 50 messages
[fetch]   10/50 processed...
[fetch]   20/50 processed...
[fetch]   30/50 processed...
[fetch]   40/50 processed...
[fetch]   50/50 processed...
[fetch] Parsed 50 messages
[cache] Written 58,621 chars → /Users/barakwater/Downloads/Claude Memory/gmail_cache.md
[cache] ER mirrored → /Users/barakwater/Downloads/Emergency Retrieval/gmail_cache.md
[done]  Cache ready at /Users/barakwater/Downloads/Claude Memory/gmail_cache.md
[start] gmail_cache_update — 2026-07-20T03:01:53
[fetch] Querying: after:1783936913 (last 7 days, max 50)
[fetch] Found 50 messages
[fetch]   10/50 processed...
[fetch]   20/50 processed...
[fetch]   30/50 processed...
[fetch]   40/50 processed...
[fetch]   50/50 processed...
[fetch] Parsed 50 messages
[cache] Written 58,621 chars → /Users/barakwater/Downloads/Claude Memory/gmail_cache.md
[cache] ER mirrored → /Users/barakwater/Downloads/Emergency Retrieval/gmail_cache.md
[done]  Cache ready at /Users/barakwater/Downloads/Claude Memory/gmail_cache.md
[start] gmail_cache_update — 2026-07-20T03:17:01
[auth] Token refreshed.
[fetch] Querying: after:1783937822 (last 7 days, max 50)
[fetch] Found 50 messages
[fetch]   10/50 processed...
[fetch]   20/50 processed...
[fetch]   30/50 processed...
[fetch]   40/50 processed...
[fetch]   50/50 processed...
[fetch] Parsed 50 messages
[cache] Written 60,749 chars → /Users/barakwater/Downloads/Claude Memory/gmail_cache.md
[cache] ER mirrored → /Users/barakwater/Downloads/Emergency Retrieval/gmail_cache.md
[done]  Cache ready at /Users/barakwater/Downloads/Claude Memory/gmail_cache.md
[start] gmail_cache_update — 2026-07-20T03:32:10
[fetch] Querying: after:1783938730 (last 7 days, max 50)
[fetch] Found 50 messages
[fetch]   10/50 processed...
[fetch]   20/50 processed...
[fetch]   30/50 processed...
[fetch]   40/50 processed...
[fetch]   50/50 processed...
[fetch] Parsed 50 messages
[cache] Written 60,753 chars → /Users/barakwater/Downloads/Claude Memory/gmail_cache.md
[cache] ER mirrored → /Users/barakwater/Downloads/Emergency Retrieval/gmail_cache.md
[done]  Cache ready at /Users/barakwater/Downloads/Claude Memory/gmail_cache.md
[start] gmail_cache_update — 2026-07-20T03:47:18
[fetch] Querying: after:1783939638 (last 7 days, max 50)
[fetch] Found 50 messages
[fetch]   10/50 processed...
[fetch]   20/50 processed...
[fetch]   30/50 processed...
[fetch]   40/50 processed...
[fetch]   50/50 processed...
[fetch] Parsed 50 messages
[cache] Written 62,058 chars → /Users/barakwater/Downloads/Claude Memory/gmail_cache.md
[cache] ER mirrored → /Users/barakwater/Downloads/Emergency Retrieval/gmail_cache.md
[done]  Cache ready at /Users/barakwater/Downloads/Claude Memory/gmail_cache.md
[start] gmail_cache_update — 2026-07-20T04:02:26
[fetch] Querying: after:1783940546 (last 7 days, max 50)
[fetch] Found 50 messages
[fetch]   10/50 processed...
[fetch]   20/50 processed...
[fetch]   30/50 processed...
[fetch]   40/50 processed...
[fetch]   50/50 processed...
[fetch] Parsed 50 messages
[cache] Written 60,620 chars → /Users/barakwater/Downloads/Claude Memory/gmail_cache.md
[cache] ER mirrored → /Users/barakwater/Downloads/Emergency Retrieval/gmail_cache.md
[done]  Cache ready at /Users/barakwater/Downloads/Claude Memory/gmail_cache.md
[start] gmail_cache_update — 2026-07-20T04:17:35
[auth] Token refreshed.
[fetch] Querying: after:1783941455 (last 7 days, max 50)
[fetch] Found 50 messages
[fetch]   10/50 processed...
[fetch]   20/50 processed...
[fetch]   30/50 processed...
[fetch]   40/50 processed...
[fetch]   50/50 processed...
[fetch] Parsed 50 messages
[cache] Written 59,055 chars → /Users/barakwater/Downloads/Claude Memory/gmail_cache.md
[cache] ER mirrored → /Users/barakwater/Downloads/Emergency Retrieval/gmail_cache.md
[done]  Cache ready at /Users/barakwater/Downloads/Claude Memory/gmail_cache.md
[start] gmail_cache_update — 2026-07-20T04:32:44
[fetch] Querying: after:1783942364 (last 7 days, max 50)
[fetch] Found 50 messages
[fetch]   10/50 processed...
[fetch]   20/50 processed...
[fetch]   30/50 processed...
[fetch]   40/50 processed...
[fetch]   50/50 processed...
[fetch] Parsed 50 messages
[cache] Written 59,117 chars → /Users/barakwater/Downloads/Claude Memory/gmail_cache.md
[cache] ER mirrored → /Users/barakwater/Downloads/Emergency Retrieval/gmail_cache.md
[done]  Cache ready at /Users/barakwater/Downloads/Claude Memory/gmail_cache.md
[start] gmail_cache_update — 2026-07-20T04:47:54
[fetch] Querying: after:1783943274 (last 7 days, max 50)
[fetch] Found 50 messages
[fetch]   10/50 processed...
[fetch]   20/50 processed...
[fetch]   30/50 processed...
[fetch]   40/50 processed...
[fetch]   50/50 processed...
[fetch] Parsed 50 messages
[cache] Written 59,117 chars → /Users/barakwater/Downloads/Claude Memory/gmail_cache.md
[cache] ER mirrored → /Users/barakwater/Downloads/Emergency Retrieval/gmail_cache.md
[done]  Cache ready at /Users/barakwater/Downloads/Claude Memory/gmail_cache.md
[start] gmail_cache_update — 2026-07-20T05:03:02
[fetch] Querying: after:1783944182 (last 7 days, max 50)
[fetch] Found 50 messages
[fetch]   10/50 processed...
[fetch]   20/50 processed...
[fetch]   30/50 processed...
[fetch]   40/50 processed...
[fetch]   50/50 processed...
[fetch] Parsed 50 messages
[cache] Written 59,129 chars → /Users/barakwater/Downloads/Claude Memory/gmail_cache.md
[cache] ER mirrored → /Users/barakwater/Downloads/Emergency Retrieval/gmail_cache.md
[done]  Cache ready at /Users/barakwater/Downloads/Claude Memory/gmail_cache.md
[start] gmail_cache_update — 2026-07-20T05:18:11
[auth] Token refreshed.
[fetch] Querying: after:1783945092 (last 7 days, max 50)
[fetch] Found 50 messages
[fetch]   10/50 processed...
[fetch]   20/50 processed...
[fetch]   30/50 processed...
[fetch]   40/50 processed...
[fetch]   50/50 processed...
[fetch] Parsed 50 messages
[cache] Written 62,093 chars → /Users/barakwater/Downloads/Claude Memory/gmail_cache.md
[cache] ER mirrored → /Users/barakwater/Downloads/Emergency Retrieval/gmail_cache.md
[done]  Cache ready at /Users/barakwater/Downloads/Claude Memory/gmail_cache.md
[start] gmail_cache_update — 2026-07-20T05:33:21
[fetch] Querying: after:1783946001 (last 7 days, max 50)
[fetch] Found 50 messages
[fetch]   10/50 processed...
[fetch]   20/50 processed...
[fetch]   30/50 processed...
[fetch]   40/50 processed...
[fetch]   50/50 processed...
[fetch] Parsed 50 messages
[cache] Written 62,158 chars → /Users/barakwater/Downloads/Claude Memory/gmail_cache.md
[cache] ER mirrored → /Users/barakwater/Downloads/Emergency Retrieval/gmail_cache.md
[done]  Cache ready at /Users/barakwater/Downloads/Claude Memory/gmail_cache.md
[start] gmail_cache_update — 2026-07-20T05:48:30
[fetch] Querying: after:1783946910 (last 7 days, max 50)
[fetch] Found 50 messages
[fetch]   10/50 processed...
[fetch]   20/50 processed...
[fetch]   30/50 processed...
[fetch]   40/50 processed...
[fetch]   50/50 processed...
[fetch] Parsed 50 messages
[cache] Written 63,632 chars → /Users/barakwater/Downloads/Claude Memory/gmail_cache.md
[cache] ER mirrored → /Users/barakwater/Downloads/Emergency Retrieval/gmail_cache.md
[done]  Cache ready at /Users/barakwater/Downloads/Claude Memory/gmail_cache.md
[start] gmail_cache_update — 2026-07-20T06:03:38
[fetch] Querying: after:1783947818 (last 7 days, max 50)
[fetch] Found 50 messages
[fetch]   10/50 processed...
[fetch]   20/50 processed...
[fetch]   30/50 processed...
[fetch]   40/50 processed...
[fetch]   50/50 processed...
[fetch] Parsed 50 messages
[cache] Written 62,122 chars → /Users/barakwater/Downloads/Claude Memory/gmail_cache.md
[cache] ER mirrored → /Users/barakwater/Downloads/Emergency Retrieval/gmail_cache.md
[done]  Cache ready at /Users/barakwater/Downloads/Claude Memory/gmail_cache.md
[start] gmail_cache_update — 2026-07-20T06:18:47
[auth] Token refreshed.
[fetch] Querying: after:1783948728 (last 7 days, max 50)
[fetch] Found 50 messages
[fetch]   10/50 processed...
[fetch]   20/50 processed...
[fetch]   30/50 processed...
[fetch]   40/50 processed...
[fetch]   50/50 processed...
[fetch] Parsed 50 messages
[cache] Written 64,977 chars → /Users/barakwater/Downloads/Claude Memory/gmail_cache.md
[cache] ER mirrored → /Users/barakwater/Downloads/Emergency Retrieval/gmail_cache.md
[done]  Cache ready at /Users/barakwater/Downloads/Claude Memory/gmail_cache.md
[start] gmail_cache_update — 2026-07-20T06:33:58
[fetch] Querying: after:1783949638 (last 7 days, max 50)
[fetch] Found 50 messages
[fetch]   10/50 processed...
[fetch]   20/50 processed...
[fetch]   30/50 processed...
[fetch]   40/50 processed...
[fetch]   50/50 processed...
[fetch] Parsed 50 messages
[cache] Written 63,517 chars → /Users/barakwater/Downloads/Claude Memory/gmail_cache.md
[cache] ER mirrored → /Users/barakwater/Downloads/Emergency Retrieval/gmail_cache.md
[done]  Cache ready at /Users/barakwater/Downloads/Claude Memory/gmail_cache.md
[start] gmail_cache_update — 2026-07-20T06:49:07
[fetch] Querying: after:1783950547 (last 7 days, max 50)
[fetch] Found 50 messages
[fetch]   10/50 processed...
[fetch]   20/50 processed...
[fetch]   30/50 processed...
[fetch]   40/50 processed...
[fetch]   50/50 processed...
[fetch] Parsed 50 messages
[cache] Written 66,429 chars → /Users/barakwater/Downloads/Claude Memory/gmail_cache.md
[cache] ER mirrored → /Users/barakwater/Downloads/Emergency Retrieval/gmail_cache.md
[done]  Cache ready at /Users/barakwater/Downloads/Claude Memory/gmail_cache.md
[start] gmail_cache_update — 2026-07-20T07:04:15
[fetch] Querying: after:1783951455 (last 7 days, max 50)
[fetch] Found 50 messages
[fetch]   10/50 processed...
[fetch]   20/50 processed...
[fetch]   30/50 processed...
[fetch]   40/50 processed...
[fetch]   50/50 processed...
[fetch] Parsed 50 messages
[cache] Written 66,472 chars → /Users/barakwater/Downloads/Claude Memory/gmail_cache.md
[cache] ER mirrored → /Users/barakwater/Downloads/Emergency Retrieval/gmail_cache.md
[done]  Cache ready at /Users/barakwater/Downloads/Claude Memory/gmail_cache.md
[start] gmail_cache_update — 2026-07-20T07:19:23
[auth] Token refreshed.
[fetch] Querying: after:1783952364 (last 7 days, max 50)
[fetch] Found 50 messages
[fetch]   10/50 processed...
[fetch]   20/50 processed...
[fetch]   30/50 processed...
[fetch]   40/50 processed...
[fetch]   50/50 processed...
[fetch] Parsed 50 messages
[cache] Written 65,326 chars → /Users/barakwater/Downloads/Claude Memory/gmail_cache.md
[cache] ER mirrored → /Users/barakwater/Downloads/Emergency Retrieval/gmail_cache.md
[done]  Cache ready at /Users/barakwater/Downloads/Claude Memory/gmail_cache.md
[start] gmail_cache_update — 2026-07-20T07:34:33
[fetch] Querying: after:1783953273 (last 7 days, max 50)
[fetch] Found 50 messages
[fetch]   10/50 processed...
[fetch]   20/50 processed...
[fetch]   30/50 processed...
[fetch]   40/50 processed...
[fetch]   50/50 processed...
[fetch] Parsed 50 messages
[cache] Written 66,147 chars → /Users/barakwater/Downloads/Claude Memory/gmail_cache.md
[cache] ER mirrored → /Users/barakwater/Downloads/Emergency Retrieval/gmail_cache.md
[done]  Cache ready at /Users/barakwater/Downloads/Claude Memory/gmail_cache.md
[start] gmail_cache_update — 2026-07-20T07:49:42
[fetch] Querying: after:1783954182 (last 7 days, max 50)
[fetch] Found 50 messages
[fetch]   10/50 processed...
[fetch]   20/50 processed...
[fetch]   30/50 processed...
[fetch]   40/50 processed...
[fetch]   50/50 processed...
[fetch] Parsed 50 messages
[cache] Written 66,039 chars → /Users/barakwater/Downloads/Claude Memory/gmail_cache.md
[cache] ER mirrored → /Users/barakwater/Downloads/Emergency Retrieval/gmail_cache.md
[done]  Cache ready at /Users/barakwater/Downloads/Claude Memory/gmail_cache.md
[start] gmail_cache_update — 2026-07-20T08:04:50
[fetch] Querying: after:1783955090 (last 7 days, max 50)
[fetch] Found 50 messages
[fetch]   10/50 processed...
[fetch]   20/50 processed...
[fetch]   30/50 processed...
[fetch]   40/50 processed...
[fetch]   50/50 processed...
[fetch] Parsed 50 messages
[cache] Written 66,039 chars → /Users/barakwater/Downloads/Claude Memory/gmail_cache.md
[cache] ER mirrored → /Users/barakwater/Downloads/Emergency Retrieval/gmail_cache.md
[done]  Cache ready at /Users/barakwater/Downloads/Claude Memory/gmail_cache.md
[start] gmail_cache_update — 2026-07-20T08:20:02
[auth] Token refreshed.
[fetch] Querying: after:1783956002 (last 7 days, max 50)
[fetch] Found 50 messages
[fetch]   10/50 processed...
[fetch]   20/50 processed...
[fetch]   30/50 processed...
[fetch]   40/50 processed...
[fetch]   50/50 processed...
[fetch] Parsed 50 messages
[cache] Written 67,534 chars → /Users/barakwater/Downloads/Claude Memory/gmail_cache.md
[cache] ER mirrored → /Users/barakwater/Downloads/Emergency Retrieval/gmail_cache.md
[done]  Cache ready at /Users/barakwater/Downloads/Claude Memory/gmail_cache.md
[start] gmail_cache_update — 2026-07-20T08:35:10
[fetch] Querying: after:1783956910 (last 7 days, max 50)
[fetch] Found 50 messages
[fetch]   10/50 processed...
[fetch]   20/50 processed...
[fetch]   30/50 processed...
[fetch]   40/50 processed...
[fetch]   50/50 processed...
[fetch] Parsed 50 messages
[cache] Written 66,037 chars → /Users/barakwater/Downloads/Claude Memory/gmail_cache.md
[cache] ER mirrored → /Users/barakwater/Downloads/Emergency Retrieval/gmail_cache.md
[done]  Cache ready at /Users/barakwater/Downloads/Claude Memory/gmail_cache.md
[start] gmail_cache_update — 2026-07-20T08:50:21
[fetch] Querying: after:1783957821 (last 7 days, max 50)
[fetch] Found 50 messages
[fetch]   10/50 processed...
[fetch]   20/50 processed...
[fetch]   30/50 processed...
[fetch]   40/50 processed...
[fetch]   50/50 processed...
[fetch] Parsed 50 messages
[cache] Written 64,640 chars → /Users/barakwater/Downloads/Claude Memory/gmail_cache.md
[cache] ER mirrored → /Users/barakwater/Downloads/Emergency Retrieval/gmail_cache.md
[done]  Cache ready at /Users/barakwater/Downloads/Claude Memory/gmail_cache.md
[start] gmail_cache_update — 2026-07-20T09:05:29
[fetch] Querying: after:1783958729 (last 7 days, max 50)
[fetch] Found 50 messages
[fetch]   10/50 processed...
[fetch]   20/50 processed...
[fetch]   30/50 processed...
[fetch]   40/50 processed...
[fetch]   50/50 processed...
[fetch] Parsed 50 messages
[cache] Written 69,010 chars → /Users/barakwater/Downloads/Claude Memory/gmail_cache.md
[cache] ER mirrored → /Users/barakwater/Downloads/Emergency Retrieval/gmail_cache.md
[done]  Cache ready at /Users/barakwater/Downloads/Claude Memory/gmail_cache.md
[start] gmail_cache_update — 2026-07-20T09:20:38
[auth] Token refreshed.
[fetch] Querying: after:1783959639 (last 7 days, max 50)
[fetch] Found 50 messages
[fetch]   10/50 processed...
[fetch]   20/50 processed...
[fetch]   30/50 processed...
[fetch]   40/50 processed...
[fetch]   50/50 processed...
[fetch] Parsed 50 messages
[cache] Written 67,447 chars → /Users/barakwater/Downloads/Claude Memory/gmail_cache.md
[cache] ER mirrored → /Users/barakwater/Downloads/Emergency Retrieval/gmail_cache.md
[done]  Cache ready at /Users/barakwater/Downloads/Claude Memory/gmail_cache.md
[start] gmail_cache_update — 2026-07-20T09:35:48
[fetch] Querying: after:1783960548 (last 7 days, max 50)
[fetch] Found 50 messages
[fetch]   10/50 processed...
[fetch]   20/50 processed...
[fetch]   30/50 processed...
[fetch]   40/50 processed...
[fetch]   50/50 processed...
[fetch] Parsed 50 messages
[cache] Written 65,859 chars → /Users/barakwater/Downloads/Claude Memory/gmail_cache.md
[cache] ER mirrored → /Users/barakwater/Downloads/Emergency Retrieval/gmail_cache.md
[done]  Cache ready at /Users/barakwater/Downloads/Claude Memory/gmail_cache.md
[start] gmail_cache_update — 2026-07-20T09:50:57
[fetch] Querying: after:1783961457 (last 7 days, max 50)
[fetch] Found 50 messages
[fetch]   10/50 processed...
[fetch]   20/50 processed...
[fetch]   30/50 processed...
[fetch]   40/50 processed...
[fetch]   50/50 processed...
[fetch] Parsed 50 messages
[cache] Written 65,863 chars → /Users/barakwater/Downloads/Claude Memory/gmail_cache.md
[cache] ER mirrored → /Users/barakwater/Downloads/Emergency Retrieval/gmail_cache.md
[done]  Cache ready at /Users/barakwater/Downloads/Claude Memory/gmail_cache.md
[start] gmail_cache_update — 2026-07-20T10:06:06
[fetch] Querying: after:1783962366 (last 7 days, max 50)
[fetch] Found 50 messages
[fetch]   10/50 processed...
[fetch]   20/50 processed...
[fetch]   30/50 processed...
[fetch]   40/50 processed...
[fetch]   50/50 processed...
[fetch] Parsed 50 messages
[cache] Written 64,261 chars → /Users/barakwater/Downloads/Claude Memory/gmail_cache.md
[cache] ER mirrored → /Users/barakwater/Downloads/Emergency Retrieval/gmail_cache.md
[done]  Cache ready at /Users/barakwater/Downloads/Claude Memory/gmail_cache.md
[start] gmail_cache_update — 2026-07-20T10:21:15
[auth] Token refreshed.
[fetch] Querying: after:1783963275 (last 7 days, max 50)
[fetch] Found 50 messages
[fetch]   10/50 processed...
[fetch]   20/50 processed...
[fetch]   30/50 processed...
[fetch]   40/50 processed...
[fetch]   50/50 processed...
[fetch] Parsed 50 messages
[cache] Written 60,076 chars → /Users/barakwater/Downloads/Claude Memory/gmail_cache.md
[cache] ER mirrored → /Users/barakwater/Downloads/Emergency Retrieval/gmail_cache.md
[done]  Cache ready at /Users/barakwater/Downloads/Claude Memory/gmail_cache.md
[start] gmail_cache_update — 2026-07-20T10:36:24
[fetch] Querying: after:1783964184 (last 7 days, max 50)
[fetch] Found 50 messages
[fetch]   10/50 processed...
[fetch]   20/50 processed...
[fetch]   30/50 processed...
[fetch]   40/50 processed...
[fetch]   50/50 processed...
[fetch] Parsed 50 messages
[cache] Written 59,468 chars → /Users/barakwater/Downloads/Claude Memory/gmail_cache.md
[cache] ER mirrored → /Users/barakwater/Downloads/Emergency Retrieval/gmail_cache.md
[done]  Cache ready at /Users/barakwater/Downloads/Claude Memory/gmail_cache.md
[start] gmail_cache_update — 2026-07-20T10:51:32
[fetch] Querying: after:1783965092 (last 7 days, max 50)
[fetch] Found 50 messages
[fetch]   10/50 processed...
[fetch]   20/50 processed...
[fetch]   30/50 processed...
[fetch]   40/50 processed...
[fetch]   50/50 processed...
[fetch] Parsed 50 messages
[cache] Written 60,797 chars → /Users/barakwater/Downloads/Claude Memory/gmail_cache.md
[cache] ER mirrored → /Users/barakwater/Downloads/Emergency Retrieval/gmail_cache.md
[done]  Cache ready at /Users/barakwater/Downloads/Claude Memory/gmail_cache.md
[start] gmail_cache_update — 2026-07-20T11:06:41
[fetch] Querying: after:1783966001 (last 7 days, max 50)
[fetch] Found 50 messages
[fetch]   10/50 processed...
[fetch]   20/50 processed...
[fetch]   30/50 processed...
[fetch]   40/50 processed...
[fetch]   50/50 processed...
[fetch] Parsed 50 messages
[cache] Written 59,355 chars → /Users/barakwater/Downloads/Claude Memory/gmail_cache.md
[cache] ER mirrored → /Users/barakwater/Downloads/Emergency Retrieval/gmail_cache.md
[done]  Cache ready at /Users/barakwater/Downloads/Claude Memory/gmail_cache.md
[start] gmail_cache_update — 2026-07-20T11:21:51
[auth] Token refreshed.
[fetch] Querying: after:1783966911 (last 7 days, max 50)
[fetch] Found 50 messages
[fetch]   10/50 processed...
[fetch]   20/50 processed...
[fetch]   30/50 processed...
[fetch]   40/50 processed...
[fetch]   50/50 processed...
[fetch] Parsed 50 messages
[cache] Written 56,424 chars → /Users/barakwater/Downloads/Claude Memory/gmail_cache.md
[cache] ER mirrored → /Users/barakwater/Downloads/Emergency Retrieval/gmail_cache.md
[done]  Cache ready at /Users/barakwater/Downloads/Claude Memory/gmail_cache.md
[start] gmail_cache_update — 2026-07-20T11:37:00
[fetch] Querying: after:1783967820 (last 7 days, max 50)
[fetch] Found 50 messages
[fetch]   10/50 processed...
[fetch]   20/50 processed...
[fetch]   30/50 processed...
[fetch]   40/50 processed...
[fetch]   50/50 processed...
[fetch] Parsed 50 messages
[cache] Written 59,589 chars → /Users/barakwater/Downloads/Claude Memory/gmail_cache.md
[cache] ER mirrored → /Users/barakwater/Downloads/Emergency Retrieval/gmail_cache.md
[done]  Cache ready at /Users/barakwater/Downloads/Claude Memory/gmail_cache.md
[start] gmail_cache_update — 2026-07-20T11:52:08
[fetch] Querying: after:1783968728 (last 7 days, max 50)
[fetch] Found 50 messages
[fetch]   10/50 processed...
[fetch]   20/50 processed...
[fetch]   30/50 processed...
[fetch]   40/50 processed...
[fetch]   50/50 processed...
[fetch] Parsed 50 messages
[cache] Written 61,000 chars → /Users/barakwater/Downloads/Claude Memory/gmail_cache.md
[cache] ER mirrored → /Users/barakwater/Downloads/Emergency Retrieval/gmail_cache.md
[done]  Cache ready at /Users/barakwater/Downloads/Claude Memory/gmail_cache.md
[start] gmail_cache_update — 2026-07-20T12:07:16
[fetch] Querying: after:1783969636 (last 7 days, max 50)
[fetch] Found 50 messages
[fetch]   10/50 processed...
[fetch]   20/50 processed...
[fetch]   30/50 processed...
[fetch]   40/50 processed...
[fetch]   50/50 processed...
[fetch] Parsed 50 messages
[cache] Written 60,785 chars → /Users/barakwater/Downloads/Claude Memory/gmail_cache.md
[cache] ER mirrored → /Users/barakwater/Downloads/Emergency Retrieval/gmail_cache.md
[done]  Cache ready at /Users/barakwater/Downloads/Claude Memory/gmail_cache.md
[start] gmail_cache_update — 2026-07-20T12:22:25
[auth] Token refreshed.
[fetch] Querying: after:1783970545 (last 7 days, max 50)
[fetch] Found 50 messages
[fetch]   10/50 processed...
[fetch]   20/50 processed...
[fetch]   30/50 processed...
[fetch]   40/50 processed...
[fetch]   50/50 processed...
[fetch] Parsed 50 messages
[cache] Written 59,222 chars → /Users/barakwater/Downloads/Claude Memory/gmail_cache.md
[cache] ER mirrored → /Users/barakwater/Downloads/Emergency Retrieval/gmail_cache.md
[done]  Cache ready at /Users/barakwater/Downloads/Claude Memory/gmail_cache.md
[start] gmail_cache_update — 2026-07-20T12:37:33
[fetch] Querying: after:1783971453 (last 7 days, max 50)
[fetch] Found 50 messages
[fetch]   10/50 processed...
[fetch]   20/50 processed...
[fetch]   30/50 processed...
[fetch]   40/50 processed...
[fetch]   50/50 processed...
[fetch] Parsed 50 messages
[cache] Written 56,238 chars → /Users/barakwater/Downloads/Claude Memory/gmail_cache.md
[cache] ER mirrored → /Users/barakwater/Downloads/Emergency Retrieval/gmail_cache.md
[done]  Cache ready at /Users/barakwater/Downloads/Claude Memory/gmail_cache.md
[start] gmail_cache_update — 2026-07-20T12:52:42
[fetch] Querying: after:1783972362 (last 7 days, max 50)
[fetch] ERROR listing messages: Unable to find the server at gmail.googleapis.com
[cache] Written 137 chars → /Users/barakwater/Downloads/Claude Memory/gmail_cache.md
[cache] ER mirrored → /Users/barakwater/Downloads/Emergency Retrieval/gmail_cache.md
[done]  Cache ready at /Users/barakwater/Downloads/Claude Memory/gmail_cache.md
[start] gmail_cache_update — 2026-07-20T13:08:12
[fetch] Querying: after:1783973292 (last 7 days, max 50)
[fetch] Found 50 messages
[fetch]   10/50 processed...
[fetch]   20/50 processed...
[fetch]   30/50 processed...
[fetch]   40/50 processed...
[fetch]   50/50 processed...
[fetch] Parsed 50 messages
[cache] Written 54,289 chars → /Users/barakwater/Downloads/Claude Memory/gmail_cache.md
[cache] ER mirrored → /Users/barakwater/Downloads/Emergency Retrieval/gmail_cache.md
[done]  Cache ready at /Users/barakwater/Downloads/Claude Memory/gmail_cache.md
[start] gmail_cache_update — 2026-07-20T13:23:20
[auth] Token refreshed.
[fetch] Querying: after:1783974201 (last 7 days, max 50)
[fetch] Found 50 messages
[fetch]   10/50 processed...
[fetch]   20/50 processed...
[fetch]   30/50 processed...
[fetch]   40/50 processed...
[fetch]   50/50 processed...
[fetch] Parsed 50 messages
[cache] Written 54,289 chars → /Users/barakwater/Downloads/Claude Memory/gmail_cache.md
[cache] ER mirrored → /Users/barakwater/Downloads/Emergency Retrieval/gmail_cache.md
[done]  Cache ready at /Users/barakwater/Downloads/Claude Memory/gmail_cache.md
[start] gmail_cache_update — 2026-07-20T13:38:30
[fetch] Querying: after:1783975110 (last 7 days, max 50)
[fetch] Found 50 messages
[fetch]   10/50 processed...
[fetch]   20/50 processed...
[fetch]   30/50 processed...
[fetch]   40/50 processed...
[fetch]   50/50 processed...
[fetch] Parsed 50 messages
[cache] Written 55,600 chars → /Users/barakwater/Downloads/Claude Memory/gmail_cache.md
[cache] ER mirrored → /Users/barakwater/Downloads/Emergency Retrieval/gmail_cache.md
[done]  Cache ready at /Users/barakwater/Downloads/Claude Memory/gmail_cache.md
[start] gmail_cache_update — 2026-07-20T13:53:40
[fetch] Querying: after:1783976020 (last 7 days, max 50)
[fetch] Found 50 messages
[fetch]   10/50 processed...
[fetch]   20/50 processed...
[fetch]   30/50 processed...
[fetch]   40/50 processed...
[fetch]   50/50 processed...
[fetch] Parsed 50 messages
[cache] Written 52,585 chars → /Users/barakwater/Downloads/Claude Memory/gmail_cache.md
[cache] ER mirrored → /Users/barakwater/Downloads/Emergency Retrieval/gmail_cache.md
[done]  Cache ready at /Users/barakwater/Downloads/Claude Memory/gmail_cache.md
[start] gmail_cache_update — 2026-07-20T14:08:50
[fetch] Querying: after:1783976930 (last 7 days, max 50)
[fetch] Found 50 messages
[fetch]   10/50 processed...
[fetch]   20/50 processed...
[fetch]   30/50 processed...
[fetch]   40/50 processed...
[fetch]   50/50 processed...
[fetch] Parsed 50 messages
[cache] Written 52,519 chars → /Users/barakwater/Downloads/Claude Memory/gmail_cache.md
[cache] ER mirrored → /Users/barakwater/Downloads/Emergency Retrieval/gmail_cache.md
[done]  Cache ready at /Users/barakwater/Downloads/Claude Memory/gmail_cache.md
[start] gmail_cache_update — 2026-07-20T14:23:58
[auth] Token refreshed.
[fetch] Querying: after:1783977839 (last 7 days, max 50)
[fetch] Found 50 messages
[fetch]   10/50 processed...
[fetch]   20/50 processed...
[fetch]   30/50 processed...
[fetch]   40/50 processed...
[fetch]   50/50 processed...
[fetch] Parsed 50 messages
[cache] Written 54,025 chars → /Users/barakwater/Downloads/Claude Memory/gmail_cache.md
[cache] ER mirrored → /Users/barakwater/Downloads/Emergency Retrieval/gmail_cache.md
[done]  Cache ready at /Users/barakwater/Downloads/Claude Memory/gmail_cache.md
[start] gmail_cache_update — 2026-07-20T14:39:08
[fetch] Querying: after:1783978748 (last 7 days, max 50)
[fetch] Found 50 messages
[fetch]   10/50 processed...
[fetch]   20/50 processed...
[fetch]   30/50 processed...
[fetch]   40/50 processed...
[fetch]   50/50 processed...
[fetch] Parsed 50 messages
[cache] Written 55,591 chars → /Users/barakwater/Downloads/Claude Memory/gmail_cache.md
[cache] ER mirrored → /Users/barakwater/Downloads/Emergency Retrieval/gmail_cache.md
[done]  Cache ready at /Users/barakwater/Downloads/Claude Memory/gmail_cache.md
[start] gmail_cache_update — 2026-07-20T14:54:31
[fetch] Querying: after:1783979671 (last 7 days, max 50)
[fetch] Found 50 messages
[fetch]   10/50 processed...
[fetch]   20/50 processed...
[fetch]   30/50 processed...
[fetch]   40/50 processed...
[fetch]   50/50 processed...
[fetch] Parsed 50 messages
[cache] Written 55,591 chars → /Users/barakwater/Downloads/Claude Memory/gmail_cache.md
[cache] ER mirrored → /Users/barakwater/Downloads/Emergency Retrieval/gmail_cache.md
[done]  Cache ready at /Users/barakwater/Downloads/Claude Memory/gmail_cache.md
[start] gmail_cache_update — 2026-07-20T15:09:40
[fetch] Querying: after:1783980580 (last 7 days, max 50)
[fetch] Found 50 messages
[fetch]   10/50 processed...
[fetch]   20/50 processed...
[fetch]   30/50 processed...
[fetch]   40/50 processed...
[fetch]   50/50 processed...
[fetch] Parsed 50 messages
[cache] Written 54,037 chars → /Users/barakwater/Downloads/Claude Memory/gmail_cache.md
[cache] ER mirrored → /Users/barakwater/Downloads/Emergency Retrieval/gmail_cache.md
[done]  Cache ready at /Users/barakwater/Downloads/Claude Memory/gmail_cache.md
[start] gmail_cache_update — 2026-07-20T15:24:48
[auth] Token refreshed.
[fetch] Querying: after:1783981488 (last 7 days, max 50)
[fetch] Found 50 messages
[fetch]   10/50 processed...
[fetch]   20/50 processed...
[fetch]   30/50 processed...
[fetch]   40/50 processed...
[fetch]   50/50 processed...
[fetch] Parsed 50 messages
[cache] Written 55,502 chars → /Users/barakwater/Downloads/Claude Memory/gmail_cache.md
[cache] ER mirrored → /Users/barakwater/Downloads/Emergency Retrieval/gmail_cache.md
[done]  Cache ready at /Users/barakwater/Downloads/Claude Memory/gmail_cache.md
[start] gmail_cache_update — 2026-07-20T15:39:57
[fetch] Querying: after:1783982397 (last 7 days, max 50)
[fetch] Found 50 messages
[fetch]   10/50 processed...
[fetch]   20/50 processed...
[fetch]   30/50 processed...
[fetch]   40/50 processed...
[fetch]   50/50 processed...
[fetch] Parsed 50 messages
[cache] Written 54,065 chars → /Users/barakwater/Downloads/Claude Memory/gmail_cache.md
[cache] ER mirrored → /Users/barakwater/Downloads/Emergency Retrieval/gmail_cache.md
[done]  Cache ready at /Users/barakwater/Downloads/Claude Memory/gmail_cache.md
[start] gmail_cache_update — 2026-07-20T15:55:07
[fetch] Querying: after:1783983307 (last 7 days, max 50)
[fetch] Found 50 messages
[fetch]   10/50 processed...
[fetch]   20/50 processed...
[fetch]   30/50 processed...
[fetch]   40/50 processed...
[fetch]   50/50 processed...
[fetch] Parsed 50 messages
[cache] Written 57,060 chars → /Users/barakwater/Downloads/Claude Memory/gmail_cache.md
[cache] ER mirrored → /Users/barakwater/Downloads/Emergency Retrieval/gmail_cache.md
[done]  Cache ready at /Users/barakwater/Downloads/Claude Memory/gmail_cache.md
[start] gmail_cache_update — 2026-07-20T16:10:17
[fetch] Querying: after:1783984217 (last 7 days, max 50)
[fetch] Found 50 messages
[fetch]   10/50 processed...
[fetch]   20/50 processed...
[fetch]   30/50 processed...
[fetch]   40/50 processed...
[fetch]   50/50 processed...
[fetch] Parsed 50 messages
[cache] Written 57,060 chars → /Users/barakwater/Downloads/Claude Memory/gmail_cache.md
[cache] ER mirrored → /Users/barakwater/Downloads/Emergency Retrieval/gmail_cache.md
[done]  Cache ready at /Users/barakwater/Downloads/Claude Memory/gmail_cache.md
[start] gmail_cache_update — 2026-07-20T16:25:26
[auth] Token refreshed.
[fetch] Querying: after:1783985126 (last 7 days, max 50)
[fetch] Found 50 messages
[fetch]   10/50 processed...
[fetch]   20/50 processed...
[fetch]   30/50 processed...
[fetch]   40/50 processed...
[fetch]   50/50 processed...
[fetch] Parsed 50 messages
[cache] Written 58,412 chars → /Users/barakwater/Downloads/Claude Memory/gmail_cache.md
[cache] ER mirrored → /Users/barakwater/Downloads/Emergency Retrieval/gmail_cache.md
[done]  Cache ready at /Users/barakwater/Downloads/Claude Memory/gmail_cache.md
[start] gmail_cache_update — 2026-07-20T16:40:35
[fetch] Querying: after:1783986035 (last 7 days, max 50)
[fetch] Found 50 messages
[fetch]   10/50 processed...
[fetch]   20/50 processed...
[fetch]   30/50 processed...
[fetch]   40/50 processed...
[fetch]   50/50 processed...
[fetch] Parsed 50 messages
[cache] Written 56,893 chars → /Users/barakwater/Downloads/Claude Memory/gmail_cache.md
[cache] ER mirrored → /Users/barakwater/Downloads/Emergency Retrieval/gmail_cache.md
[done]  Cache ready at /Users/barakwater/Downloads/Claude Memory/gmail_cache.md
[start] gmail_cache_update — 2026-07-20T16:55:43
[fetch] Querying: after:1783986943 (last 7 days, max 50)
[fetch] Found 50 messages
[fetch]   10/50 processed...
[fetch]   20/50 processed...
[fetch]   30/50 processed...
[fetch]   40/50 processed...
[fetch]   50/50 processed...
[fetch] Parsed 50 messages
[cache] Written 55,541 chars → /Users/barakwater/Downloads/Claude Memory/gmail_cache.md
[cache] ER mirrored → /Users/barakwater/Downloads/Emergency Retrieval/gmail_cache.md
[done]  Cache ready at /Users/barakwater/Downloads/Claude Memory/gmail_cache.md
[start] gmail_cache_update — 2026-07-20T17:10:53
[fetch] Querying: after:1783987853 (last 7 days, max 50)
[fetch] Found 50 messages
[fetch]   10/50 processed...
[fetch]   20/50 processed...
[fetch]   30/50 processed...
[fetch]   40/50 processed...
[fetch]   50/50 processed...
[fetch] Parsed 50 messages
[cache] Written 55,541 chars → /Users/barakwater/Downloads/Claude Memory/gmail_cache.md
[cache] ER mirrored → /Users/barakwater/Downloads/Emergency Retrieval/gmail_cache.md
[done]  Cache ready at /Users/barakwater/Downloads/Claude Memory/gmail_cache.md
[start] gmail_cache_update — 2026-07-20T17:26:04
[auth] Token refreshed.
[fetch] Querying: after:1783988764 (last 7 days, max 50)
[fetch] Found 50 messages
[fetch]   10/50 processed...
[fetch]   20/50 processed...
[fetch]   30/50 processed...
[fetch]   40/50 processed...
[fetch]   50/50 processed...
[fetch] Parsed 50 messages
[cache] Written 53,994 chars → /Users/barakwater/Downloads/Claude Memory/gmail_cache.md
[cache] ER mirrored → /Users/barakwater/Downloads/Emergency Retrieval/gmail_cache.md
[done]  Cache ready at /Users/barakwater/Downloads/Claude Memory/gmail_cache.md
[start] gmail_cache_update — 2026-07-20T17:41:15
[fetch] Querying: after:1783989675 (last 7 days, max 50)
[fetch] Found 50 messages
[fetch]   10/50 processed...
[fetch]   20/50 processed...
[fetch]   30/50 processed...
[fetch]   40/50 processed...
[fetch]   50/50 processed...
[fetch] Parsed 50 messages
[cache] Written 55,086 chars → /Users/barakwater/Downloads/Claude Memory/gmail_cache.md
[cache] ER mirrored → /Users/barakwater/Downloads/Emergency Retrieval/gmail_cache.md
[done]  Cache ready at /Users/barakwater/Downloads/Claude Memory/gmail_cache.md
[start] gmail_cache_update — 2026-07-20T17:56:23
[fetch] Querying: after:1783990583 (last 7 days, max 50)
[fetch] Found 50 messages
[fetch]   10/50 processed...
[fetch]   20/50 processed...
[fetch]   30/50 processed...
[fetch]   40/50 processed...
[fetch]   50/50 processed...
[fetch] Parsed 50 messages
[cache] Written 56,808 chars → /Users/barakwater/Downloads/Claude Memory/gmail_cache.md
[cache] ER mirrored → /Users/barakwater/Downloads/Emergency Retrieval/gmail_cache.md
[done]  Cache ready at /Users/barakwater/Downloads/Claude Memory/gmail_cache.md
[start] gmail_cache_update — 2026-07-20T18:11:31
[fetch] Querying: after:1783991491 (last 7 days, max 50)
[fetch] Found 50 messages
[fetch]   10/50 processed...
[fetch]   20/50 processed...
[fetch]   30/50 processed...
[fetch]   40/50 processed...
[fetch]   50/50 processed...
[fetch] Parsed 50 messages
[cache] Written 56,808 chars → /Users/barakwater/Downloads/Claude Memory/gmail_cache.md
[cache] ER mirrored → /Users/barakwater/Downloads/Emergency Retrieval/gmail_cache.md
[done]  Cache ready at /Users/barakwater/Downloads/Claude Memory/gmail_cache.md
[start] gmail_cache_update — 2026-07-20T18:26:39
[auth] Token refreshed.
[fetch] Querying: after:1783992399 (last 7 days, max 50)
[fetch] Found 50 messages
[fetch]   10/50 processed...
[fetch]   20/50 processed...
[fetch]   30/50 processed...
[fetch]   40/50 processed...
[fetch]   50/50 processed...
[fetch] Parsed 50 messages
[cache] Written 56,808 chars → /Users/barakwater/Downloads/Claude Memory/gmail_cache.md
[cache] ER mirrored → /Users/barakwater/Downloads/Emergency Retrieval/gmail_cache.md
[done]  Cache ready at /Users/barakwater/Downloads/Claude Memory/gmail_cache.md
[start] gmail_cache_update — 2026-07-20T18:41:47
[fetch] Querying: after:1783993307 (last 7 days, max 50)
[fetch] Found 50 messages
[fetch]   10/50 processed...
[fetch]   20/50 processed...
[fetch]   30/50 processed...
[fetch]   40/50 processed...
[fetch]   50/50 processed...
[fetch] Parsed 50 messages
[cache] Written 59,799 chars → /Users/barakwater/Downloads/Claude Memory/gmail_cache.md
[cache] ER mirrored → /Users/barakwater/Downloads/Emergency Retrieval/gmail_cache.md
[done]  Cache ready at /Users/barakwater/Downloads/Claude Memory/gmail_cache.md
[start] gmail_cache_update — 2026-07-20T18:56:56
[fetch] Querying: after:1783994216 (last 7 days, max 50)
[fetch] Found 50 messages
[fetch]   10/50 processed...
[fetch]   20/50 processed...
[fetch]   30/50 processed...
[fetch]   40/50 processed...
[fetch]   50/50 processed...
[fetch] Parsed 50 messages
[cache] Written 61,289 chars → /Users/barakwater/Downloads/Claude Memory/gmail_cache.md
[cache] ER mirrored → /Users/barakwater/Downloads/Emergency Retrieval/gmail_cache.md
[done]  Cache ready at /Users/barakwater/Downloads/Claude Memory/gmail_cache.md
[start] gmail_cache_update — 2026-07-20T19:12:05
[fetch] Querying: after:1783995125 (last 7 days, max 50)
[fetch] Found 50 messages
[fetch]   10/50 processed...
[fetch]   20/50 processed...
[fetch]   30/50 processed...
[fetch]   40/50 processed...
[fetch]   50/50 processed...
[fetch] Parsed 50 messages
[cache] Written 62,747 chars → /Users/barakwater/Downloads/Claude Memory/gmail_cache.md
[cache] ER mirrored → /Users/barakwater/Downloads/Emergency Retrieval/gmail_cache.md
[done]  Cache ready at /Users/barakwater/Downloads/Claude Memory/gmail_cache.md
[start] gmail_cache_update — 2026-07-20T19:27:14
[auth] Token refreshed.
[fetch] Querying: after:1783996034 (last 7 days, max 50)
[fetch] Found 50 messages
[fetch]   10/50 processed...
[fetch]   20/50 processed...
[fetch]   30/50 processed...
[fetch]   40/50 processed...
[fetch]   50/50 processed...
[fetch] Parsed 50 messages
[cache] Written 61,898 chars → /Users/barakwater/Downloads/Claude Memory/gmail_cache.md
[cache] ER mirrored → /Users/barakwater/Downloads/Emergency Retrieval/gmail_cache.md
[done]  Cache ready at /Users/barakwater/Downloads/Claude Memory/gmail_cache.md
[start] gmail_cache_update — 2026-07-20T19:42:22
[fetch] Querying: after:1783996942 (last 7 days, max 50)
[fetch] Found 50 messages
[fetch]   10/50 processed...
[fetch]   20/50 processed...
[fetch]   30/50 processed...
[fetch]   40/50 processed...
[fetch]   50/50 processed...
[fetch] Parsed 50 messages
[cache] Written 63,397 chars → /Users/barakwater/Downloads/Claude Memory/gmail_cache.md
[cache] ER mirrored → /Users/barakwater/Downloads/Emergency Retrieval/gmail_cache.md
[done]  Cache ready at /Users/barakwater/Downloads/Claude Memory/gmail_cache.md
[start] gmail_cache_update — 2026-07-20T19:57:31
[fetch] Querying: after:1783997851 (last 7 days, max 50)
[fetch] Found 50 messages
[fetch]   10/50 processed...
[fetch]   20/50 processed...
[fetch]   30/50 processed...
[fetch]   40/50 processed...
[fetch]   50/50 processed...
[fetch] Parsed 50 messages
[cache] Written 63,397 chars → /Users/barakwater/Downloads/Claude Memory/gmail_cache.md
[cache] ER mirrored → /Users/barakwater/Downloads/Emergency Retrieval/gmail_cache.md
[done]  Cache ready at /Users/barakwater/Downloads/Claude Memory/gmail_cache.md
[start] gmail_cache_update — 2026-07-20T20:12:57
[fetch] Querying: after:1783998777 (last 7 days, max 50)
[fetch] Found 50 messages
[fetch]   10/50 processed...
[fetch]   20/50 processed...
[fetch]   30/50 processed...
[fetch]   40/50 processed...
[fetch]   50/50 processed...
[fetch] Parsed 50 messages
[cache] Written 63,397 chars → /Users/barakwater/Downloads/Claude Memory/gmail_cache.md
[cache] ER mirrored → /Users/barakwater/Downloads/Emergency Retrieval/gmail_cache.md
[done]  Cache ready at /Users/barakwater/Downloads/Claude Memory/gmail_cache.md
[start] gmail_cache_update — 2026-07-20T20:28:08
[auth] Token refreshed.
[fetch] Querying: after:1783999688 (last 7 days, max 50)
[fetch] Found 50 messages
[fetch]   10/50 processed...
[fetch]   20/50 processed...
[fetch]   30/50 processed...
[fetch]   40/50 processed...
[fetch]   50/50 processed...
[fetch] Parsed 50 messages
[cache] Written 63,472 chars → /Users/barakwater/Downloads/Claude Memory/gmail_cache.md
[cache] ER mirrored → /Users/barakwater/Downloads/Emergency Retrieval/gmail_cache.md
[done]  Cache ready at /Users/barakwater/Downloads/Claude Memory/gmail_cache.md
